0,0,0,1,-11,-2,5,-25,-5,8,-35,-7,7,-44,-8,5,-25,-9,18,-27,-13,16,-23,-15,11,-22,-15,5,-16,-10,20,-18,-14,17,-15,-13,11,-14,-13,6,-7,-11,20,-9,-14,17,-7,-12,12,-6,-10,8,1,-12,19,-1,-14,16,0,-12,12,1,-12,0,0,0,6,-10,-8,10,-19,-14,17,-25,-18,26,-28,-24,-3,-16,-13,-10,-18,-19,-16,-20,-23,-21,-21,-26,-10,-10,-12,-18,-13,-16,-23,-16,-19,-28,-18,-21,-14,-5,-11,-22,-8,-14,-26,-10,-16,-31,-12,-17,-17,-1,-10,-23,-4,-12,-27,-5,-13,-31,-7,-14,HELP
0,0,0,1,-11,-2,6,-24,-5,9,-34,-7,8,-43,-8,5,-24,-9,20,-27,-13,18,-22,-14,13,-20,-15,5,-16,-10,21,-18,-13,18,-14,-12,13,-13,-12,6,-7,-11,21,-9,-13,18,-6,-10,13,-5,-9,7,1,-12,19,-1,-13,17,1,-11,12,2,-10,0,0,0,6,-10,-8,10,-18,-14,17,-25,-19,26,-28,-24,-2,-14,-14,-9,-18,-20,-15,-20,-24,-21,-21,-26,-9,-9,-13,-18,-13,-17,-24,-16,-20,-29,-18,-21,-14,-5,-11,-22,-9,-15,-27,-12,-17,-32,-15,-18,-17,-2,-11,-23,-5,-13,-28,-8,-14,-32,-11,-14,HELP
0,0,0,1,-11,-2,6,-24,-5,9,-34,-8,8,-43,-10,5,-24,-11,20,-28,-15,19,-23,-16,14,-21,-15,5,-16,-11,22,-19,-15,19,-15,-13,14,-13,-12,6,-7,-12,22,-10,-14,19,-7,-11,15,-5,-9,8,2,-13,20,-1,-14,18,0,-12,14,1,-10,0,0,0,4,-9,-9,8,-18,-15,15,-25,-20,24,-28,-26,-6,-15,-15,-13,-18,-20,-20,-19,-24,-26,-20,-27,-12,-10,-13,-21,-12,-18,-27,-14,-20,-33,-15,-22,-16,-6,-11,-25,-8,-15,-30,-10,-16,-35,-12,-17,-19,-3,-10,-26,-5,-12,-30,-6,-13,-34,-9,-14,HELP
0,0,0,1,-11,-3,5,-24,-6,6,-33,-9,5,-42,-12,2,-24,-12,17,-27,-17,16,-23,-18,11,-20,-18,2,-14,-13,19,-17,-17,16,-14,-16,11,-12,-15,3,-5,-14,19,-8,-16,16,-5,-13,11,-4,-12,5,3,-15,17,1,-16,14,2,-14,10,3,-13,0,0,0,7,-9,-10,11,-18,-17,17,-25,-23,25,-30,-28,-3,-14,-17,-10,-18,-23,-16,-20,-27,-22,-21,-30,-10,-9,-15,-19,-14,-20,-25,-17,-23,-32,-20,-25,-15,-6,-13,-23,-10,-17,-29,-14,-20,-34,-17,-21,-18,-3,-12,-24,-7,-15,-29,-10,-16,-33,-12,-17,HELP
0,0,0,3,-12,-4,5,-24,-8,6,-33,-12,4,-42,-15,1,-23,-13,16,-26,-18,16,-21,-19,12,-18,-19,0,-13,-14,18,-16,-18,16,-12,-17,12,-10,-16,2,-4,-14,17,-6,-17,15,-3,-14,11,-2,-13,3,4,-15,16,2,-17,14,4,-16,10,4,-15,0,0,0,6,-9,-9,10,-18,-16,15,-25,-21,23,-30,-26,-5,-15,-15,-12,-19,-21,-19,-21,-24,-25,-22,-27,-11,-10,-13,-21,-14,-18,-28,-18,-20,-34,-21,-22,-16,-6,-12,-25,-10,-15,-30,-14,-17,-36,-17,-19,-18,-3,-11,-25,-5,-13,-30,-8,-15,-35,-10,-15,HELP
0,0,0,1,-13,-2,2,-27,-4,3,-36,-5,1,-44,-7,-3,-25,-6,13,-29,-10,13,-24,-11,9,-24,-11,-3,-16,-6,14,-20,-10,14,-17,-9,10,-17,-9,-2,-8,-7,14,-11,-10,13,-9,-8,10,-9,-8,0,-1,-9,12,-3,-10,12,-2,-9,9,-2,-9,0,0,0,6,-9,-10,10,-18,-17,16,-25,-23,23,-30,-29,-5,-15,-17,-13,-19,-24,-20,-21,-28,-26,-21,-31,-11,-10,-16,-21,-15,-22,-29,-18,-25,-36,-21,-27,-16,-6,-14,-25,-11,-19,-32,-14,-21,-38,-17,-23,-18,-3,-13,-25,-7,-16,-31,-9,-18,-36,-11,-19,HELP
0,0,0,0,-13,-4,-1,-25,-6,-2,-34,-7,-3,-43,-8,-7,-23,-7,8,-27,-10,10,-24,-11,8,-24,-12,-8,-14,-7,9,-16,-10,11,-16,-9,11,-16,-10,-7,-4,-8,8,-7,-10,10,-9,-10,10,-11,-9,-4,3,-8,6,1,-11,8,-1,-11,8,-3,-11,0,0,0,6,-9,-12,10,-17,-20,15,-25,-27,23,-31,-34,-4,-14,-21,-12,-17,-29,-19,-19,-34,-26,-20,-38,-11,-9,-19,-21,-13,-26,-29,-16,-30,-37,-19,-33,-16,-5,-16,-26,-10,-22,-32,-13,-25,-39,-16,-27,-18,-3,-15,-25,-7,-19,-31,-9,-21,-36,-12,-22,HELP
0,0,0,1,-14,-4,0,-27,-7,-2,-36,-9,-4,-46,-11,-10,-29,-9,7,-31,-14,14,-28,-17,16,-27,-18,-11,-19,-9,7,-21,-13,14,-20,-13,17,-19,-14,-10,-9,-10,7,-11,-14,14,-12,-14,17,-13,-13,-7,0,-10,4,-1,-14,7,-2,-14,7,-3,-14,0,0,0,7,-9,-13,10,-17,-22,15,-25,-29,21,-30,-37,-5,-15,-24,-14,-18,-32,-22,-21,-37,-29,-22,-41,-12,-9,-20,-25,-14,-29,-34,-18,-33,-43,-21,-36,-16,-5,-17,-28,-11,-24,-36,-15,-28,-43,-19,-30,-19,-3,-15,-26,-8,-20,-32,-12,-22,-38,-15,-24,HELP
0,0,0,2,-14,-3,1,-26,-6,0,-36,-8,-3,-46,-10,-9,-27,-9,9,-28,-14,14,-26,-17,14,-25,-19,-10,-17,-9,10,-19,-13,14,-16,-13,15,-17,-14,-8,-6,-10,9,-9,-14,14,-9,-14,15,-11,-14,-5,3,-11,3,2,-15,2,2,-16,-1,1,-17,0,0,0,7,-9,-14,10,-17,-24,15,-25,-31,21,-30,-39,-5,-14,-26,-14,-19,-35,-22,-21,-41,-30,-23,-45,-12,-8,-23,-24,-14,-32,-34,-19,-36,-43,-22,-40,-16,-5,-19,-28,-10,-26,-36,-15,-30,-43,-18,-33,-19,-3,-16,-26,-8,-22,-33,-11,-24,-38,-14,-26,HELP
0,0,0,2,-12,-4,2,-24,-7,0,-33,-10,-2,-43,-12,-8,-25,-10,11,-25,-15,14,-21,-18,13,-20,-19,-10,-15,-10,12,-16,-14,15,-13,-14,15,-13,-14,-8,-5,-10,12,-7,-14,15,-6,-13,15,-7,-13,-5,4,-11,10,2,-15,12,2,-15,11,1,-15,0,0,0,6,-9,-15,10,-18,-25,15,-25,-33,20,-29,-41,-8,-14,-27,-16,-18,-37,-24,-21,-43,-32,-22,-47,-14,-8,-23,-27,-13,-32,-37,-18,-37,-45,-22,-40,-19,-5,-19,-30,-10,-26,-38,-15,-30,-45,-19,-32,-20,-3,-15,-28,-8,-20,-35,-11,-22,-40,-15,-24,HELP
0,0,0,2,-15,-4,1,-28,-7,-1,-38,-9,-4,-49,-12,-9,-30,-9,9,-29,-14,13,-26,-16,12,-25,-18,-10,-20,-9,10,-20,-12,14,-17,-12,14,-18,-13,-9,-10,-9,11,-12,-13,14,-11,-13,14,-13,-13,-6,-1,-10,8,-2,-15,10,-2,-16,10,-2,-16,0,0,0,7,-9,-14,11,-18,-24,16,-25,-32,22,-29,-40,-7,-15,-26,-15,-18,-36,-23,-20,-42,-31,-21,-46,-14,-9,-23,-26,-14,-31,-35,-18,-36,-43,-22,-39,-18,-5,-19,-29,-10,-26,-37,-15,-30,-44,-18,-32,-21,-3,-16,-28,-7,-21,-34,-10,-24,-40,-13,-25,HELP
0,0,0,2,-14,-3,0,-28,-6,-1,-39,-8,-4,-49,-10,-11,-31,-8,8,-32,-13,11,-26,-15,8,-23,-17,-12,-22,-9,8,-23,-12,10,-16,-12,9,-16,-12,-11,-11,-10,8,-14,-14,9,-10,-13,7,-9,-13,-7,-1,-11,2,-2,-16,0,-1,-18,-4,-1,-19,0,0,0,6,-10,-14,8,-19,-23,13,-27,-30,19,-31,-37,-9,-17,-23,-19,-20,-31,-27,-21,-37,-34,-22,-41,-15,-11,-19,-27,-15,-27,-37,-19,-32,-45,-21,-35,-19,-7,-16,-30,-10,-22,-38,-13,-26,-45,-16,-28,-21,-3,-14,-28,-6,-19,-35,-7,-21,-40,-9,-22,HELP
0,0,0,2,-12,-3,1,-25,-6,0,-35,-8,-3,-45,-10,-10,-27,-8,9,-29,-13,11,-23,-15,8,-20,-16,-11,-18,-9,10,-19,-12,11,-13,-12,9,-12,-13,-9,-8,-9,10,-9,-13,10,-5,-12,7,-5,-12,-6,1,-11,7,1,-15,6,2,-15,3,3,-16,0,0,0,5,-11,-13,7,-20,-22,11,-28,-29,17,-31,-35,-9,-16,-23,-20,-20,-31,-29,-22,-36,-37,-23,-39,-15,-10,-19,-27,-14,-27,-38,-18,-31,-46,-21,-33,-18,-5,-16,-30,-9,-22,-39,-13,-25,-46,-15,-27,-20,-2,-13,-29,-5,-17,-36,-8,-19,-42,-10,-20,HELP
0,0,0,2,-13,-3,0,-26,-6,-2,-36,-8,-4,-46,-10,-12,-28,-8,6,-29,-13,8,-23,-14,4,-20,-15,-13,-19,-9,8,-19,-12,8,-13,-12,4,-12,-12,-11,-9,-10,8,-11,-14,7,-6,-13,2,-5,-12,-7,1,-11,4,-1,-16,3,1,-17,0,2,-18,0,0,0,5,-11,-12,7,-21,-21,11,-28,-28,16,-32,-34,-10,-17,-22,-22,-20,-31,-31,-22,-36,-39,-23,-39,-15,-10,-19,-28,-14,-26,-38,-19,-29,-46,-21,-32,-19,-5,-16,-31,-10,-21,-39,-13,-24,-45,-16,-25,-20,-2,-13,-30,-6,-17,-36,-9,-18,-41,-12,-19,HELP
0,0,0,1,-11,-3,-1,-23,-5,-3,-33,-7,-5,-43,-8,-12,-25,-6,5,-27,-10,5,-22,-12,0,-20,-14,-13,-16,-7,6,-18,-10,5,-14,-11,0,-12,-12,-11,-7,-7,7,-9,-11,5,-5,-10,1,-5,-9,-8,2,-9,6,0,-12,6,1,-12,3,1,-13,0,0,0,4,-11,-13,6,-19,-22,10,-26,-28,15,-31,-35,-12,-15,-21,-25,-18,-29,-34,-19,-34,-42,-20,-37,-16,-8,-18,-29,-10,-24,-39,-13,-28,-46,-14,-31,-18,-2,-14,-30,-4,-20,-38,-6,-23,-45,-8,-25,-19,1,-12,-29,0,-16,-35,-1,-18,-41,-2,-19,HELP
0,0,0,1,-11,-3,-2,-23,-5,-4,-32,-6,-6,-41,-7,-12,-23,-5,2,-25,-9,2,-21,-12,-2,-20,-14,-14,-14,-6,4,-16,-9,2,-13,-10,-2,-13,-11,-12,-5,-7,5,-7,-10,4,-5,-9,0,-5,-9,-9,4,-8,5,2,-11,5,2,-12,2,2,-12,0,0,0,4,-11,-11,6,-20,-19,9,-27,-25,14,-32,-32,-11,-16,-20,-24,-19,-27,-33,-21,-32,-41,-23,-35,-16,-8,-17,-29,-12,-23,-38,-16,-26,-44,-18,-28,-19,-2,-14,-30,-5,-19,-37,-8,-21,-42,-10,-22,-20,2,-12,-28,0,-15,-34,-2,-17,-39,-4,-17,HELP
0,0,0,0,-11,-3,-2,-21,-5,-4,-30,-7,-6,-38,-9,-12,-20,-6,3,-21,-11,3,-18,-14,-1,-17,-16,-13,-11,-7,5,-12,-10,3,-10,-11,-2,-10,-12,-12,-2,-8,5,-3,-11,4,-2,-9,-1,-3,-9,-9,7,-9,5,5,-12,4,4,-13,0,4,-13,0,0,0,4,-10,-12,6,-18,-20,10,-25,-26,15,-30,-33,-11,-14,-20,-23,-18,-28,-32,-20,-32,-40,-21,-35,-16,-7,-17,-28,-11,-23,-37,-15,-26,-43,-18,-28,-19,-2,-14,-30,-5,-19,-37,-8,-21,-42,-11,-22,-20,1,-12,-29,-2,-15,-35,-4,-16,-39,-6,-16,HELP
0,0,0,0,-11,-3,-1,-21,-5,-3,-30,-7,-5,-39,-8,-11,-21,-5,3,-22,-10,2,-19,-12,-2,-17,-14,-13,-12,-6,5,-13,-9,3,-11,-10,-2,-11,-11,-11,-3,-7,5,-4,-10,4,-3,-8,-1,-3,-8,-9,6,-8,5,4,-11,4,4,-12,0,4,-12,0,0,0,3,-10,-11,5,-18,-18,8,-26,-25,13,-33,-31,-12,-16,-17,-24,-20,-24,-32,-22,-28,-38,-23,-31,-17,-9,-14,-28,-12,-20,-36,-16,-23,-42,-18,-25,-19,-4,-12,-30,-6,-16,-36,-8,-19,-41,-10,-20,-20,0,-10,-28,-1,-13,-34,-3,-15,-38,-5,-15,HELP
0,0,0,1,-11,-4,0,-21,-6,-2,-29,-9,-4,-38,-10,-10,-20,-7,5,-21,-12,6,-18,-15,2,-16,-17,-12,-11,-7,7,-12,-11,6,-10,-12,2,-9,-13,-10,-2,-8,7,-3,-11,7,-2,-10,3,-3,-9,-8,6,-9,6,4,-12,6,4,-13,3,4,-12,0,0,0,3,-8,-11,4,-16,-19,8,-24,-25,12,-31,-31,-13,-14,-18,-24,-18,-25,-31,-20,-29,-37,-22,-32,-17,-7,-15,-28,-10,-19,-35,-14,-22,-40,-16,-24,-19,-2,-12,-29,-4,-15,-35,-7,-17,-39,-10,-18,-20,2,-10,-28,1,-12,-33,-1,-13,-36,-3,-14,HELP
0,0,0,2,-11,-3,2,-21,-6,1,-30,-8,-1,-39,-9,-8,-20,-7,7,-22,-11,7,-18,-14,4,-17,-16,-9,-11,-7,9,-12,-11,8,-11,-12,3,-10,-13,-8,-2,-8,9,-3,-11,9,-2,-10,6,-2,-10,-5,6,-9,8,5,-12,10,5,-13,8,4,-12,0,0,0,3,-10,-10,4,-18,-17,7,-26,-22,11,-34,-27,-14,-15,-14,-24,-18,-20,-31,-21,-24,-36,-23,-26,-17,-8,-12,-27,-10,-16,-34,-13,-19,-39,-16,-21,-18,-3,-9,-28,-4,-13,-34,-6,-15,-38,-9,-16,-18,1,-8,-26,1,-10,-31,-1,-11,-35,-3,-12,HELP
0,0,0,1,-11,-4,1,-23,-6,0,-32,-8,-2,-41,-10,-10,-21,-8,6,-24,-13,5,-20,-15,1,-18,-17,-11,-12,-8,8,-15,-12,5,-12,-13,1,-11,-13,-9,-3,-9,8,-6,-12,6,-4,-11,2,-3,-10,-6,5,-10,7,3,-13,6,3,-14,3,4,-14,0,0,0,3,-10,-10,4,-18,-16,7,-26,-22,10,-32,-27,-13,-15,-15,-24,-17,-21,-31,-21,-25,-35,-23,-27,-17,-8,-12,-28,-11,-17,-34,-15,-19,-38,-18,-21,-19,-3,-10,-29,-5,-13,-34,-9,-16,-37,-12,-17,-20,1,-8,-27,0,-11,-32,-3,-12,-35,-6,-12,HELP
0,0,0,2,-10,-4,0,-22,-6,-1,-31,-8,-3,-40,-9,-11,-21,-7,5,-23,-12,5,-18,-14,1,-15,-17,-12,-11,-7,6,-14,-12,4,-10,-12,-1,-9,-14,-11,-2,-8,7,-4,-11,5,-1,-10,0,0,-10,-8,7,-9,5,4,-13,4,5,-14,0,6,-14,0,0,0,2,-9,-10,3,-17,-17,6,-24,-22,10,-30,-28,-12,-13,-15,-23,-17,-21,-30,-19,-25,-35,-22,-27,-16,-6,-13,-26,-9,-17,-33,-12,-20,-37,-15,-21,-18,-1,-10,-27,-2,-14,-33,-5,-16,-36,-8,-17,-18,3,-9,-26,2,-11,-31,0,-12,-34,-2,-12,HELP
0,0,0,2,-11,-3,0,-22,-5,-2,-31,-7,-3,-41,-9,-10,-21,-7,5,-23,-11,5,-18,-14,1,-16,-16,-12,-11,-7,6,-14,-11,4,-10,-12,-1,-9,-13,-10,-2,-8,6,-4,-11,5,-2,-10,0,-1,-10,-8,6,-10,5,4,-13,4,5,-14,0,6,-14,0,0,0,2,-8,-10,3,-16,-16,5,-23,-21,7,-29,-26,-12,-12,-15,-23,-16,-21,-30,-20,-25,-35,-24,-27,-16,-6,-13,-27,-8,-17,-33,-12,-20,-37,-16,-22,-17,-1,-10,-27,-3,-14,-33,-6,-16,-37,-9,-17,-18,2,-9,-26,1,-11,-31,-1,-12,-34,-3,-13,HELP
0,0,0,1,-11,-3,-1,-23,-5,-3,-32,-7,-5,-42,-8,-11,-23,-5,3,-25,-9,2,-21,-11,-2,-19,-13,-13,-14,-5,5,-16,-9,2,-12,-9,-3,-11,-10,-12,-5,-6,5,-6,-9,3,-3,-8,-2,-3,-8,-10,4,-8,4,2,-11,3,4,-11,-1,5,-12,0,0,0,2,-9,-8,2,-18,-13,4,-25,-17,8,-31,-21,-13,-14,-11,-22,-18,-15,-26,-22,-18,-28,-25,-19,-17,-7,-9,-24,-12,-12,-28,-16,-13,-30,-20,-14,-18,-3,-6,-26,-7,-8,-29,-11,-9,-31,-14,-10,-19,1,-5,-25,-2,-6,-28,-5,-6,-30,-8,-6,HELP
0,0,0,2,-10,-3,1,-22,-6,-1,-31,-8,-3,-40,-9,-9,-20,-7,5,-22,-12,4,-19,-14,0,-17,-16,-11,-11,-7,6,-13,-11,4,-11,-12,-1,-10,-13,-10,-3,-8,7,-4,-11,5,-2,-10,1,-1,-9,-8,6,-9,6,4,-12,5,5,-13,1,6,-13,0,0,0,2,-8,-8,3,-17,-13,4,-25,-17,8,-31,-20,-12,-15,-10,-21,-18,-14,-26,-21,-16,-29,-24,-18,-16,-9,-8,-24,-12,-10,-29,-15,-12,-32,-19,-13,-17,-4,-6,-25,-6,-7,-29,-10,-8,-32,-13,-9,-18,0,-4,-24,-2,-5,-28,-4,-5,-31,-7,-5,HELP
0,0,0,1,-11,-3,0,-23,-5,-2,-32,-7,-4,-41,-8,-10,-22,-7,3,-23,-11,2,-20,-14,-2,-19,-15,-12,-12,-7,5,-14,-11,3,-12,-12,-3,-11,-13,-11,-4,-8,6,-5,-11,4,-2,-10,-1,-2,-9,-10,5,-9,4,3,-12,3,5,-13,-1,6,-13,0,0,0,2,-9,-9,2,-17,-14,3,-24,-19,6,-30,-23,-13,-13,-12,-22,-16,-16,-27,-19,-19,-31,-23,-21,-16,-7,-9,-25,-10,-13,-30,-14,-15,-34,-17,-16,-18,-2,-7,-26,-4,-9,-31,-8,-11,-34,-11,-12,-19,1,-5,-25,0,-7,-30,-3,-7,-33,-6,-8,HELP
0,0,0,1,-12,-3,-1,-24,-6,-3,-34,-7,-4,-43,-9,-11,-23,-8,3,-26,-12,2,-22,-14,-3,-19,-16,-13,-14,-8,5,-17,-12,3,-13,-12,-3,-11,-13,-12,-5,-9,6,-8,-12,3,-4,-10,-1,-3,-10,-10,3,-10,4,1,-13,3,3,-14,-1,4,-14,0,0,0,2,-9,-8,2,-17,-13,3,-25,-18,6,-30,-22,-12,-14,-11,-20,-16,-15,-25,-20,-18,-28,-23,-19,-15,-7,-9,-23,-10,-12,-27,-15,-13,-30,-18,-14,-16,-3,-7,-24,-5,-9,-28,-9,-10,-31,-13,-10,-17,0,-5,-23,-2,-6,-27,-4,-6,-30,-7,-6,HELP
0,0,0,2,-12,-4,1,-23,-7,-1,-32,-10,-3,-42,-12,-10,-21,-11,4,-23,-17,4,-20,-19,-1,-18,-21,-11,-12,-11,6,-15,-17,4,-12,-17,-1,-10,-18,-11,-3,-12,6,-6,-16,5,-3,-14,0,-2,-13,-9,5,-12,5,2,-16,4,4,-17,0,5,-17,0,0,0,3,-9,-8,3,-17,-13,4,-24,-16,6,-30,-20,-12,-14,-9,-21,-17,-13,-24,-21,-15,-26,-24,-16,-15,-8,-7,-23,-12,-10,-26,-16,-11,-27,-20,-12,-17,-3,-5,-24,-7,-7,-27,-11,-8,-28,-15,-8,-17,1,-4,-23,-2,-5,-25,-6,-6,-27,-9,-6,HELP
0,0,0,1,-12,-3,-1,-23,-5,-3,-32,-6,-5,-42,-8,-11,-22,-7,2,-24,-11,2,-21,-13,-3,-20,-14,-13,-13,-7,4,-15,-11,2,-13,-11,-3,-12,-12,-12,-4,-8,5,-6,-11,3,-4,-10,-2,-3,-9,-10,5,-9,4,2,-12,2,3,-13,-2,4,-13,0,0,0,1,-8,-8,2,-16,-13,3,-23,-17,5,-29,-21,-13,-14,-10,-20,-17,-13,-25,-19,-15,-28,-22,-16,-16,-8,-7,-23,-10,-10,-27,-13,-11,-30,-16,-12,-17,-3,-6,-24,-5,-8,-28,-8,-9,-30,-10,-9,-17,1,-4,-23,-1,-6,-26,-3,-6,-29,-5,-6,HELP
0,0,0,2,-11,-3,0,-22,-5,-2,-31,-6,-3,-41,-8,-9,-22,-6,4,-23,-9,3,-20,-12,-2,-19,-13,-11,-13,-6,6,-14,-9,3,-12,-10,-2,-11,-11,-11,-5,-7,6,-5,-9,4,-3,-8,-1,-3,-8,-9,4,-8,4,2,-10,3,4,-11,0,5,-11,0,0,0,3,-8,-7,3,-16,-12,4,-23,-16,7,-29,-20,-11,-14,-10,-19,-17,-14,-24,-20,-17,-28,-22,-18,-14,-8,-8,-22,-11,-11,-27,-14,-13,-30,-17,-13,-16,-3,-6,-23,-6,-9,-27,-9,-10,-31,-12,-11,-17,0,-5,-23,-1,-7,-26,-4,-7,-29,-7,-7,HELP
0,0,0,2,-11,-3,1,-21,-6,-1,-30,-8,-3,-39,-9,-9,-20,-8,4,-21,-12,3,-18,-14,-1,-17,-16,-11,-11,-8,6,-12,-12,4,-10,-12,-1,-10,-13,-10,-2,-8,6,-4,-11,4,-2,-10,0,-1,-10,-9,6,-9,4,5,-12,4,5,-13,0,6,-13,0,0,0,3,-9,-8,3,-17,-13,4,-25,-18,7,-31,-22,-11,-14,-11,-20,-17,-15,-26,-21,-18,-29,-24,-20,-15,-8,-9,-23,-11,-12,-28,-16,-13,-31,-19,-14,-16,-4,-7,-24,-7,-9,-28,-11,-10,-31,-15,-11,-17,-1,-5,-23,-3,-6,-27,-6,-7,-30,-9,-7,HELP
0,0,0,2,-11,-2,0,-21,-4,-2,-30,-6,-4,-39,-7,-10,-21,-5,3,-22,-9,2,-19,-12,-2,-18,-14,-12,-12,-6,5,-13,-9,3,-11,-10,-2,-10,-12,-11,-4,-7,6,-4,-10,4,-2,-9,-1,-2,-8,-9,5,-8,4,4,-11,4,5,-11,0,6,-12,0,0,0,2,-9,-8,2,-17,-14,4,-25,-18,7,-30,-22,-11,-13,-12,-20,-16,-17,-26,-20,-20,-29,-23,-21,-14,-7,-10,-23,-10,-13,-28,-14,-15,-31,-17,-16,-16,-2,-8,-24,-5,-10,-29,-8,-12,-31,-12,-12,-17,1,-6,-24,-1,-8,-27,-4,-8,-30,-7,-8,HELP
0,0,0,1,-10,-3,-1,-21,-5,-3,-30,-7,-5,-39,-8,-11,-21,-6,2,-22,-10,2,-19,-13,-2,-17,-15,-13,-12,-6,4,-13,-10,3,-11,-11,-2,-10,-12,-12,-3,-7,5,-4,-11,3,-2,-10,-1,-2,-9,-10,6,-9,4,4,-12,3,5,-12,0,6,-13,0,0,0,2,-9,-8,2,-17,-13,4,-25,-17,7,-31,-21,-11,-13,-12,-21,-16,-16,-26,-20,-19,-29,-22,-20,-15,-7,-9,-24,-10,-13,-28,-13,-14,-31,-16,-15,-17,-2,-7,-25,-4,-10,-29,-7,-11,-32,-10,-11,-17,2,-6,-24,0,-8,-28,-2,-8,-31,-4,-8,HELP
0,0,0,1,-10,-3,0,-21,-5,-3,-30,-6,-4,-39,-8,-11,-20,-6,3,-21,-10,3,-18,-13,-1,-17,-15,-13,-11,-6,5,-12,-10,3,-10,-11,-2,-9,-12,-11,-2,-7,6,-3,-10,4,-1,-9,-1,-1,-9,-9,7,-9,5,5,-12,4,6,-12,0,6,-12,0,0,0,2,-9,-8,2,-18,-13,4,-26,-17,7,-33,-21,-13,-15,-11,-22,-18,-16,-27,-21,-19,-31,-24,-21,-16,-8,-9,-25,-11,-13,-30,-15,-15,-34,-19,-17,-18,-3,-8,-26,-6,-11,-31,-9,-12,-34,-12,-13,-18,1,-7,-25,-1,-9,-29,-3,-9,-33,-6,-9,HELP
0,0,0,1,-11,-3,-1,-22,-5,-3,-31,-7,-5,-40,-9,-12,-22,-6,3,-24,-10,4,-20,-13,0,-18,-16,-13,-13,-6,5,-15,-10,3,-12,-11,-2,-11,-12,-12,-4,-7,5,-6,-10,3,-3,-9,-2,-3,-8,-10,5,-8,4,2,-11,3,4,-12,-1,5,-12,0,0,0,2,-9,-9,2,-18,-14,4,-27,-19,7,-33,-23,-15,-16,-12,-24,-18,-17,-30,-21,-20,-33,-24,-22,-18,-9,-9,-27,-10,-13,-32,-13,-15,-35,-16,-16,-20,-4,-7,-28,-5,-10,-33,-7,-12,-36,-9,-13,-20,0,-6,-27,0,-8,-31,-1,-8,-34,-3,-9,HELP
0,0,0,1,-12,-3,-1,-24,-4,-4,-33,-6,-6,-42,-7,-13,-24,-5,2,-26,-9,2,-22,-12,-2,-20,-14,-14,-15,-5,4,-17,-9,2,-13,-10,-3,-12,-11,-13,-7,-6,4,-8,-9,3,-5,-9,-2,-4,-8,-10,2,-8,3,0,-11,3,2,-11,-1,3,-12,0,0,0,3,-9,-9,3,-18,-15,5,-26,-20,9,-32,-25,-14,-17,-13,-24,-19,-18,-30,-22,-22,-34,-25,-24,-18,-10,-10,-28,-12,-14,-33,-14,-17,-36,-17,-18,-20,-5,-8,-28,-6,-11,-33,-8,-13,-36,-10,-14,-20,-1,-7,-27,0,-9,-32,-2,-10,-34,-3,-10,HELP
0,0,0,2,-11,-4,0,-22,-6,-3,-31,-8,-5,-40,-9,-11,-20,-7,3,-22,-11,3,-19,-14,-1,-17,-17,-12,-11,-7,5,-13,-11,3,-11,-12,-2,-10,-14,-11,-2,-7,6,-5,-11,4,-2,-10,-1,-2,-10,-8,6,-9,5,3,-12,4,4,-12,0,6,-13,0,0,0,2,-9,-10,3,-17,-17,5,-25,-22,8,-32,-27,-15,-16,-15,-25,-19,-20,-32,-22,-24,-36,-24,-26,-18,-9,-11,-29,-12,-15,-34,-15,-17,-37,-18,-19,-20,-4,-9,-29,-6,-12,-34,-8,-13,-37,-10,-14,-20,-1,-6,-27,0,-8,-32,-1,-9,-35,-3,-10,HELP
0,0,0,1,-11,-3,-1,-22,-5,-3,-30,-7,-5,-39,-9,-11,-20,-7,3,-22,-11,3,-18,-13,-1,-16,-15,-12,-10,-7,5,-13,-10,4,-11,-11,-1,-10,-12,-11,-2,-7,6,-4,-10,4,-2,-9,-1,-2,-9,-8,6,-9,5,4,-12,5,5,-12,1,6,-12,0,0,0,3,-10,-11,5,-18,-18,7,-25,-23,9,-31,-28,-12,-15,-16,-23,-18,-22,-30,-21,-26,-34,-24,-28,-16,-8,-13,-27,-10,-18,-33,-14,-20,-35,-17,-21,-19,-3,-10,-28,-4,-14,-33,-7,-15,-35,-10,-16,-20,-1,-7,-27,-1,-10,-32,-3,-11,-34,-6,-11,HELP
0,0,0,0,-10,-3,-1,-20,-5,-3,-28,-7,-5,-37,-9,-11,-19,-7,2,-20,-11,2,-17,-13,-1,-17,-15,-13,-10,-7,5,-11,-10,3,-10,-11,-1,-10,-12,-11,-1,-8,5,-3,-11,4,-2,-9,0,-3,-9,-9,7,-9,4,6,-12,5,5,-12,2,5,-12,0,0,0,3,-9,-9,4,-19,-15,7,-28,-20,10,-34,-25,-12,-16,-14,-23,-20,-20,-30,-23,-23,-35,-26,-25,-16,-10,-12,-27,-13,-16,-33,-17,-18,-37,-21,-19,-18,-5,-9,-28,-7,-13,-33,-11,-14,-37,-14,-15,-19,-2,-8,-27,-4,-10,-32,-6,-10,-35,-9,-11,HELP
0,0,0,1,-11,-3,-1,-21,-6,-4,-29,-7,-6,-37,-9,-12,-19,-7,2,-20,-11,2,-18,-13,-2,-16,-15,-13,-9,-7,4,-11,-10,3,-10,-11,-2,-9,-12,-11,-1,-8,5,-3,-10,3,-2,-9,-1,-2,-9,-8,7,-9,4,5,-12,3,5,-12,0,5,-12,0,0,0,3,-10,-9,5,-19,-16,7,-27,-21,11,-33,-26,-11,-17,-15,-23,-21,-21,-31,-22,-25,-37,-24,-27,-16,-11,-13,-27,-14,-18,-34,-17,-21,-40,-20,-23,-18,-5,-11,-28,-8,-15,-34,-10,-17,-39,-12,-18,-18,-2,-10,-26,-2,-13,-31,-3,-14,-35,-4,-15,HELP
0,0,0,1,-10,-3,-1,-20,-6,-4,-27,-7,-6,-36,-9,-11,-18,-7,3,-18,-11,2,-17,-14,-2,-17,-16,-12,-9,-7,6,-9,-10,3,-9,-11,-2,-8,-12,-10,0,-8,6,-1,-10,3,-1,-9,-1,-1,-8,-8,8,-9,5,7,-12,4,5,-12,0,5,-12,0,0,0,3,-11,-12,4,-20,-20,7,-28,-26,12,-34,-32,-12,-17,-20,-24,-21,-27,-33,-23,-32,-40,-25,-35,-17,-10,-16,-29,-15,-22,-38,-18,-26,-46,-20,-28,-19,-5,-13,-30,-8,-18,-38,-10,-20,-44,-12,-21,-20,-2,-11,-28,-3,-14,-34,-4,-15,-38,-4,-16,HELP
0,0,0,0,-9,-3,-1,-19,-6,-4,-26,-8,-6,-35,-9,-11,-17,-7,3,-18,-11,2,-16,-14,-1,-15,-16,-12,-8,-7,5,-9,-10,3,-8,-11,-2,-7,-12,-10,1,-8,6,0,-10,4,0,-9,-1,-1,-8,-7,9,-9,5,7,-12,4,6,-12,0,6,-12,0,0,0,3,-11,-12,4,-20,-20,7,-28,-26,11,-34,-32,-13,-17,-19,-25,-21,-26,-33,-23,-31,-40,-25,-34,-18,-10,-15,-29,-14,-21,-38,-17,-24,-44,-19,-27,-20,-5,-12,-30,-8,-17,-37,-10,-19,-43,-11,-20,-20,-2,-10,-28,-2,-13,-34,-3,-15,-38,-4,-15,HELP
0,0,0,0,-10,-3,-3,-20,-5,-6,-29,-7,-8,-37,-8,-13,-20,-6,1,-21,-10,1,-18,-13,-2,-16,-15,-14,-11,-7,4,-12,-10,2,-10,-10,-3,-9,-11,-12,-2,-8,4,-3,-10,3,-2,-8,-2,-2,-8,-10,6,-9,3,4,-12,3,4,-12,1,5,-11,0,0,0,4,-10,-11,6,-19,-19,9,-27,-25,13,-33,-31,-12,-18,-17,-23,-21,-24,-31,-23,-29,-38,-24,-32,-17,-11,-15,-28,-15,-21,-36,-19,-24,-43,-21,-27,-19,-6,-12,-29,-10,-17,-36,-12,-19,-42,-14,-21,-20,-3,-10,-27,-5,-14,-33,-6,-15,-37,-8,-16,HELP
0,0,0,1,-10,-3,-1,-20,-5,-4,-28,-7,-7,-36,-8,-11,-19,-6,2,-20,-10,2,-17,-12,-1,-16,-14,-12,-10,-6,5,-11,-9,3,-9,-10,-1,-8,-11,-11,-2,-7,5,-2,-10,4,-1,-8,-1,-1,-8,-8,6,-8,5,5,-11,5,5,-11,3,6,-11,0,0,0,4,-11,-12,6,-20,-19,9,-28,-26,14,-33,-32,-11,-18,-19,-21,-22,-27,-30,-24,-32,-37,-25,-35,-16,-11,-17,-27,-16,-23,-37,-19,-27,-45,-21,-30,-19,-7,-14,-29,-10,-19,-37,-13,-22,-44,-14,-24,-20,-4,-12,-28,-5,-15,-34,-6,-17,-39,-6,-18,HELP
0,0,0,0,-10,-3,-2,-20,-6,-5,-29,-8,-7,-38,-9,-12,-21,-6,2,-21,-11,2,-19,-14,0,-19,-16,-13,-12,-7,5,-12,-10,3,-11,-11,-1,-11,-12,-11,-3,-8,5,-4,-11,3,-3,-9,-1,-3,-8,-8,5,-9,4,4,-12,4,3,-12,1,3,-11,0,0,0,3,-11,-11,4,-20,-19,7,-27,-25,12,-31,-31,-13,-17,-18,-24,-20,-25,-32,-22,-30,-39,-23,-33,-17,-10,-16,-30,-14,-22,-39,-17,-26,-47,-19,-29,-20,-5,-13,-31,-8,-18,-39,-10,-21,-46,-11,-23,-20,-2,-11,-28,-2,-15,-35,-2,-17,-40,-3,-18,HELP
0,0,0,1,-11,-3,-1,-22,-5,-4,-31,-7,-7,-39,-8,-11,-23,-6,3,-23,-10,4,-21,-13,2,-20,-15,-12,-14,-6,5,-15,-9,5,-13,-10,1,-12,-11,-11,-5,-7,5,-6,-10,4,-4,-9,0,-3,-9,-8,4,-9,4,2,-12,4,3,-12,1,4,-12,0,0,0,5,-10,-13,7,-20,-22,11,-28,-29,16,-32,-37,-9,-16,-24,-19,-20,-33,-27,-22,-38,-35,-24,-42,-15,-10,-20,-28,-15,-29,-38,-21,-33,-47,-25,-36,-19,-6,-17,-31,-11,-24,-40,-17,-28,-48,-22,-30,-20,-4,-15,-29,-9,-19,-36,-13,-21,-42,-18,-22,HELP
0,0,0,1,-12,-3,-2,-23,-5,-4,-31,-7,-7,-40,-8,-12,-22,-6,3,-23,-11,7,-21,-14,7,-21,-16,-12,-13,-6,5,-15,-10,9,-13,-11,9,-13,-12,-11,-5,-7,6,-7,-11,8,-6,-10,7,-7,-10,-8,3,-8,4,1,-11,6,2,-11,5,2,-11,0,0,0,5,-10,-13,8,-19,-22,12,-27,-29,17,-32,-37,-8,-16,-24,-17,-20,-33,-25,-23,-38,-33,-25,-42,-14,-10,-20,-27,-16,-29,-37,-21,-34,-46,-25,-37,-18,-6,-17,-29,-12,-24,-38,-17,-28,-45,-21,-30,-20,-4,-15,-28,-9,-20,-35,-13,-22,-40,-17,-23,HELP
0,0,0,0,-12,-3,-2,-22,-5,-5,-31,-7,-7,-39,-9,-12,-21,-6,2,-22,-11,8,-21,-15,10,-21,-17,-13,-12,-6,4,-14,-10,9,-13,-12,11,-14,-13,-11,-4,-7,4,-6,-11,8,-6,-11,9,-7,-10,-8,4,-8,4,2,-11,7,1,-11,8,0,-11,0,0,0,6,-11,-12,9,-20,-20,12,-28,-27,17,-32,-34,-7,-17,-21,-17,-21,-29,-24,-24,-34,-32,-26,-38,-13,-11,-18,-25,-17,-26,-34,-21,-30,-42,-25,-33,-16,-7,-16,-27,-13,-22,-35,-18,-25,-42,-22,-27,-18,-5,-14,-26,-10,-18,-33,-14,-20,-38,-18,-22,HELP
0,0,0,0,-11,-4,-4,-21,-6,-7,-29,-8,-9,-37,-10,-13,-20,-7,1,-20,-13,5,-19,-16,6,-19,-18,-14,-11,-7,3,-12,-11,6,-11,-13,6,-10,-14,-12,-2,-8,4,-4,-12,6,-4,-11,4,-4,-11,-9,6,-8,3,4,-12,5,3,-12,4,3,-12,0,0,0,5,-10,-11,7,-19,-18,11,-27,-24,17,-32,-29,-8,-17,-18,-17,-21,-24,-24,-23,-28,-31,-25,-31,-13,-11,-15,-24,-16,-21,-32,-21,-24,-40,-24,-27,-17,-7,-13,-27,-12,-18,-34,-16,-20,-40,-20,-22,-19,-4,-11,-27,-8,-15,-33,-11,-17,-38,-14,-18,HELP
0,0,0,-1,-11,-3,-4,-21,-6,-7,-29,-7,-10,-38,-9,-13,-21,-6,0,-22,-11,3,-20,-14,2,-19,-16,-14,-12,-7,4,-13,-10,5,-11,-11,2,-10,-12,-12,-4,-7,4,-5,-10,4,-4,-9,1,-4,-9,-9,5,-8,2,3,-11,4,3,-11,2,2,-11,0,0,0,6,-9,-11,9,-18,-19,13,-26,-25,19,-31,-32,-5,-17,-20,-14,-21,-28,-21,-23,-33,-27,-24,-36,-12,-11,-17,-22,-16,-24,-30,-20,-28,-37,-24,-30,-16,-8,-15,-26,-13,-20,-33,-17,-23,-39,-21,-25,-18,-6,-13,-26,-10,-16,-31,-13,-18,-36,-16,-19,HELP
0,0,0,0,-10,-3,-3,-20,-5,-5,-28,-7,-7,-37,-9,-11,-20,-6,3,-21,-11,4,-19,-14,2,-18,-16,-12,-11,-6,6,-13,-10,6,-11,-11,2,-10,-12,-10,-3,-7,6,-4,-10,6,-3,-9,1,-4,-8,-7,6,-8,6,4,-11,6,3,-11,4,2,-11,0,0,0,5,-9,-10,7,-20,-17,11,-30,-22,18,-36,-28,-6,-16,-18,-15,-21,-24,-22,-24,-28,-29,-25,-31,-13,-11,-15,-23,-16,-21,-30,-21,-25,-37,-25,-27,-17,-7,-13,-27,-13,-18,-33,-17,-21,-39,-21,-22,-20,-5,-12,-27,-9,-15,-33,-12,-17,-38,-15,-18,HELP
0,0,0,-2,-12,-3,-5,-25,-5,-8,-34,-7,-11,-44,-9,-14,-26,-7,0,-30,-12,0,-24,-15,-4,-21,-17,-15,-17,-8,2,-20,-12,1,-15,-13,-4,-14,-14,-12,-8,-9,1,-11,-13,0,-7,-11,-3,-6,-10,-9,1,-10,-7,0,-15,-14,1,-15,-21,2,-16,0,0,0,6,-10,-11,9,-19,-18,13,-28,-24,20,-34,-30,-5,-17,-18,-13,-21,-25,-20,-23,-30,-27,-25,-33,-12,-12,-16,-21,-16,-22,-29,-21,-25,-35,-24,-27,-17,-8,-13,-25,-13,-19,-31,-17,-21,-37,-21,-23,-19,-6,-12,-26,-10,-15,-31,-13,-17,-35,-16,-18,HELP
0,0,0,-1,-13,-2,-4,-26,-5,-7,-36,-6,-10,-46,-7,-14,-29,-6,1,-32,-10,1,-26,-13,-4,-22,-15,-14,-20,-6,3,-24,-10,1,-18,-11,-3,-16,-13,-12,-11,-7,2,-15,-11,0,-10,-10,-3,-8,-10,-9,-1,-9,-7,-3,-13,-14,-2,-14,-21,-1,-15,0,0,0,5,-10,-10,9,-19,-18,13,-29,-24,20,-35,-30,-4,-15,-19,-12,-20,-27,-20,-22,-31,-26,-24,-34,-11,-10,-17,-21,-15,-24,-28,-19,-27,-35,-23,-29,-15,-6,-15,-24,-11,-21,-31,-15,-23,-37,-19,-25,-18,-4,-13,-25,-8,-17,-31,-11,-19,-36,-15,-20,HELP
0,0,0,-1,-13,-2,-4,-26,-5,-7,-37,-6,-10,-47,-8,-14,-29,-6,2,-32,-11,1,-26,-13,-4,-22,-15,-14,-21,-7,3,-24,-11,2,-17,-11,-3,-15,-12,-12,-12,-8,2,-15,-12,1,-11,-11,-3,-8,-11,-9,-3,-10,-8,-4,-13,-15,-2,-15,-22,-1,-15,0,0,0,6,-9,-11,9,-18,-18,13,-27,-24,21,-34,-30,-4,-16,-19,-12,-20,-26,-19,-22,-30,-26,-24,-33,-12,-11,-16,-20,-16,-22,-27,-20,-25,-34,-23,-27,-17,-8,-14,-25,-12,-19,-30,-16,-21,-36,-19,-23,-19,-5,-12,-26,-9,-16,-31,-12,-17,-36,-15,-18,HELP
0,0,0,-1,-13,-2,-3,-26,-5,-6,-36,-7,-9,-46,-9,-12,-28,-7,3,-31,-11,3,-25,-14,-2,-21,-15,-13,-20,-8,5,-23,-11,3,-16,-11,-2,-14,-12,-11,-10,-9,3,-14,-13,2,-10,-11,-2,-8,-11,-8,-1,-11,-7,-3,-15,-14,-1,-15,-21,0,-16,0,0,0,6,-9,-10,9,-18,-18,13,-27,-24,20,-34,-29,-4,-16,-19,-12,-20,-26,-19,-22,-31,-26,-24,-33,-11,-11,-17,-20,-16,-23,-27,-20,-25,-33,-23,-27,-16,-7,-14,-24,-12,-19,-30,-16,-21,-36,-19,-22,-19,-5,-12,-25,-8,-16,-30,-11,-17,-35,-14,-18,HELP
0,0,0,-1,-14,-2,-3,-26,-5,-5,-35,-7,-8,-45,-9,-11,-27,-8,5,-31,-12,4,-26,-14,0,-22,-16,-11,-19,-9,6,-22,-12,5,-17,-13,0,-15,-14,-10,-9,-10,4,-13,-14,3,-10,-13,0,-8,-12,-7,0,-11,-6,-1,-15,-13,-1,-16,-20,-1,-17,0,0,0,6,-9,-9,10,-19,-16,14,-26,-21,22,-31,-26,-3,-16,-17,-11,-20,-23,-17,-22,-27,-24,-24,-29,-10,-12,-15,-19,-16,-20,-25,-20,-22,-32,-23,-24,-15,-8,-13,-23,-12,-17,-28,-16,-19,-33,-19,-20,-18,-5,-11,-24,-9,-14,-29,-12,-16,-33,-15,-16,HELP
0,0,0,-1,-13,-3,-2,-25,-6,-4,-34,-9,-7,-44,-12,-10,-26,-10,6,-30,-14,6,-25,-16,1,-22,-17,-10,-17,-11,7,-21,-14,6,-16,-14,1,-14,-14,-8,-8,-11,5,-12,-15,5,-9,-14,2,-7,-13,-6,0,-12,-4,-1,-17,-10,0,-17,-16,0,-18,0,0,0,6,-9,-8,10,-17,-15,16,-25,-20,23,-29,-25,-2,-14,-16,-10,-18,-22,-16,-20,-26,-23,-22,-29,-9,-9,-14,-18,-13,-20,-25,-17,-22,-31,-20,-24,-13,-6,-13,-22,-9,-17,-27,-13,-19,-32,-16,-20,-16,-3,-12,-23,-7,-15,-28,-10,-16,-32,-13,-16,HELP
0,0,0,0,-12,-3,-2,-24,-6,-4,-34,-8,-8,-43,-11,-10,-26,-9,6,-29,-13,5,-24,-15,0,-20,-16,-11,-17,-10,6,-20,-13,5,-15,-13,0,-13,-14,-9,-7,-10,4,-11,-14,3,-8,-13,0,-6,-12,-7,2,-12,-5,0,-16,-12,1,-17,-18,1,-17,0,0,0,6,-8,-9,10,-17,-16,15,-25,-21,23,-30,-27,-2,-14,-17,-10,-18,-24,-16,-21,-28,-23,-23,-30,-9,-9,-15,-18,-14,-21,-24,-18,-23,-30,-21,-25,-14,-6,-13,-21,-10,-18,-27,-14,-20,-32,-18,-21,-17,-3,-12,-23,-7,-15,-27,-10,-16,-31,-13,-17,HELP
0,0,0,-2,-12,-2,-5,-24,-5,-7,-34,-7,-10,-44,-9,-13,-26,-8,2,-29,-12,1,-24,-14,-4,-21,-16,-13,-18,-9,3,-21,-12,1,-16,-13,-4,-14,-14,-12,-8,-9,1,-12,-13,0,-8,-12,-3,-6,-12,-9,0,-10,-9,-1,-15,-17,0,-16,-24,1,-17,0,0,0,6,-9,-9,10,-18,-15,16,-26,-20,23,-30,-26,-1,-14,-18,-9,-19,-24,-15,-21,-28,-21,-24,-30,-8,-9,-16,-17,-14,-21,-23,-18,-23,-29,-21,-25,-13,-6,-14,-21,-10,-18,-26,-14,-20,-31,-17,-21,-16,-4,-12,-22,-8,-15,-27,-11,-16,-30,-14,-17,HELP
0,0,0,-1,-13,-2,-4,-24,-5,-6,-34,-7,-9,-43,-9,-12,-26,-7,4,-30,-11,2,-24,-14,-3,-21,-16,-12,-18,-8,5,-21,-12,2,-17,-13,-2,-14,-14,-10,-8,-9,3,-13,-12,1,-10,-12,-2,-8,-12,-7,0,-10,-6,-1,-14,-13,0,-15,-20,1,-16,0,0,0,6,-9,-8,10,-18,-14,15,-26,-19,23,-30,-24,-2,-15,-15,-9,-20,-21,-16,-22,-25,-22,-24,-27,-9,-10,-13,-17,-15,-18,-23,-19,-21,-29,-22,-23,-13,-7,-12,-21,-11,-16,-26,-14,-18,-31,-17,-19,-16,-4,-11,-23,-8,-14,-27,-11,-15,-30,-14,-16,HELP
0,0,0,-1,-11,-3,-4,-23,-6,-6,-32,-8,-9,-41,-10,-12,-24,-9,3,-28,-13,2,-23,-16,-3,-19,-18,-12,-15,-10,5,-20,-13,2,-15,-13,-3,-13,-15,-10,-6,-10,3,-11,-14,1,-8,-13,-2,-5,-12,-6,3,-12,-5,0,-16,-11,1,-17,-18,2,-18,0,0,0,6,-9,-8,10,-19,-14,16,-26,-18,23,-30,-23,-2,-15,-15,-8,-20,-20,-14,-23,-23,-20,-25,-25,-9,-11,-13,-17,-15,-18,-22,-19,-20,-28,-23,-22,-14,-7,-11,-21,-12,-15,-25,-16,-17,-29,-20,-18,-17,-5,-11,-23,-9,-13,-26,-12,-14,-30,-15,-15,HELP
0,0,0,-2,-12,-3,-4,-24,-5,-6,-34,-8,-9,-43,-10,-11,-26,-7,3,-29,-11,2,-24,-14,-3,-20,-16,-11,-17,-8,4,-21,-12,2,-16,-13,-3,-14,-14,-10,-8,-9,2,-12,-12,1,-9,-11,-2,-7,-11,-7,0,-10,-7,-1,-14,-15,0,-15,-22,0,-16,0,0,0,5,-10,-7,9,-19,-12,15,-25,-17,23,-29,-21,-3,-16,-13,-10,-20,-18,-17,-23,-22,-23,-25,-24,-9,-11,-12,-17,-16,-16,-23,-19,-17,-28,-23,-19,-14,-7,-10,-21,-11,-13,-25,-15,-14,-29,-18,-15,-17,-4,-10,-22,-8,-12,-26,-10,-12,-29,-14,-13,HELP
0,0,0,-1,-11,-3,-3,-23,-6,-4,-32,-8,-6,-42,-11,-11,-24,-9,5,-28,-14,4,-23,-16,-1,-19,-18,-11,-16,-10,6,-20,-14,4,-14,-16,-1,-12,-17,-9,-7,-11,5,-12,-15,4,-7,-15,0,-5,-14,-6,2,-12,-3,0,-16,-9,1,-18,-15,1,-18,0,0,0,6,-9,-7,10,-18,-13,16,-25,-17,24,-29,-22,-1,-15,-14,-8,-19,-19,-13,-22,-23,-19,-24,-25,-8,-10,-12,-15,-15,-17,-21,-19,-19,-26,-22,-21,-13,-7,-11,-20,-11,-15,-23,-15,-16,-27,-18,-17,-17,-5,-10,-22,-9,-13,-25,-11,-13,-28,-15,-14,HELP
0,0,0,-1,-11,-3,-3,-22,-6,-5,-30,-9,-8,-40,-12,-10,-21,-11,3,-27,-16,2,-24,-19,-2,-21,-21,-10,-13,-12,5,-19,-17,3,-15,-17,-1,-12,-18,-9,-5,-13,3,-11,-18,2,-7,-16,-1,-4,-16,-6,3,-14,-4,1,-19,-10,1,-20,-15,2,-21,0,0,0,5,-10,-7,10,-20,-12,16,-27,-16,24,-31,-20,0,-15,-13,-6,-21,-18,-11,-24,-22,-17,-27,-24,-7,-10,-12,-14,-16,-16,-20,-21,-19,-25,-25,-20,-12,-6,-11,-19,-13,-14,-23,-17,-16,-27,-22,-17,-16,-4,-11,-21,-9,-13,-25,-12,-13,-27,-16,-14,HELP
0,0,0,-2,-11,-3,-5,-23,-6,-8,-32,-9,-11,-41,-11,-13,-24,-9,1,-28,-13,0,-23,-16,-5,-20,-17,-14,-15,-10,2,-20,-14,1,-15,-14,-4,-13,-15,-12,-7,-11,1,-12,-15,0,-8,-13,-2,-5,-13,-9,1,-12,-8,-1,-16,-14,-1,-17,-20,-1,-18,0,0,0,6,-10,-7,11,-20,-12,17,-28,-16,24,-31,-21,1,-16,-13,-6,-21,-18,-11,-25,-22,-17,-27,-24,-6,-11,-12,-14,-17,-16,-19,-21,-18,-24,-25,-20,-11,-7,-11,-18,-13,-14,-22,-17,-15,-26,-21,-16,-15,-4,-10,-20,-9,-12,-24,-12,-13,-26,-16,-14,HELP
0,0,0,0,-10,-2,-1,-20,-5,-2,-29,-7,-5,-37,-9,-6,-18,-7,7,-21,-10,6,-18,-13,2,-15,-15,-6,-10,-7,9,-14,-10,6,-10,-11,2,-8,-13,-5,-2,-8,8,-6,-11,5,-3,-10,1,-2,-10,-3,5,-9,3,3,-12,-1,4,-12,-5,5,-12,0,0,0,6,-10,-6,10,-19,-11,17,-26,-15,24,-29,-20,1,-14,-13,-5,-20,-17,-10,-23,-20,-15,-26,-22,-6,-9,-12,-13,-15,-16,-18,-20,-17,-23,-24,-19,-12,-5,-11,-18,-11,-14,-21,-15,-15,-25,-19,-15,-15,-3,-11,-21,-7,-12,-23,-11,-13,-26,-14,-13,HELP
0,0,0,-1,-11,-2,-1,-21,-4,-3,-29,-6,-5,-37,-7,-6,-20,-6,8,-23,-9,6,-19,-11,2,-17,-13,-6,-11,-6,10,-14,-9,7,-11,-10,2,-10,-11,-4,-3,-7,9,-6,-10,6,-4,-9,3,-3,-9,-2,4,-8,6,3,-11,3,4,-11,-1,6,-11,0,0,0,6,-9,-6,10,-19,-11,17,-25,-15,24,-28,-19,1,-14,-12,-4,-19,-17,-9,-22,-20,-14,-25,-22,-5,-9,-11,-12,-15,-15,-17,-20,-17,-22,-24,-19,-11,-5,-11,-17,-11,-14,-21,-15,-15,-24,-20,-15,-14,-2,-10,-20,-7,-12,-23,-10,-13,-25,-14,-13,HELP
0,0,0,-2,-11,-2,-3,-23,-4,-4,-32,-6,-5,-40,-8,-8,-22,-6,7,-26,-10,6,-22,-12,0,-19,-14,-7,-14,-7,9,-17,-10,6,-14,-11,1,-13,-12,-5,-6,-8,9,-9,-11,5,-7,-10,1,-6,-10,-3,2,-10,5,0,-13,1,1,-13,-4,1,-14,0,0,0,6,-10,-6,10,-19,-10,16,-25,-14,24,-28,-19,2,-14,-12,-3,-19,-17,-8,-22,-20,-13,-25,-23,-5,-9,-11,-12,-15,-16,-17,-19,-18,-21,-24,-19,-10,-5,-11,-16,-11,-14,-20,-15,-16,-24,-20,-17,-14,-2,-11,-19,-6,-13,-22,-10,-14,-25,-14,-15,HELP
0,0,0,-2,-13,-2,-4,-26,-4,-5,-36,-5,-6,-44,-7,-9,-26,-6,6,-31,-10,5,-26,-12,-1,-23,-13,-8,-18,-7,8,-23,-10,5,-18,-11,1,-16,-12,-5,-10,-8,8,-14,-12,5,-11,-11,1,-9,-11,-2,-2,-10,5,-4,-13,1,-3,-13,-3,-2,-14,0,0,0,6,-9,-6,11,-19,-10,16,-26,-14,23,-28,-18,2,-14,-11,-2,-19,-16,-7,-22,-19,-11,-25,-21,-5,-10,-10,-11,-15,-14,-16,-20,-16,-20,-24,-18,-11,-6,-10,-16,-11,-13,-20,-15,-14,-23,-20,-15,-14,-4,-10,-19,-8,-12,-22,-11,-13,-25,-16,-13,HELP
0,0,0,-3,-13,-2,-5,-26,-3,-7,-36,-5,-8,-44,-6,-10,-27,-5,5,-30,-8,4,-25,-10,-1,-23,-12,-8,-19,-6,7,-22,-9,4,-18,-10,0,-16,-10,-6,-11,-7,7,-14,-10,3,-10,-10,0,-9,-10,-3,-3,-9,4,-4,-12,0,-3,-13,-5,-2,-13,0,0,0,6,-10,-6,10,-20,-10,16,-27,-14,23,-29,-18,1,-15,-11,-3,-20,-16,-8,-23,-20,-13,-26,-22,-6,-10,-11,-12,-16,-15,-17,-20,-17,-21,-25,-19,-11,-6,-11,-17,-11,-14,-21,-16,-15,-24,-21,-16,-15,-3,-11,-20,-8,-13,-23,-12,-13,-26,-16,-14,HELP
0,0,0,-3,-13,-1,-5,-26,-3,-6,-35,-5,-7,-44,-6,-9,-27,-5,6,-30,-8,4,-26,-10,-1,-24,-12,-7,-19,-6,8,-22,-9,5,-18,-10,0,-17,-11,-4,-11,-7,8,-14,-10,4,-10,-10,0,-9,-10,-1,-3,-9,5,-4,-12,2,-3,-13,-3,-2,-13,0,0,0,6,-10,-5,10,-20,-9,16,-27,-13,23,-30,-16,2,-15,-10,-3,-20,-14,-7,-24,-18,-12,-27,-20,-5,-10,-10,-11,-16,-14,-16,-21,-16,-20,-25,-17,-10,-7,-9,-16,-12,-13,-20,-17,-14,-24,-21,-15,-14,-4,-10,-19,-9,-12,-22,-12,-13,-25,-16,-13,HELP
0,0,0,-1,-13,-1,-2,-25,-3,-3,-35,-5,-4,-44,-6,-5,-26,-4,10,-28,-8,8,-24,-10,3,-22,-11,-4,-18,-5,11,-20,-8,8,-16,-9,4,-15,-10,-2,-9,-7,12,-12,-10,9,-8,-9,5,-8,-9,0,-2,-8,11,-3,-11,8,-1,-11,3,0,-12,0,0,0,6,-10,-5,11,-19,-9,17,-26,-12,24,-29,-16,3,-16,-10,-1,-20,-14,-6,-24,-17,-10,-27,-19,-4,-11,-9,-10,-16,-13,-15,-21,-15,-19,-25,-17,-10,-8,-9,-15,-12,-12,-19,-16,-14,-22,-21,-15,-13,-5,-10,-18,-9,-11,-21,-12,-12,-24,-16,-13,HELP
0,0,0,-2,-13,-1,-2,-27,-2,-1,-37,-4,-2,-46,-5,-4,-28,-4,10,-32,-8,10,-27,-9,5,-25,-10,-2,-20,-5,13,-23,-8,10,-19,-8,6,-18,-9,0,-12,-7,13,-15,-10,10,-11,-9,6,-10,-9,3,-4,-9,12,-6,-11,9,-4,-11,5,-2,-10,0,0,0,6,-9,-5,10,-19,-8,16,-26,-11,24,-29,-15,2,-15,-10,-2,-20,-14,-6,-24,-17,-11,-27,-19,-5,-10,-9,-11,-16,-13,-15,-21,-15,-19,-25,-17,-10,-7,-9,-16,-12,-12,-19,-16,-13,-23,-20,-14,-14,-4,-10,-19,-9,-12,-22,-12,-12,-24,-15,-13,HELP
0,0,0,-2,-13,-1,-1,-26,-3,0,-36,-4,-1,-45,-5,-3,-27,-4,12,-30,-8,10,-26,-10,6,-25,-11,-1,-19,-5,14,-22,-9,11,-18,-9,6,-17,-10,1,-10,-7,14,-13,-10,11,-10,-9,6,-9,-9,4,-3,-8,13,-4,-10,10,-2,-10,6,-2,-10,0,0,0,5,-10,-4,10,-20,-8,16,-26,-11,24,-28,-14,2,-14,-9,-2,-20,-13,-7,-24,-16,-11,-27,-18,-5,-10,-9,-11,-17,-13,-16,-22,-14,-20,-26,-16,-11,-6,-9,-16,-12,-12,-20,-16,-13,-23,-21,-14,-15,-3,-10,-19,-8,-11,-22,-12,-12,-24,-16,-12,HELP
0,0,0,0,-13,-1,2,-26,-2,3,-36,-4,2,-45,-5,2,-27,-4,16,-30,-8,15,-25,-10,10,-24,-11,3,-20,-6,18,-22,-9,15,-18,-9,11,-17,-9,5,-11,-7,18,-14,-10,15,-10,-9,11,-10,-9,7,-4,-9,17,-5,-11,14,-3,-10,9,-2,-10,0,0,0,5,-10,-4,10,-20,-8,16,-26,-11,24,-29,-15,2,-16,-9,-2,-21,-14,-6,-24,-16,-11,-27,-19,-5,-11,-9,-11,-17,-13,-15,-22,-15,-19,-26,-17,-10,-7,-10,-15,-12,-13,-19,-16,-13,-22,-20,-14,-13,-3,-10,-18,-8,-12,-22,-11,-12,-24,-15,-13,HELP
0,0,0,0,-12,-2,3,-25,-3,5,-35,-5,5,-44,-5,4,-26,-5,18,-29,-9,16,-24,-11,11,-23,-12,5,-19,-6,20,-20,-9,17,-16,-9,12,-16,-9,7,-11,-8,20,-12,-10,16,-9,-9,12,-9,-8,9,-4,-9,19,-5,-10,16,-3,-9,11,-2,-9,0,0,0,6,-9,-5,11,-19,-8,17,-26,-12,26,-29,-15,4,-14,-11,0,-20,-15,-4,-24,-18,-8,-27,-20,-4,-10,-11,-9,-16,-15,-13,-21,-16,-17,-26,-18,-9,-6,-10,-14,-12,-14,-18,-16,-15,-21,-21,-16,-13,-3,-11,-18,-8,-13,-21,-11,-14,-23,-15,-15,HELP
0,0,0,1,-10,-2,4,-24,-4,6,-34,-6,5,-42,-7,5,-25,-7,19,-27,-11,17,-23,-13,13,-21,-13,6,-17,-8,21,-19,-11,18,-15,-11,13,-14,-10,8,-9,-9,21,-10,-11,18,-7,-9,13,-7,-8,10,-2,-10,20,-3,-11,17,-1,-10,13,0,-9,0,0,0,6,-10,-5,11,-20,-8,18,-27,-12,26,-30,-15,3,-14,-11,0,-21,-16,-4,-25,-19,-8,-29,-21,-4,-10,-11,-9,-18,-15,-13,-23,-17,-17,-28,-19,-9,-7,-11,-14,-13,-14,-18,-18,-15,-21,-22,-16,-13,-4,-11,-17,-9,-13,-20,-13,-14,-23,-17,-14,HELP
0,0,0,0,-11,-2,4,-25,-4,6,-34,-5,5,-43,-7,5,-25,-7,18,-27,-11,17,-23,-12,12,-21,-12,6,-17,-8,20,-19,-11,17,-15,-10,13,-14,-10,8,-9,-9,21,-10,-11,17,-8,-9,13,-7,-7,10,-1,-10,20,-3,-11,16,-1,-9,12,0,-8,0,0,0,6,-8,-5,11,-18,-9,19,-23,-12,26,-26,-15,4,-11,-11,1,-17,-16,-2,-21,-19,-7,-25,-21,-3,-7,-11,-8,-14,-15,-12,-19,-16,-16,-24,-18,-9,-4,-10,-14,-9,-14,-17,-14,-15,-20,-18,-16,-13,-2,-11,-17,-7,-13,-20,-10,-13,-22,-14,-14,HELP
0,0,0,0,-10,-2,4,-24,-4,6,-34,-6,5,-42,-7,6,-24,-7,19,-26,-11,17,-22,-12,13,-20,-13,7,-16,-8,21,-18,-11,18,-14,-10,13,-13,-10,8,-8,-9,21,-9,-11,18,-7,-9,13,-6,-7,10,0,-10,20,-2,-11,17,0,-9,13,0,-8,0,0,0,6,-8,-5,11,-18,-8,19,-24,-12,27,-26,-15,4,-12,-11,2,-18,-16,-1,-22,-19,-5,-25,-21,-3,-8,-11,-7,-15,-15,-11,-20,-17,-15,-25,-18,-8,-4,-11,-13,-10,-14,-16,-15,-15,-19,-20,-15,-12,-2,-11,-16,-6,-13,-19,-10,-14,-22,-15,-14,HELP
0,0,0,1,-11,-1,4,-24,-4,6,-34,-6,5,-42,-8,5,-24,-8,19,-26,-12,18,-22,-13,13,-20,-13,7,-16,-9,21,-18,-12,19,-14,-11,13,-13,-11,8,-8,-10,22,-10,-12,18,-7,-10,14,-6,-8,10,0,-11,20,-1,-12,17,0,-11,13,1,-10,0,0,0,5,-9,-4,10,-18,-7,15,-25,-10,20,-29,-13,3,-13,-10,1,-20,-15,-3,-24,-17,-7,-28,-19,-4,-9,-10,-8,-17,-14,-12,-22,-15,-15,-27,-17,-10,-6,-10,-14,-12,-13,-17,-17,-13,-20,-22,-14,-14,-4,-10,-18,-9,-12,-21,-13,-12,-22,-17,-13,HELP
0,0,0,1,-11,-2,5,-24,-4,7,-34,-6,5,-42,-8,5,-24,-8,19,-26,-12,18,-22,-13,13,-20,-13,7,-16,-9,22,-18,-12,19,-14,-11,13,-13,-11,9,-7,-10,22,-9,-12,18,-7,-10,14,-6,-8,11,0,-11,21,-1,-12,18,0,-10,13,1,-9,0,0,0,6,-8,-5,11,-19,-9,18,-25,-12,27,-27,-16,5,-12,-12,2,-19,-17,-1,-22,-20,-5,-26,-22,-2,-8,-12,-7,-15,-16,-11,-21,-18,-14,-26,-20,-8,-5,-12,-12,-11,-15,-16,-16,-16,-19,-21,-17,-12,-2,-12,-16,-7,-14,-19,-11,-15,-21,-16,-16,HELP
0,0,0,0,-11,-2,4,-24,-4,6,-33,-6,5,-42,-8,5,-24,-8,19,-26,-12,18,-22,-13,13,-21,-13,7,-16,-9,22,-18,-12,19,-14,-11,13,-13,-11,9,-7,-10,22,-9,-12,18,-7,-10,14,-6,-8,11,0,-11,20,-1,-12,17,1,-11,13,1,-9,0,0,0,6,-8,-5,11,-18,-9,18,-25,-12,26,-28,-15,4,-13,-11,2,-20,-16,-2,-24,-19,-6,-27,-21,-3,-9,-11,-7,-17,-15,-11,-22,-17,-15,-26,-18,-9,-6,-11,-13,-12,-13,-16,-17,-14,-19,-21,-15,-13,-4,-11,-17,-9,-12,-20,-12,-13,-22,-16,-14,HELP
0,0,0,1,-11,-1,4,-24,-4,6,-33,-6,5,-42,-8,5,-24,-8,19,-26,-12,18,-22,-13,13,-21,-13,6,-16,-9,21,-18,-12,19,-14,-11,13,-13,-10,8,-7,-10,21,-9,-12,18,-7,-9,13,-6,-8,10,0,-11,20,-1,-12,17,0,-10,13,1,-9,0,0,0,6,-8,-5,11,-18,-9,18,-24,-13,26,-27,-16,4,-12,-12,2,-19,-17,-1,-23,-20,-5,-26,-23,-3,-9,-12,-7,-16,-16,-11,-22,-18,-14,-26,-20,-9,-6,-11,-13,-12,-14,-16,-16,-15,-19,-21,-16,-13,-3,-11,-17,-8,-13,-19,-12,-14,-22,-16,-15,HELP
0,0,0,0,-11,-2,4,-24,-4,6,-34,-6,5,-42,-8,5,-24,-8,19,-26,-12,17,-22,-13,13,-21,-13,6,-16,-9,21,-18,-12,18,-14,-11,13,-13,-11,8,-8,-10,21,-9,-12,18,-7,-9,13,-6,-8,10,0,-11,19,-2,-12,17,0,-10,12,0,-9,0,0,0,6,-9,-4,10,-18,-8,17,-24,-11,23,-27,-14,4,-13,-10,1,-19,-14,-3,-23,-17,-7,-27,-19,-3,-9,-10,-8,-16,-14,-12,-21,-15,-16,-26,-17,-9,-6,-10,-13,-11,-13,-17,-16,-14,-20,-20,-14,-13,-3,-10,-17,-7,-12,-20,-11,-13,-22,-15,-13,HELP
0,0,0,1,-10,-1,4,-23,-4,6,-33,-6,6,-41,-7,5,-24,-7,19,-26,-11,17,-22,-13,13,-20,-13,7,-16,-8,21,-18,-11,18,-14,-11,13,-13,-10,8,-8,-9,21,-10,-11,18,-7,-9,13,-6,-7,10,-1,-10,20,-2,-11,17,0,-10,12,0,-8,0,0,0,5,-8,-5,10,-19,-9,16,-26,-12,24,-30,-15,3,-13,-12,1,-20,-17,-3,-25,-20,-7,-29,-22,-4,-9,-12,-9,-17,-16,-13,-22,-18,-16,-27,-19,-9,-6,-11,-14,-12,-14,-18,-17,-15,-21,-21,-16,-13,-4,-11,-18,-9,-13,-21,-12,-14,-24,-17,-15,HELP
0,0,0,1,-11,-1,5,-24,-4,7,-34,-6,6,-42,-7,5,-24,-7,19,-27,-11,17,-22,-13,13,-21,-13,6,-16,-8,21,-18,-11,18,-15,-11,13,-14,-10,8,-8,-9,21,-10,-11,18,-8,-9,14,-7,-7,10,-1,-10,20,-3,-11,18,-1,-9,13,0,-8,0,0,0,5,-10,-5,9,-20,-8,15,-28,-11,22,-31,-14,3,-16,-10,-1,-22,-14,-5,-26,-17,-9,-30,-19,-4,-11,-10,-9,-19,-14,-13,-23,-15,-17,-28,-17,-9,-8,-10,-14,-14,-13,-18,-18,-13,-21,-22,-14,-13,-5,-10,-17,-10,-12,-21,-13,-12,-23,-17,-13,HELP
0,0,0,1,-10,-1,4,-23,-3,6,-33,-5,5,-41,-7,4,-23,-7,18,-26,-11,16,-22,-12,12,-20,-12,6,-16,-8,20,-18,-11,17,-14,-10,12,-13,-10,7,-8,-9,20,-10,-11,17,-7,-9,12,-6,-7,10,-1,-10,19,-3,-11,16,-1,-9,12,0,-8,0,0,0,5,-8,-4,9,-17,-8,14,-24,-10,20,-27,-14,2,-13,-9,-1,-20,-13,-5,-24,-16,-9,-28,-18,-4,-9,-9,-10,-16,-13,-14,-21,-14,-17,-26,-16,-9,-6,-9,-15,-11,-12,-18,-16,-13,-21,-20,-14,-13,-3,-9,-18,-8,-12,-21,-11,-12,-23,-15,-13,HELP
0,0,0,1,-10,-1,4,-22,-3,6,-31,-5,5,-39,-7,5,-22,-7,18,-25,-11,16,-21,-12,12,-19,-12,6,-15,-8,20,-16,-11,16,-13,-10,12,-12,-10,7,-7,-9,20,-8,-11,16,-6,-9,12,-5,-8,9,-1,-10,19,-1,-11,16,0,-10,11,1,-9,0,0,0,6,-8,-4,10,-19,-7,16,-25,-10,23,-29,-13,3,-15,-9,-1,-21,-13,-5,-24,-15,-9,-28,-17,-4,-12,-9,-9,-17,-12,-13,-22,-14,-17,-27,-16,-9,-8,-9,-14,-13,-12,-18,-17,-13,-21,-21,-13,-12,-5,-9,-17,-9,-11,-20,-12,-12,-23,-16,-12,HELP
0,0,0,1,-10,-1,4,-22,-3,6,-31,-5,5,-39,-7,5,-22,-7,18,-25,-11,16,-20,-12,12,-19,-12,6,-15,-8,19,-17,-11,16,-13,-10,12,-12,-10,7,-7,-9,19,-9,-11,16,-6,-9,12,-5,-8,9,0,-10,18,-1,-12,15,1,-10,11,1,-9,0,0,0,6,-9,-5,10,-20,-8,16,-27,-11,23,-31,-14,2,-16,-9,-1,-22,-13,-5,-26,-15,-9,-31,-17,-4,-12,-9,-10,-19,-12,-14,-24,-14,-18,-29,-15,-10,-9,-9,-15,-15,-11,-19,-19,-12,-22,-24,-13,-13,-6,-9,-18,-11,-11,-21,-14,-11,-23,-19,-12,HELP
0,0,0,1,-10,-1,5,-22,-3,6,-31,-5,6,-39,-6,5,-23,-6,18,-25,-10,16,-20,-12,12,-19,-12,6,-15,-7,20,-17,-11,17,-13,-10,12,-12,-9,8,-8,-9,20,-9,-11,17,-6,-9,12,-6,-7,10,-1,-10,19,-2,-11,16,0,-9,12,0,-8,0,0,0,5,-9,-5,10,-19,-8,15,-27,-11,22,-31,-14,2,-15,-9,-1,-21,-13,-6,-25,-16,-10,-29,-18,-5,-12,-9,-11,-18,-13,-15,-24,-14,-19,-29,-16,-10,-8,-9,-16,-14,-12,-19,-18,-13,-23,-23,-13,-14,-6,-9,-19,-10,-11,-22,-13,-11,-24,-17,-12,HELP
0,0,0,0,-10,-1,3,-22,-3,5,-31,-5,4,-39,-7,4,-22,-7,17,-25,-12,15,-21,-12,11,-19,-13,5,-15,-8,18,-17,-12,15,-14,-11,11,-12,-10,6,-7,-10,19,-9,-12,15,-7,-10,11,-6,-8,8,0,-11,17,-2,-12,14,0,-11,10,0,-9,0,0,0,6,-10,-5,10,-20,-8,15,-28,-11,23,-32,-14,2,-16,-9,-2,-23,-12,-6,-27,-15,-10,-30,-17,-5,-12,-9,-11,-19,-12,-15,-24,-14,-19,-29,-15,-10,-8,-9,-16,-14,-12,-20,-19,-12,-23,-23,-13,-13,-5,-9,-18,-10,-11,-22,-14,-11,-25,-18,-12,HELP
0,0,0,1,-9,-1,4,-22,-3,5,-30,-5,5,-38,-7,4,-22,-7,17,-25,-11,15,-20,-12,11,-19,-12,4,-15,-8,19,-16,-11,16,-13,-11,11,-12,-10,6,-7,-9,19,-8,-12,16,-6,-10,11,-6,-8,7,0,-10,17,-1,-12,14,0,-10,10,0,-9,0,0,0,5,-11,-5,9,-21,-8,15,-29,-11,22,-33,-14,0,-19,-8,-4,-26,-11,-9,-29,-14,-13,-32,-16,-6,-15,-8,-12,-21,-11,-17,-26,-13,-21,-31,-15,-11,-10,-8,-17,-17,-11,-21,-20,-12,-24,-25,-12,-14,-7,-8,-19,-12,-10,-23,-16,-11,-26,-20,-11,HELP
0,0,0,2,-9,-2,5,-21,-4,7,-30,-5,7,-37,-6,5,-22,-6,18,-23,-10,17,-19,-12,12,-18,-12,6,-14,-7,20,-15,-11,17,-12,-10,12,-12,-10,7,-7,-8,19,-7,-11,16,-5,-9,12,-5,-8,8,0,-9,17,0,-11,15,1,-10,11,0,-9,0,0,0,5,-10,-5,9,-20,-8,15,-28,-11,23,-32,-15,0,-17,-9,-5,-24,-12,-10,-28,-15,-14,-31,-17,-6,-12,-9,-13,-20,-12,-18,-25,-14,-22,-30,-16,-10,-8,-9,-16,-15,-11,-21,-19,-12,-25,-24,-13,-14,-5,-9,-19,-11,-11,-22,-14,-11,-26,-18,-12,HELP
0,0,0,1,-9,-1,5,-21,-3,7,-30,-5,6,-37,-6,5,-22,-6,18,-23,-10,16,-19,-12,12,-18,-12,6,-15,-7,19,-15,-11,16,-12,-10,11,-11,-10,7,-7,-8,18,-7,-11,15,-5,-9,11,-5,-8,8,0,-10,16,0,-11,13,1,-10,8,1,-9,0,0,0,5,-10,-5,10,-20,-9,15,-27,-12,22,-31,-15,-1,-18,-9,-6,-24,-12,-10,-28,-15,-15,-31,-17,-7,-13,-8,-13,-20,-12,-18,-24,-13,-23,-28,-15,-11,-9,-8,-17,-15,-11,-21,-19,-12,-25,-23,-13,-15,-6,-8,-20,-11,-10,-23,-14,-11,-26,-17,-11,HELP
0,0,0,1,-9,-1,5,-21,-3,8,-30,-5,7,-37,-6,6,-22,-6,19,-24,-10,17,-19,-11,13,-18,-12,7,-15,-7,21,-16,-11,18,-12,-10,13,-12,-10,8,-7,-9,20,-8,-11,18,-5,-9,14,-5,-8,9,0,-10,19,-1,-11,17,1,-10,14,1,-9,0,0,0,6,-10,-5,10,-21,-9,16,-28,-12,22,-32,-16,0,-18,-10,-6,-24,-13,-11,-28,-16,-15,-31,-18,-6,-13,-9,-13,-19,-13,-19,-24,-14,-23,-27,-16,-11,-9,-9,-18,-15,-11,-22,-19,-12,-26,-23,-13,-15,-6,-8,-20,-11,-10,-23,-14,-11,-26,-17,-11,HELP
0,0,0,1,-9,-1,6,-21,-3,9,-31,-5,8,-39,-6,6,-22,-6,19,-25,-11,17,-21,-12,13,-19,-12,7,-15,-8,21,-17,-11,17,-13,-11,12,-12,-10,9,-8,-9,21,-9,-12,17,-6,-10,13,-5,-8,10,0,-11,19,-2,-12,16,0,-11,12,0,-10,0,0,0,6,-10,-6,10,-21,-10,16,-29,-13,22,-33,-17,0,-18,-10,-6,-25,-15,-11,-29,-17,-16,-31,-19,-7,-14,-10,-14,-20,-13,-19,-24,-15,-24,-28,-17,-12,-10,-9,-18,-16,-12,-22,-20,-13,-26,-23,-14,-15,-7,-9,-20,-12,-11,-23,-14,-11,-27,-17,-12,HELP
0,0,0,1,-10,-1,6,-22,-3,8,-31,-5,7,-39,-7,6,-23,-6,18,-25,-10,16,-21,-12,13,-19,-12,6,-16,-7,20,-18,-11,17,-14,-10,13,-13,-10,8,-9,-9,20,-10,-11,17,-7,-9,13,-6,-7,9,-2,-11,19,-4,-11,17,-1,-9,13,0,-8,0,0,0,6,-9,-5,10,-20,-9,16,-28,-13,23,-32,-16,-1,-17,-10,-6,-24,-14,-11,-27,-17,-16,-30,-19,-7,-13,-9,-14,-19,-13,-19,-24,-14,-23,-27,-16,-13,-9,-9,-18,-15,-11,-22,-19,-12,-25,-23,-13,-16,-7,-8,-21,-11,-10,-23,-14,-10,-26,-17,-11,HELP
0,0,0,1,-10,-1,5,-22,-4,7,-31,-6,6,-39,-7,4,-23,-7,17,-25,-11,16,-20,-13,12,-19,-13,5,-16,-8,19,-17,-11,16,-13,-11,12,-12,-10,6,-8,-9,19,-9,-12,16,-6,-10,12,-6,-8,8,-1,-11,17,-3,-12,15,0,-10,11,0,-9,0,0,0,6,-11,-6,10,-22,-10,15,-29,-13,22,-33,-17,-1,-19,-11,-7,-26,-15,-12,-29,-18,-17,-32,-20,-7,-14,-10,-14,-21,-14,-19,-25,-15,-24,-29,-17,-12,-11,-9,-18,-16,-12,-22,-21,-13,-26,-25,-14,-15,-7,-9,-21,-13,-11,-24,-16,-11,-26,-20,-11,HELP
0,0,0,1,-9,-2,5,-21,-4,8,-30,-6,7,-38,-7,5,-22,-7,18,-23,-11,17,-18,-13,12,-17,-13,6,-14,-8,20,-15,-11,17,-11,-11,12,-11,-10,7,-7,-9,19,-7,-11,17,-4,-10,12,-4,-8,8,1,-10,17,0,-12,15,2,-10,11,2,-9,0,0,0,6,-10,-6,9,-21,-10,15,-29,-13,22,-33,-17,-2,-19,-10,-8,-25,-14,-14,-29,-17,-19,-31,-19,-8,-14,-9,-16,-20,-12,-21,-25,-14,-26,-29,-16,-13,-10,-8,-19,-16,-11,-23,-20,-12,-27,-24,-13,-16,-7,-8,-21,-13,-10,-25,-16,-10,-27,-19,-10,HELP
0,0,0,1,-9,-1,5,-21,-4,8,-30,-6,7,-38,-7,5,-22,-8,17,-25,-12,17,-20,-13,12,-18,-13,5,-15,-9,19,-17,-12,17,-12,-11,12,-11,-10,6,-7,-10,19,-8,-12,17,-5,-10,12,-5,-8,7,0,-11,18,-1,-12,16,1,-10,12,1,-9,0,0,0,6,-10,-6,10,-20,-10,15,-27,-14,22,-31,-18,-1,-16,-11,-8,-23,-16,-13,-26,-18,-18,-29,-20,-8,-12,-10,-15,-19,-14,-21,-24,-15,-25,-28,-17,-13,-8,-9,-19,-15,-12,-23,-20,-13,-27,-24,-14,-16,-6,-9,-22,-12,-10,-25,-15,-11,-27,-19,-11,HELP
0,0,0,1,-10,-2,5,-22,-5,6,-31,-8,5,-39,-10,2,-22,-10,16,-26,-14,16,-21,-14,12,-18,-14,3,-15,-11,18,-18,-14,17,-14,-12,13,-12,-11,5,-7,-11,19,-9,-13,17,-6,-10,12,-5,-9,7,0,-12,17,-1,-13,15,0,-12,11,0,-11,0,0,0,5,-10,-6,8,-21,-11,12,-29,-15,19,-32,-18,-2,-16,-12,-10,-22,-17,-16,-26,-20,-22,-28,-22,-9,-11,-11,-18,-18,-16,-24,-23,-18,-29,-28,-19,-13,-7,-11,-21,-14,-14,-26,-19,-15,-31,-24,-16,-16,-5,-10,-23,-11,-12,-27,-15,-13,-30,-19,-14,HELP
0,0,0,1,-9,-2,5,-21,-5,6,-30,-7,5,-38,-8,2,-22,-9,16,-25,-13,16,-20,-13,12,-18,-13,3,-14,-9,18,-17,-13,17,-13,-12,13,-10,-11,4,-7,-10,18,-9,-13,17,-6,-11,14,-4,-9,6,0,-11,17,-2,-12,16,1,-11,12,2,-11,0,0,0,5,-10,-6,9,-20,-11,13,-28,-15,19,-31,-19,-3,-16,-12,-10,-22,-16,-16,-26,-19,-21,-29,-21,-9,-11,-11,-17,-18,-15,-23,-23,-17,-28,-29,-19,-13,-7,-10,-21,-14,-13,-25,-19,-15,-30,-23,-16,-16,-5,-9,-22,-10,-12,-26,-14,-13,-29,-17,-14,HELP
0,0,0,2,-10,-3,4,-21,-5,6,-30,-7,5,-38,-9,1,-22,-9,15,-25,-13,15,-19,-13,12,-17,-13,2,-15,-9,17,-17,-13,17,-12,-12,14,-10,-11,3,-7,-10,17,-9,-13,17,-6,-11,14,-4,-9,5,0,-10,16,-2,-12,15,0,-11,12,1,-11,0,0,0,6,-10,-7,9,-20,-12,13,-28,-16,19,-32,-20,-2,-15,-13,-9,-21,-18,-15,-25,-21,-20,-29,-23,-8,-10,-12,-17,-18,-17,-23,-24,-19,-28,-29,-21,-12,-7,-11,-20,-14,-15,-25,-19,-17,-30,-25,-18,-14,-5,-11,-21,-10,-13,-25,-14,-14,-29,-18,-15,HELP
0,0,0,2,-9,-2,5,-20,-4,6,-29,-6,5,-37,-8,2,-22,-8,15,-24,-12,16,-19,-12,12,-16,-12,2,-14,-9,17,-16,-12,17,-11,-11,15,-9,-10,3,-6,-9,18,-8,-12,18,-4,-11,15,-2,-10,5,1,-10,16,0,-12,16,2,-12,14,3,-11,0,0,0,5,-10,-6,9,-20,-11,13,-28,-16,19,-32,-20,-2,-16,-13,-9,-22,-18,-15,-26,-21,-21,-30,-23,-8,-11,-12,-17,-18,-16,-22,-24,-18,-28,-29,-20,-13,-8,-11,-20,-14,-15,-25,-20,-16,-29,-24,-17,-15,-5,-11,-21,-10,-13,-25,-14,-14,-29,-18,-15,HELP
0,0,0,1,-9,-2,4,-21,-4,6,-29,-5,5,-37,-7,2,-22,-7,14,-24,-11,14,-19,-12,10,-18,-12,2,-15,-8,16,-16,-11,15,-12,-10,12,-10,-10,3,-7,-9,17,-8,-12,16,-5,-10,13,-3,-10,6,0,-10,16,0,-12,15,2,-11,13,3,-11,0,0,0,5,-11,-6,9,-21,-11,13,-29,-15,19,-33,-20,-2,-17,-13,-10,-23,-18,-16,-28,-20,-22,-32,-22,-8,-12,-12,-17,-20,-16,-23,-26,-18,-29,-31,-20,-12,-8,-11,-20,-16,-14,-25,-21,-16,-30,-26,-17,-15,-5,-10,-21,-11,-13,-25,-15,-14,-29,-18,-14,HELP
0,0,0,1,-10,-2,4,-22,-3,6,-30,-5,6,-38,-6,2,-24,-6,15,-24,-10,14,-20,-11,10,-19,-11,3,-17,-7,17,-17,-10,15,-13,-10,11,-12,-10,4,-9,-8,18,-9,-11,16,-6,-9,12,-5,-9,6,-2,-9,16,-2,-11,15,0,-10,12,1,-10,0,0,0,6,-9,-7,9,-19,-12,13,-28,-16,19,-31,-20,-2,-16,-14,-10,-22,-19,-16,-27,-22,-21,-31,-24,-8,-11,-13,-17,-19,-17,-23,-25,-19,-29,-30,-21,-13,-7,-11,-20,-15,-15,-25,-21,-17,-30,-26,-18,-16,-5,-11,-22,-11,-13,-26,-15,-14,-29,-19,-15,HELP
0,0,0,2,-9,-2,5,-21,-4,7,-30,-5,7,-38,-6,4,-23,-6,16,-25,-9,15,-20,-11,11,-19,-11,5,-17,-6,18,-17,-9,16,-13,-9,12,-13,-9,6,-9,-7,19,-10,-10,16,-7,-8,13,-6,-8,8,-3,-8,18,-3,-10,17,0,-9,13,0,-8,0,0,0,5,-10,-7,9,-21,-12,13,-29,-16,19,-33,-21,-2,-17,-14,-10,-24,-19,-16,-29,-22,-22,-33,-24,-8,-12,-13,-17,-20,-18,-23,-27,-20,-29,-32,-22,-12,-8,-12,-20,-16,-16,-26,-22,-18,-30,-28,-19,-15,-5,-11,-22,-11,-14,-26,-16,-16,-30,-20,-17,HELP
0,0,0,1,-9,-2,5,-20,-3,7,-30,-5,6,-38,-6,4,-23,-6,16,-24,-10,15,-19,-11,10,-18,-12,5,-16,-7,18,-17,-10,15,-12,-9,11,-12,-9,6,-9,-8,18,-9,-10,15,-6,-9,12,-6,-8,8,-2,-9,18,-2,-10,16,1,-9,13,1,-8,0,0,0,6,-10,-8,9,-20,-13,14,-29,-18,20,-33,-22,-2,-17,-16,-9,-24,-22,-15,-29,-25,-21,-33,-27,-8,-12,-15,-17,-21,-20,-23,-28,-22,-29,-33,-24,-13,-9,-13,-20,-17,-17,-25,-23,-19,-29,-28,-21,-15,-6,-12,-21,-12,-15,-25,-16,-17,-29,-20,-18,HELP
0,0,0,1,-8,-1,5,-19,-3,7,-28,-5,6,-36,-6,4,-22,-5,15,-25,-9,14,-19,-11,10,-18,-11,5,-16,-6,17,-17,-10,14,-13,-9,10,-12,-9,6,-9,-8,18,-10,-10,15,-6,-8,11,-6,-7,8,-2,-9,17,-2,-10,15,0,-9,12,1,-8,0,0,0,5,-11,-6,9,-21,-11,14,-29,-15,19,-33,-19,-2,-18,-13,-10,-25,-18,-16,-30,-21,-21,-34,-23,-8,-12,-13,-17,-22,-17,-23,-29,-19,-29,-34,-20,-12,-8,-12,-20,-17,-15,-25,-23,-17,-30,-29,-18,-14,-5,-12,-21,-11,-14,-25,-16,-15,-28,-20,-16,HELP
0,0,0,2,-8,-1,5,-19,-3,8,-28,-5,7,-36,-6,4,-22,-6,16,-24,-10,15,-19,-11,11,-18,-12,6,-16,-7,18,-17,-10,15,-12,-10,11,-11,-10,7,-8,-8,18,-9,-11,16,-5,-9,12,-5,-8,9,-1,-9,18,-2,-11,16,1,-10,13,1,-9,0,0,0,4,-10,-6,8,-21,-11,12,-29,-16,18,-33,-20,-3,-18,-14,-11,-26,-19,-17,-31,-22,-22,-35,-24,-8,-13,-14,-18,-22,-18,-25,-29,-21,-30,-35,-22,-13,-9,-13,-21,-17,-17,-27,-24,-19,-31,-30,-20,-15,-6,-13,-22,-12,-16,-26,-17,-17,-30,-21,-18,HELP
0,0,0,0,-8,-1,4,-19,-3,6,-27,-5,5,-35,-6,3,-22,-6,14,-25,-10,12,-20,-11,9,-18,-11,4,-16,-7,16,-18,-10,13,-13,-9,9,-12,-9,5,-9,-8,17,-10,-10,14,-6,-9,10,-5,-7,8,-2,-9,16,-2,-10,14,1,-9,11,1,-8,0,0,0,4,-11,-6,8,-21,-12,12,-30,-16,18,-34,-21,-3,-18,-15,-11,-27,-20,-17,-33,-23,-22,-37,-25,-8,-13,-14,-18,-24,-19,-25,-31,-21,-30,-37,-23,-13,-9,-13,-21,-19,-17,-27,-26,-19,-31,-32,-20,-16,-6,-13,-22,-14,-16,-27,-19,-17,-31,-23,-18,HELP
0,0,0,1,-8,-1,4,-19,-2,6,-27,-4,6,-35,-5,3,-22,-5,15,-24,-9,13,-19,-10,9,-18,-10,4,-16,-6,17,-17,-9,14,-13,-9,10,-12,-9,6,-9,-8,18,-10,-10,15,-6,-9,11,-6,-7,8,-2,-9,17,-2,-11,15,1,-9,12,2,-8,0,0,0,5,-10,-7,9,-20,-12,13,-29,-17,19,-34,-21,-2,-18,-15,-10,-27,-20,-16,-32,-23,-22,-37,-25,-8,-13,-14,-17,-23,-19,-24,-31,-22,-29,-37,-23,-13,-9,-13,-21,-18,-17,-26,-25,-19,-30,-31,-20,-15,-6,-12,-22,-13,-16,-26,-18,-17,-30,-23,-18,HELP
0,0,0,-1,-9,-1,2,-20,-3,5,-29,-5,4,-36,-7,2,-22,-7,13,-25,-11,11,-21,-12,7,-20,-13,4,-15,-8,15,-17,-12,12,-14,-12,8,-13,-12,6,-7,-9,16,-9,-13,13,-6,-12,10,-6,-11,8,1,-11,16,1,-14,17,2,-14,17,2,-13,0,0,0,5,-10,-6,8,-21,-12,13,-30,-16,19,-34,-21,-2,-19,-15,-10,-28,-20,-17,-33,-23,-22,-38,-25,-8,-13,-14,-17,-24,-19,-24,-32,-21,-30,-38,-23,-12,-9,-13,-21,-19,-17,-26,-26,-19,-31,-32,-20,-15,-6,-13,-22,-13,-16,-26,-18,-17,-30,-24,-18,HELP
0,0,0,-2,-9,-2,1,-20,-4,4,-28,-6,3,-36,-7,2,-22,-7,11,-25,-11,9,-21,-12,5,-20,-13,4,-16,-8,14,-17,-12,11,-14,-12,6,-14,-12,6,-8,-9,14,-8,-13,12,-6,-12,9,-6,-11,8,0,-10,15,1,-13,16,2,-13,16,2,-13,0,0,0,5,-10,-7,9,-20,-12,13,-30,-16,18,-35,-21,-2,-19,-15,-11,-28,-20,-17,-34,-23,-23,-39,-25,-8,-14,-14,-18,-25,-19,-24,-33,-21,-30,-39,-23,-13,-9,-13,-21,-20,-17,-27,-27,-19,-31,-33,-20,-16,-6,-13,-22,-14,-16,-26,-19,-17,-30,-24,-18,HELP
0,0,0,-3,-8,-2,-1,-19,-4,2,-26,-6,1,-34,-8,3,-23,-7,8,-25,-11,4,-22,-14,0,-21,-15,5,-16,-8,11,-17,-13,6,-14,-14,1,-15,-14,7,-8,-9,12,-8,-14,8,-6,-13,5,-6,-12,7,1,-11,13,2,-15,12,2,-14,11,2,-14,0,0,0,5,-10,-7,8,-20,-12,12,-30,-17,18,-36,-22,-2,-19,-15,-10,-29,-21,-17,-36,-24,-23,-41,-26,-8,-14,-15,-18,-26,-20,-25,-35,-23,-31,-42,-25,-13,-10,-14,-22,-21,-18,-27,-29,-20,-32,-35,-21,-17,-7,-13,-23,-15,-16,-27,-21,-18,-31,-27,-19,HELP
0,0,0,-2,-9,-3,0,-18,-5,2,-26,-7,1,-32,-9,5,-20,-8,5,-22,-13,1,-19,-15,-3,-18,-16,7,-14,-9,10,-14,-14,5,-12,-15,1,-13,-15,8,-6,-10,12,-6,-15,8,-5,-15,5,-6,-14,9,2,-11,14,3,-15,14,4,-15,15,3,-15,0,0,0,5,-9,-6,9,-20,-12,13,-29,-16,18,-35,-20,-2,-19,-14,-10,-29,-20,-16,-35,-23,-22,-40,-25,-8,-14,-14,-17,-26,-19,-24,-34,-21,-30,-41,-23,-13,-9,-13,-21,-20,-17,-26,-28,-19,-31,-34,-20,-16,-6,-13,-22,-14,-16,-26,-19,-17,-29,-24,-18,HELP
0,0,0,2,-5,-2,8,-13,-4,14,-19,-7,18,-24,-9,5,-19,-6,14,-23,-10,13,-20,-12,9,-18,-12,6,-15,-7,16,-17,-10,14,-13,-10,10,-13,-10,8,-9,-8,17,-10,-10,15,-8,-8,11,-7,-7,9,-3,-10,17,-3,-11,16,-1,-9,13,-1,-8,0,0,0,6,-11,-7,9,-22,-12,13,-32,-16,18,-37,-21,-1,-21,-15,-10,-31,-21,-17,-37,-24,-22,-43,-26,-8,-15,-15,-17,-28,-20,-24,-36,-23,-30,-44,-25,-12,-11,-14,-21,-22,-18,-26,-30,-20,-31,-37,-22,-15,-7,-14,-22,-16,-17,-26,-22,-18,-30,-27,-19,HELP
0,0,0,0,-7,-1,3,-15,-3,6,-21,-5,7,-25,-6,5,-20,-5,13,-24,-9,10,-20,-10,6,-19,-11,7,-15,-7,15,-16,-10,12,-14,-11,7,-14,-10,8,-8,-8,17,-9,-12,13,-7,-11,9,-7,-10,9,0,-10,17,2,-13,18,3,-13,19,3,-13,0,0,0,5,-10,-6,8,-21,-12,12,-31,-16,17,-37,-21,-2,-20,-16,-11,-31,-21,-18,-38,-24,-24,-43,-26,-8,-14,-15,-19,-28,-21,-26,-37,-23,-31,-44,-25,-13,-10,-15,-22,-22,-19,-28,-30,-21,-32,-37,-22,-16,-6,-14,-23,-15,-18,-28,-21,-19,-31,-27,-20,HELP
0,0,0,2,-5,-1,6,-12,-3,10,-16,-6,13,-17,-8,5,-18,-6,14,-23,-9,12,-20,-10,8,-18,-10,7,-14,-7,16,-17,-10,13,-13,-9,9,-13,-9,8,-9,-9,17,-11,-10,14,-8,-8,10,-7,-7,9,-3,-10,16,-3,-11,15,-1,-9,12,-1,-8,0,0,0,5,-11,-7,8,-22,-12,12,-32,-16,17,-38,-21,-2,-21,-16,-11,-33,-22,-18,-40,-25,-23,-45,-27,-9,-16,-16,-19,-29,-21,-26,-38,-24,-32,-46,-26,-13,-11,-15,-22,-23,-19,-28,-32,-21,-32,-39,-23,-17,-8,-14,-23,-17,-18,-27,-23,-19,-31,-28,-20,HELP
0,0,0,2,-6,1,6,-13,-1,9,-17,-4,11,-19,-6,4,-18,-5,14,-23,-7,13,-19,-8,9,-18,-8,6,-14,-7,17,-16,-9,15,-12,-8,11,-12,-8,7,-8,-8,18,-9,-10,16,-6,-8,12,-6,-7,9,-2,-10,17,-2,-11,17,1,-9,15,2,-8,0,0,0,6,-11,-7,9,-22,-12,12,-32,-16,18,-38,-21,-2,-22,-16,-11,-33,-21,-17,-40,-24,-23,-46,-26,-8,-17,-15,-18,-30,-21,-25,-39,-23,-31,-47,-25,-13,-12,-14,-21,-24,-19,-27,-33,-21,-31,-40,-22,-16,-9,-14,-23,-18,-17,-27,-24,-19,-30,-30,-20,HELP
0,0,0,1,-7,0,4,-15,-2,6,-20,-4,5,-20,-6,4,-20,-5,13,-23,-7,11,-20,-8,7,-19,-8,7,-15,-6,16,-17,-8,13,-14,-8,9,-13,-8,8,-9,-8,17,-11,-9,15,-8,-8,11,-7,-7,10,-3,-9,17,-3,-10,16,-1,-8,14,0,-7,0,0,0,5,-11,-6,8,-22,-11,12,-33,-15,18,-39,-20,-2,-22,-15,-10,-33,-21,-17,-40,-24,-22,-46,-26,-8,-17,-15,-18,-30,-20,-25,-40,-23,-31,-47,-25,-13,-12,-14,-21,-24,-19,-27,-33,-21,-32,-40,-22,-16,-8,-14,-22,-17,-17,-26,-23,-19,-30,-29,-20,HELP
0,0,0,1,-8,-2,3,-16,-5,4,-20,-7,2,-20,-10,4,-20,-7,13,-24,-11,12,-21,-12,8,-19,-12,6,-14,-9,16,-17,-12,14,-14,-11,9,-13,-11,8,-7,-10,17,-9,-12,15,-7,-11,12,-6,-9,10,0,-11,17,0,-13,17,2,-11,16,3,-10,0,0,0,5,-12,-6,9,-23,-12,12,-33,-16,18,-39,-21,-2,-23,-16,-12,-35,-21,-18,-42,-24,-23,-48,-26,-9,-18,-15,-19,-32,-21,-25,-41,-23,-31,-49,-25,-13,-13,-15,-22,-25,-19,-27,-34,-21,-32,-41,-23,-17,-9,-14,-23,-18,-18,-27,-24,-19,-30,-30,-20,HELP
0,0,0,6,-8,-8,10,-17,-14,16,-24,-19,24,-27,-24,0,-12,-17,-7,-16,-23,-13,-19,-27,-20,-20,-29,-7,-7,-15,-16,-12,-20,-22,-16,-23,-28,-18,-25,-12,-5,-13,-20,-9,-18,-25,-13,-20,-30,-16,-21,-16,-3,-12,-22,-7,-15,-26,-10,-16,-30,-13,-17,0,0,0,0,-12,-2,1,-26,-6,4,-38,-9,5,-48,-12,-1,-25,-7,9,-31,-10,7,-28,-10,4,-27,-9,0,-17,-8,10,-23,-10,8,-20,-9,5,-18,-9,2,-9,-9,12,-14,-11,10,-11,-9,6,-10,-8,4,-2,-11,12,-5,-12,11,-3,-11,8,-2,-11,HELP
0,0,0,6,-8,-8,10,-17,-14,16,-24,-19,24,-26,-24,0,-11,-16,-7,-15,-23,-13,-17,-27,-20,-19,-29,-7,-7,-15,-16,-12,-20,-21,-15,-22,-27,-18,-24,-12,-4,-13,-20,-9,-17,-25,-13,-19,-30,-15,-20,-16,-3,-12,-22,-7,-14,-26,-10,-15,-29,-13,-16,0,0,0,1,-14,-1,3,-28,-4,4,-38,-6,4,-48,-7,-2,-28,-5,14,-31,-10,12,-25,-11,7,-25,-12,-2,-19,-7,15,-21,-11,12,-17,-10,7,-17,-11,0,-10,-8,15,-13,-11,12,-9,-10,7,-9,-10,2,-3,-10,13,-4,-12,10,-2,-11,6,-1,-11,HELP
0,0,0,7,-8,-9,11,-16,-16,18,-23,-21,25,-26,-26,0,-12,-17,-7,-15,-23,-13,-17,-27,-19,-18,-30,-7,-8,-15,-15,-12,-20,-21,-15,-23,-26,-17,-25,-12,-5,-13,-19,-9,-17,-24,-12,-19,-29,-15,-20,-15,-3,-12,-21,-7,-14,-24,-9,-15,-28,-11,-16,0,0,0,1,-15,-2,3,-28,-5,4,-38,-7,3,-47,-9,-2,-27,-7,14,-29,-12,12,-24,-13,7,-25,-14,-1,-17,-8,16,-19,-13,12,-16,-13,8,-16,-13,0,-8,-10,16,-10,-13,12,-7,-12,8,-6,-12,2,0,-11,14,-1,-14,11,1,-14,7,1,-14,HELP
0,0,0,7,-8,-9,11,-17,-15,17,-24,-20,24,-27,-25,-1,-13,-16,-7,-16,-22,-13,-17,-26,-19,-18,-29,-7,-9,-14,-15,-13,-19,-21,-15,-22,-27,-18,-24,-12,-6,-12,-19,-10,-17,-24,-12,-18,-29,-15,-20,-15,-4,-11,-21,-7,-14,-25,-9,-15,-29,-12,-16,0,0,0,1,-14,-2,3,-28,-4,4,-38,-7,3,-48,-8,-1,-27,-7,15,-30,-12,13,-25,-14,7,-24,-15,-1,-18,-9,16,-20,-13,12,-16,-13,8,-16,-14,1,-8,-10,16,-10,-14,12,-7,-13,8,-7,-13,3,0,-12,13,-1,-15,10,0,-15,5,1,-15,HELP
0,0,0,6,-9,-8,10,-18,-13,16,-25,-18,23,-28,-23,-1,-13,-15,-7,-17,-21,-13,-19,-25,-19,-20,-28,-7,-8,-14,-16,-13,-19,-21,-16,-21,-27,-19,-23,-12,-5,-12,-20,-10,-16,-24,-13,-18,-29,-16,-19,-16,-3,-11,-21,-8,-14,-25,-11,-15,-28,-14,-16,0,0,0,1,-14,-2,3,-27,-4,4,-37,-6,4,-47,-8,-1,-27,-6,15,-29,-11,13,-24,-13,8,-24,-13,0,-17,-8,17,-19,-12,13,-15,-12,8,-15,-12,1,-8,-9,16,-10,-13,13,-6,-12,8,-6,-11,3,0,-11,14,-1,-13,11,1,-13,7,1,-13,HELP
0,0,0,6,-8,-8,10,-17,-14,16,-23,-19,24,-26,-24,0,-12,-15,-7,-15,-20,-12,-17,-24,-18,-18,-26,-7,-7,-13,-15,-12,-18,-21,-15,-21,-26,-18,-23,-12,-4,-12,-19,-9,-16,-24,-12,-18,-29,-15,-19,-15,-2,-11,-21,-6,-14,-25,-9,-15,-28,-11,-16,0,0,0,1,-14,-1,4,-28,-3,5,-38,-5,4,-48,-7,0,-27,-6,15,-30,-10,13,-25,-12,8,-25,-13,0,-18,-7,17,-19,-11,13,-16,-12,8,-16,-12,2,-8,-9,17,-10,-12,13,-8,-11,8,-8,-11,4,-1,-11,15,-2,-13,11,0,-12,7,0,-12,HELP
0,0,0,7,-7,-9,11,-15,-15,17,-22,-20,24,-26,-25,-1,-12,-16,-6,-15,-22,-12,-16,-26,-18,-17,-28,-7,-8,-14,-15,-12,-19,-20,-15,-22,-26,-17,-24,-12,-5,-12,-19,-9,-17,-24,-12,-18,-28,-15,-20,-15,-2,-11,-21,-6,-14,-25,-8,-15,-28,-11,-16,0,0,0,1,-14,-2,4,-27,-4,5,-37,-6,4,-47,-7,0,-26,-7,15,-29,-11,13,-24,-13,8,-24,-14,1,-17,-8,17,-19,-12,13,-15,-12,9,-16,-13,2,-8,-9,17,-9,-13,13,-7,-12,9,-7,-11,4,0,-11,15,-1,-13,11,0,-13,7,0,-13,HELP
0,0,0,5,-8,-8,9,-17,-14,15,-23,-19,22,-26,-24,-2,-12,-15,-9,-15,-21,-14,-16,-25,-20,-17,-27,-9,-8,-13,-17,-12,-18,-22,-15,-21,-27,-17,-23,-14,-5,-12,-21,-9,-16,-25,-12,-17,-30,-14,-19,-17,-3,-11,-22,-7,-13,-26,-9,-14,-29,-11,-15,0,0,0,1,-14,-2,4,-27,-4,5,-37,-6,4,-47,-8,1,-26,-7,16,-28,-12,14,-24,-13,9,-24,-15,2,-17,-8,17,-19,-12,14,-16,-12,9,-16,-13,3,-8,-9,17,-10,-13,14,-7,-11,9,-7,-11,5,0,-11,15,-1,-13,12,1,-13,8,1,-12,HELP
0,0,0,6,-7,-9,10,-15,-15,16,-21,-19,23,-23,-24,-1,-10,-16,-7,-13,-22,-12,-14,-25,-18,-15,-28,-8,-7,-14,-15,-11,-19,-20,-13,-21,-26,-15,-22,-13,-4,-12,-20,-8,-16,-24,-10,-18,-29,-12,-19,-16,-2,-11,-22,-5,-13,-25,-7,-14,-28,-9,-15,0,0,0,2,-13,-2,5,-26,-5,7,-37,-7,6,-47,-8,2,-26,-8,17,-28,-12,15,-24,-14,10,-23,-15,3,-16,-8,19,-18,-12,15,-15,-12,11,-15,-12,4,-7,-10,19,-9,-13,15,-7,-11,11,-6,-10,6,0,-11,17,-1,-13,14,1,-12,10,1,-12,HELP
0,0,0,7,-6,-9,12,-13,-15,18,-20,-21,25,-22,-26,1,-10,-16,-5,-12,-22,-11,-13,-26,-16,-12,-29,-6,-6,-14,-13,-10,-19,-18,-12,-22,-23,-13,-23,-12,-4,-13,-18,-7,-16,-22,-9,-18,-26,-11,-19,-15,-1,-11,-20,-4,-14,-23,-6,-15,-26,-8,-16,0,0,0,1,-12,-2,5,-26,-5,7,-37,-6,6,-46,-8,3,-25,-8,17,-28,-13,15,-23,-14,10,-22,-14,3,-16,-9,18,-19,-12,15,-15,-12,11,-14,-11,5,-8,-10,18,-10,-12,15,-7,-10,11,-7,-10,7,-1,-11,17,-2,-12,14,0,-11,10,1,-11,HELP
0,0,0,7,-8,-9,12,-16,-15,18,-22,-20,25,-25,-25,1,-12,-16,-5,-14,-22,-11,-15,-26,-16,-15,-29,-6,-7,-14,-14,-11,-19,-19,-13,-22,-24,-15,-24,-11,-4,-13,-18,-7,-17,-22,-10,-18,-27,-11,-20,-14,0,-12,-19,-3,-14,-23,-5,-15,-26,-7,-16,0,0,0,0,-12,-3,4,-25,-5,6,-35,-7,5,-44,-9,2,-23,-10,16,-26,-14,14,-22,-14,10,-21,-14,3,-13,-10,18,-17,-14,15,-14,-13,10,-13,-12,4,-5,-11,18,-8,-13,15,-6,-11,10,-6,-10,6,2,-11,17,0,-13,14,1,-11,9,2,-11,HELP
0,0,0,5,-9,-8,9,-18,-15,16,-23,-20,24,-25,-25,0,-12,-17,-6,-15,-24,-12,-16,-28,-18,-16,-31,-6,-6,-15,-15,-10,-21,-21,-12,-23,-26,-13,-26,-11,-2,-14,-19,-6,-18,-24,-8,-20,-29,-10,-22,-15,1,-13,-20,-2,-15,-24,-5,-17,-28,-7,-18,0,0,0,1,-12,-3,4,-25,-6,6,-35,-8,5,-44,-9,2,-23,-10,16,-26,-15,14,-22,-15,10,-22,-16,2,-14,-11,18,-16,-14,14,-14,-13,10,-13,-13,4,-5,-11,18,-7,-14,15,-6,-12,10,-5,-10,6,2,-12,17,0,-13,14,1,-12,10,2,-12,HELP
0,0,0,6,-8,-9,10,-17,-15,16,-23,-20,25,-25,-25,2,-11,-17,-5,-14,-24,-11,-15,-28,-17,-15,-30,-5,-6,-16,-14,-10,-21,-20,-12,-24,-26,-13,-26,-10,-2,-14,-18,-6,-18,-23,-8,-20,-28,-10,-21,-14,1,-13,-19,-3,-16,-23,-5,-17,-27,-7,-18,0,0,0,1,-11,-3,4,-24,-5,6,-35,-7,5,-44,-8,3,-22,-9,16,-25,-13,14,-21,-14,10,-20,-15,3,-13,-9,18,-16,-13,15,-13,-12,10,-12,-12,5,-5,-10,18,-7,-13,15,-5,-11,11,-5,-10,7,2,-11,17,1,-12,14,2,-11,10,2,-11,HELP
0,0,0,6,-9,-7,11,-18,-13,17,-23,-18,25,-24,-23,2,-12,-15,-5,-13,-22,-12,-15,-26,-18,-15,-29,-5,-6,-14,-14,-9,-19,-20,-11,-22,-26,-12,-25,-10,-2,-13,-18,-5,-17,-24,-8,-19,-29,-9,-20,-13,1,-12,-19,-2,-15,-23,-5,-16,-27,-7,-17,0,0,0,0,-11,-3,3,-25,-5,5,-35,-7,4,-44,-9,1,-22,-10,15,-25,-15,13,-22,-15,9,-21,-15,1,-12,-11,17,-15,-14,13,-13,-13,9,-12,-13,3,-4,-11,17,-6,-14,14,-5,-11,9,-4,-10,5,3,-12,16,1,-13,13,2,-12,9,3,-11,HELP
0,0,0,6,-9,-8,10,-17,-14,16,-22,-18,24,-23,-23,2,-11,-15,-6,-13,-21,-13,-14,-26,-19,-14,-28,-5,-5,-14,-15,-9,-19,-21,-10,-22,-26,-10,-24,-10,-1,-13,-18,-5,-16,-24,-7,-18,-29,-7,-20,-13,1,-12,-20,-2,-14,-24,-4,-15,-28,-5,-16,0,0,0,1,-11,-3,4,-25,-5,6,-36,-7,5,-45,-8,3,-23,-9,17,-25,-13,14,-21,-15,10,-21,-15,3,-13,-9,18,-16,-13,15,-14,-12,10,-13,-12,4,-5,-10,18,-7,-13,14,-5,-11,10,-5,-10,6,2,-11,17,0,-13,14,2,-12,9,2,-11,HELP
0,0,0,6,-7,-9,10,-16,-15,17,-23,-20,25,-25,-25,2,-11,-17,-5,-14,-24,-11,-16,-28,-17,-16,-30,-5,-5,-16,-14,-9,-21,-20,-12,-23,-25,-13,-26,-10,-1,-14,-18,-5,-18,-23,-8,-20,-28,-9,-21,-13,2,-13,-19,-2,-16,-23,-4,-17,-28,-6,-18,0,0,0,1,-12,-3,4,-25,-5,6,-36,-7,5,-45,-9,3,-23,-9,17,-26,-13,14,-21,-15,10,-21,-15,3,-14,-9,18,-17,-13,15,-14,-12,10,-13,-12,5,-6,-10,18,-8,-13,15,-5,-11,10,-5,-10,7,1,-11,17,0,-12,14,1,-11,10,2,-11,HELP
0,0,0,6,-8,-9,11,-17,-15,18,-23,-20,26,-24,-26,3,-11,-18,-4,-15,-25,-9,-16,-29,-15,-16,-32,-4,-6,-16,-13,-11,-22,-19,-13,-25,-24,-13,-27,-10,-3,-15,-18,-7,-19,-23,-9,-21,-27,-10,-23,-14,0,-14,-20,-4,-16,-23,-5,-17,-27,-7,-19,0,0,0,1,-12,-3,5,-25,-5,7,-35,-7,5,-44,-9,3,-23,-10,17,-25,-14,15,-21,-15,10,-21,-15,3,-14,-10,18,-16,-14,15,-14,-13,10,-13,-12,4,-5,-11,18,-7,-13,15,-5,-11,10,-5,-10,6,2,-12,17,1,-13,14,2,-12,10,2,-12,HELP
0,0,0,7,-8,-7,12,-15,-13,19,-20,-18,27,-21,-24,6,-8,-17,-1,-11,-24,-8,-12,-29,-14,-12,-32,-2,-4,-16,-11,-8,-22,-17,-10,-25,-22,-9,-27,-8,0,-15,-16,-5,-20,-21,-7,-21,-26,-8,-23,-12,2,-15,-17,-2,-18,-21,-4,-18,-25,-5,-19,0,0,0,1,-11,-3,5,-25,-5,6,-35,-7,5,-44,-9,2,-22,-10,16,-25,-14,14,-22,-15,10,-21,-15,3,-13,-10,18,-16,-14,15,-14,-13,10,-13,-12,5,-5,-11,18,-7,-13,15,-6,-11,10,-5,-10,7,2,-11,17,0,-13,14,1,-11,10,2,-10,HELP
0,0,0,5,-12,-4,9,-22,-9,15,-28,-15,24,-29,-21,-2,-20,-12,-7,-21,-20,-12,-21,-25,-18,-21,-29,-6,-15,-14,-14,-16,-21,-20,-16,-25,-26,-16,-28,-9,-11,-16,-17,-13,-22,-22,-13,-25,-28,-13,-26,-10,-7,-17,-16,-9,-24,-22,-10,-27,-28,-10,-29,0,0,0,0,-11,-3,4,-25,-5,5,-35,-7,4,-44,-9,1,-23,-10,15,-25,-14,13,-22,-15,9,-21,-15,2,-13,-10,17,-16,-14,14,-14,-13,9,-13,-12,3,-5,-11,17,-7,-13,14,-5,-11,9,-5,-10,5,2,-12,16,1,-13,13,2,-12,9,2,-11,HELP
0,0,0,6,-10,-6,11,-19,-11,17,-24,-15,24,-26,-19,3,-12,-12,-3,-15,-18,-9,-17,-22,-15,-18,-25,-4,-8,-12,-13,-12,-17,-18,-13,-20,-23,-14,-22,-10,-5,-11,-17,-9,-15,-22,-12,-17,-27,-14,-19,-13,-3,-11,-19,-7,-14,-23,-9,-15,-27,-11,-16,0,0,0,1,-11,-3,4,-25,-5,5,-36,-7,4,-45,-9,2,-22,-10,16,-25,-14,14,-21,-15,9,-21,-15,2,-13,-10,17,-16,-14,14,-13,-13,9,-12,-12,4,-4,-10,17,-7,-13,14,-5,-11,9,-5,-10,6,3,-11,16,1,-13,13,2,-12,9,2,-11,HELP
0,0,0,6,-10,-6,11,-19,-11,17,-25,-15,24,-25,-19,3,-12,-13,-4,-15,-19,-10,-17,-23,-16,-18,-26,-4,-7,-13,-13,-11,-17,-19,-13,-20,-24,-14,-22,-10,-3,-12,-17,-7,-16,-22,-10,-18,-27,-13,-19,-13,0,-12,-18,-5,-14,-22,-8,-15,-26,-10,-16,0,0,0,1,-12,-3,5,-25,-5,6,-36,-7,5,-46,-8,3,-24,-8,17,-25,-13,15,-21,-14,10,-21,-15,3,-14,-9,18,-16,-13,15,-14,-12,10,-13,-12,4,-6,-10,18,-7,-13,15,-5,-11,10,-5,-10,6,2,-11,17,1,-13,14,2,-12,10,2,-12,HELP
0,0,0,5,-11,-5,9,-21,-11,15,-27,-15,23,-27,-20,0,-15,-12,-6,-17,-18,-12,-18,-22,-18,-19,-25,-5,-10,-12,-15,-13,-18,-21,-15,-21,-26,-15,-23,-10,-7,-13,-18,-10,-17,-24,-13,-19,-29,-15,-21,-13,-3,-13,-18,-7,-16,-23,-10,-17,-27,-12,-18,0,0,0,1,-12,-3,4,-26,-5,6,-36,-7,5,-45,-8,3,-23,-8,17,-26,-13,14,-22,-14,10,-21,-14,3,-14,-9,18,-17,-12,14,-14,-11,10,-13,-11,5,-6,-10,18,-8,-12,14,-6,-10,10,-6,-9,7,1,-11,17,-1,-12,14,1,-11,10,1,-10,HELP
0,0,0,6,-10,-7,10,-19,-13,15,-25,-18,23,-27,-23,1,-12,-15,-5,-15,-21,-12,-17,-26,-18,-18,-29,-5,-8,-14,-14,-11,-20,-20,-14,-23,-26,-14,-26,-10,-4,-14,-18,-8,-18,-23,-11,-20,-29,-13,-22,-13,-2,-14,-19,-6,-17,-24,-8,-18,-28,-10,-19,0,0,0,0,-11,-3,4,-25,-5,5,-35,-7,4,-44,-8,2,-22,-9,16,-24,-14,13,-21,-15,9,-20,-15,2,-13,-10,17,-15,-13,14,-13,-12,9,-12,-12,4,-4,-10,17,-6,-13,14,-5,-11,9,-4,-10,6,3,-11,16,1,-13,13,2,-12,9,2,-11,HELP
0,0,0,5,-10,-7,9,-19,-12,15,-24,-16,22,-24,-21,2,-13,-14,-6,-15,-20,-12,-16,-25,-18,-17,-27,-5,-7,-13,-15,-11,-18,-21,-13,-21,-26,-13,-23,-11,-4,-12,-19,-7,-16,-24,-9,-18,-29,-11,-19,-14,-1,-12,-20,-4,-14,-24,-6,-15,-27,-7,-16,0,0,0,1,-12,-3,4,-25,-5,6,-36,-7,5,-45,-9,2,-23,-9,16,-25,-14,14,-21,-15,9,-21,-15,2,-13,-10,17,-16,-13,14,-14,-12,9,-13,-12,3,-5,-10,17,-7,-13,14,-6,-11,9,-5,-10,6,2,-11,16,0,-12,13,1,-11,9,1,-11,HELP
0,0,0,6,-10,-7,11,-20,-12,17,-25,-16,24,-25,-20,2,-14,-13,-5,-15,-19,-12,-16,-23,-18,-16,-26,-5,-8,-12,-15,-11,-17,-20,-13,-19,-25,-13,-22,-10,-4,-11,-18,-7,-15,-23,-9,-16,-28,-11,-18,-14,-1,-11,-19,-5,-12,-23,-6,-13,-27,-8,-14,0,0,0,1,-11,-3,4,-26,-5,6,-37,-7,5,-46,-8,1,-23,-9,16,-26,-13,14,-22,-15,9,-22,-15,2,-14,-9,17,-16,-13,14,-14,-12,9,-14,-12,3,-5,-10,17,-8,-13,14,-6,-11,9,-6,-10,5,2,-11,16,0,-13,13,1,-12,9,2,-11,HELP
0,0,0,6,-10,-6,10,-20,-11,16,-26,-16,24,-27,-21,1,-14,-14,-5,-16,-19,-11,-18,-24,-17,-18,-26,-6,-10,-13,-15,-12,-18,-21,-13,-21,-26,-13,-23,-11,-6,-13,-19,-9,-17,-24,-11,-19,-29,-12,-20,-14,-3,-13,-20,-7,-15,-24,-8,-16,-28,-9,-17,0,0,0,1,-12,-3,4,-25,-5,6,-37,-7,6,-46,-9,2,-24,-8,17,-26,-13,15,-22,-14,10,-22,-15,3,-14,-9,18,-16,-13,15,-14,-12,10,-13,-12,4,-6,-10,18,-8,-13,14,-5,-11,10,-5,-10,6,1,-11,17,0,-13,14,1,-12,10,2,-11,HELP
0,0,0,5,-12,-6,9,-22,-11,15,-27,-15,22,-27,-20,2,-14,-12,-6,-18,-18,-12,-19,-22,-18,-20,-25,-5,-8,-12,-15,-13,-17,-21,-15,-20,-26,-16,-23,-11,-4,-11,-19,-9,-15,-24,-12,-17,-29,-14,-19,-14,-2,-12,-20,-7,-13,-24,-9,-14,-28,-12,-15,0,0,0,1,-11,-3,5,-25,-5,7,-36,-7,5,-45,-9,2,-23,-10,16,-26,-14,14,-22,-14,10,-21,-14,3,-14,-10,18,-17,-13,14,-14,-12,10,-13,-12,4,-6,-10,18,-8,-13,14,-6,-11,10,-6,-9,6,1,-11,17,-1,-12,14,1,-11,10,1,-10,HELP
0,0,0,5,-10,-6,10,-20,-11,15,-26,-15,23,-27,-20,2,-13,-12,-5,-16,-18,-12,-18,-22,-18,-18,-25,-5,-8,-12,-14,-11,-17,-20,-13,-20,-25,-15,-22,-10,-4,-11,-18,-7,-15,-24,-10,-17,-28,-13,-18,-14,-1,-11,-20,-5,-13,-23,-8,-14,-27,-10,-15,0,0,0,1,-12,-3,4,-25,-5,5,-36,-7,4,-45,-9,1,-22,-9,15,-24,-13,13,-21,-14,9,-21,-14,2,-13,-9,17,-15,-13,13,-13,-12,9,-13,-12,3,-4,-10,17,-6,-13,13,-5,-11,9,-5,-10,5,2,-11,16,1,-12,13,2,-11,8,2,-11,HELP
0,0,0,5,-10,-7,8,-20,-13,14,-26,-17,21,-27,-22,0,-14,-14,-7,-17,-21,-13,-19,-25,-19,-20,-28,-7,-8,-13,-16,-12,-19,-22,-15,-22,-27,-16,-24,-12,-5,-12,-20,-9,-16,-26,-12,-18,-31,-14,-20,-15,-2,-12,-21,-6,-14,-25,-10,-15,-29,-13,-16,0,0,0,0,-12,-3,4,-25,-5,5,-36,-7,4,-45,-8,1,-23,-8,16,-25,-12,13,-21,-14,9,-21,-14,2,-13,-9,17,-15,-12,13,-13,-12,8,-13,-12,3,-5,-10,17,-7,-13,13,-5,-11,8,-4,-10,5,2,-11,15,1,-13,12,3,-12,8,3,-12,HELP
0,0,0,5,-9,-8,9,-18,-13,15,-24,-18,22,-25,-22,0,-12,-15,-7,-15,-21,-13,-16,-25,-19,-17,-28,-7,-6,-13,-16,-11,-18,-21,-13,-21,-26,-14,-23,-12,-3,-12,-20,-7,-16,-25,-10,-18,-29,-13,-20,-15,0,-11,-21,-4,-14,-24,-8,-15,-27,-11,-16,0,0,0,1,-12,-3,4,-25,-5,6,-36,-7,5,-45,-8,2,-23,-8,16,-25,-13,14,-21,-14,9,-21,-15,2,-14,-9,18,-16,-13,14,-14,-12,9,-13,-12,3,-5,-10,17,-7,-13,14,-5,-11,9,-5,-10,5,2,-11,16,1,-13,13,2,-12,8,2,-12,HELP
0,0,0,6,-7,-9,11,-15,-16,17,-21,-21,24,-23,-26,0,-9,-18,-6,-12,-24,-11,-14,-28,-16,-14,-31,-7,-6,-15,-14,-9,-21,-19,-12,-23,-24,-13,-25,-12,-3,-14,-19,-7,-18,-23,-9,-19,-27,-11,-21,-16,-1,-12,-21,-4,-15,-24,-6,-16,-27,-9,-17,0,0,0,1,-11,-3,4,-25,-5,6,-36,-7,5,-45,-8,2,-24,-8,16,-26,-13,14,-21,-14,9,-21,-14,2,-14,-9,17,-17,-12,14,-13,-12,9,-13,-12,4,-6,-10,17,-8,-13,14,-5,-11,9,-5,-10,5,1,-11,16,0,-12,13,2,-11,9,2,-11,HELP
0,0,0,7,-6,-9,12,-14,-16,17,-20,-21,24,-23,-26,1,-10,-17,-5,-14,-23,-10,-15,-27,-16,-14,-30,-6,-7,-15,-13,-10,-20,-18,-13,-23,-23,-15,-25,-11,-4,-13,-17,-8,-17,-21,-10,-20,-26,-11,-21,-15,-2,-12,-19,-5,-15,-23,-7,-16,-26,-9,-17,0,0,0,1,-12,-3,4,-25,-5,6,-36,-7,5,-45,-8,2,-23,-8,16,-26,-13,14,-22,-14,9,-22,-14,2,-15,-9,17,-18,-12,14,-15,-11,9,-14,-11,4,-7,-9,17,-9,-12,14,-7,-10,9,-6,-9,6,0,-10,16,-2,-12,13,0,-11,8,1,-10,HELP
0,0,0,6,-8,-9,9,-16,-15,15,-22,-20,23,-26,-25,-2,-11,-16,-7,-15,-23,-13,-17,-27,-18,-17,-29,-8,-7,-15,-15,-12,-20,-21,-15,-23,-26,-17,-25,-13,-5,-13,-19,-9,-17,-24,-12,-19,-28,-14,-21,-16,-2,-12,-21,-6,-14,-25,-8,-16,-28,-11,-17,0,0,0,1,-11,-2,4,-25,-4,6,-36,-6,6,-45,-7,2,-24,-8,16,-27,-12,14,-22,-13,10,-22,-14,3,-16,-8,18,-18,-12,15,-15,-11,10,-14,-11,4,-8,-9,18,-10,-12,14,-7,-10,10,-7,-9,6,-1,-10,17,-2,-12,14,0,-11,9,0,-11,HELP
0,0,0,6,-7,-9,10,-15,-15,16,-21,-19,22,-25,-24,-1,-11,-15,-7,-15,-21,-12,-16,-24,-17,-16,-26,-7,-7,-13,-14,-11,-18,-19,-14,-21,-25,-16,-23,-12,-4,-12,-18,-7,-16,-22,-10,-18,-27,-13,-19,-15,-1,-11,-20,-4,-13,-24,-7,-15,-27,-9,-16,0,0,0,1,-11,-3,4,-25,-5,6,-35,-7,6,-44,-9,2,-23,-9,17,-26,-13,15,-22,-14,10,-22,-14,3,-15,-9,18,-18,-13,15,-15,-12,11,-14,-11,4,-7,-10,18,-9,-13,15,-7,-10,10,-6,-9,6,0,-11,17,-1,-12,14,1,-11,9,1,-11,HELP
0,0,0,6,-6,-9,10,-15,-15,16,-21,-20,23,-24,-25,-1,-10,-15,-6,-14,-21,-12,-16,-25,-17,-16,-27,-7,-6,-14,-14,-11,-19,-19,-14,-21,-25,-16,-23,-12,-3,-12,-18,-7,-16,-23,-10,-18,-27,-13,-19,-15,-1,-11,-20,-5,-13,-24,-7,-14,-27,-9,-15,0,0,0,1,-12,-3,4,-25,-5,5,-35,-7,4,-44,-8,1,-23,-8,16,-25,-13,13,-22,-14,8,-22,-14,1,-14,-9,17,-17,-13,13,-14,-12,9,-13,-12,3,-6,-10,17,-8,-13,13,-6,-11,8,-5,-10,5,1,-11,15,0,-13,12,2,-12,7,2,-11,HELP
0,0,0,5,-8,-9,9,-16,-15,15,-23,-20,23,-26,-25,-1,-11,-16,-7,-15,-22,-13,-17,-26,-18,-18,-28,-7,-7,-14,-15,-12,-19,-21,-15,-22,-26,-18,-24,-12,-4,-13,-19,-8,-17,-24,-12,-19,-28,-15,-20,-16,-2,-12,-21,-6,-14,-25,-8,-16,-29,-11,-17,0,0,0,0,-12,-3,3,-25,-5,5,-35,-7,4,-44,-8,1,-24,-8,16,-26,-12,13,-22,-13,9,-21,-14,2,-15,-9,17,-17,-12,13,-14,-12,9,-13,-11,3,-7,-9,16,-9,-12,13,-6,-10,9,-6,-9,4,0,-10,15,-1,-12,12,0,-11,8,1,-11,HELP
0,0,0,6,-7,-9,11,-15,-15,16,-22,-20,23,-25,-25,0,-11,-17,-6,-15,-23,-12,-16,-27,-17,-17,-29,-6,-7,-15,-14,-11,-20,-20,-14,-23,-25,-16,-25,-11,-4,-13,-18,-8,-17,-23,-11,-19,-27,-14,-21,-15,-1,-12,-20,-5,-15,-24,-8,-16,-28,-11,-17,0,0,0,1,-12,-3,4,-25,-5,6,-35,-7,5,-44,-8,2,-24,-9,16,-26,-13,14,-22,-14,9,-22,-15,2,-15,-9,18,-17,-13,14,-14,-12,9,-14,-12,4,-6,-10,17,-8,-13,14,-6,-11,9,-6,-10,5,1,-11,16,-1,-13,13,1,-12,8,1,-12,HELP
0,0,0,7,-8,-9,11,-16,-16,17,-23,-21,25,-26,-27,0,-12,-17,-6,-16,-24,-11,-18,-28,-17,-18,-30,-7,-8,-15,-14,-13,-21,-19,-16,-24,-24,-18,-26,-12,-5,-14,-18,-10,-18,-22,-13,-20,-27,-15,-22,-16,-3,-12,-21,-7,-15,-24,-9,-17,-27,-12,-18,0,0,0,0,-12,-3,3,-24,-5,5,-35,-7,4,-44,-9,1,-23,-9,15,-25,-14,13,-21,-15,8,-20,-15,1,-14,-10,17,-16,-14,13,-13,-13,9,-12,-12,3,-6,-11,17,-7,-14,13,-5,-12,9,-5,-11,4,1,-12,15,1,-14,12,2,-13,8,2,-12,HELP
0,0,0,6,-7,-9,11,-15,-16,17,-21,-21,25,-25,-26,0,-10,-17,-5,-15,-24,-11,-17,-28,-17,-17,-30,-6,-7,-15,-14,-12,-21,-19,-15,-24,-25,-17,-26,-12,-4,-14,-18,-9,-18,-22,-12,-20,-27,-14,-22,-15,-1,-12,-20,-5,-15,-24,-8,-17,-27,-10,-18,0,0,0,0,-12,-3,3,-25,-5,5,-35,-7,4,-44,-8,1,-23,-9,15,-25,-14,13,-21,-14,8,-21,-15,1,-14,-10,16,-16,-14,13,-14,-13,8,-13,-12,3,-6,-11,16,-8,-14,13,-5,-12,9,-5,-11,5,1,-11,15,0,-13,12,1,-12,8,2,-12,HELP
0,0,0,6,-8,-8,10,-17,-14,16,-24,-19,23,-27,-24,0,-12,-15,-6,-16,-21,-12,-18,-25,-17,-20,-27,-7,-8,-14,-14,-13,-19,-20,-16,-21,-25,-18,-23,-12,-5,-12,-19,-10,-16,-23,-13,-18,-28,-16,-19,-16,-3,-11,-21,-7,-14,-25,-10,-15,-27,-13,-16,0,0,0,0,-13,-2,3,-26,-4,5,-36,-6,4,-45,-7,1,-25,-7,15,-27,-12,13,-23,-13,8,-23,-14,1,-16,-8,17,-18,-12,13,-15,-12,9,-14,-11,3,-8,-10,17,-9,-13,13,-7,-11,9,-6,-10,5,0,-11,15,-1,-13,12,0,-12,7,1,-12,HELP
0,0,0,6,-8,-9,10,-16,-15,16,-23,-21,24,-26,-26,0,-10,-18,-6,-15,-24,-12,-17,-28,-17,-18,-31,-7,-7,-16,-15,-11,-21,-20,-15,-24,-25,-17,-26,-12,-4,-14,-19,-8,-18,-23,-12,-20,-27,-15,-22,-16,-2,-13,-21,-6,-16,-25,-9,-17,-27,-12,-19,0,0,0,1,-13,-2,4,-26,-4,5,-36,-6,4,-45,-8,1,-24,-8,15,-26,-12,13,-23,-14,8,-23,-14,1,-16,-9,17,-17,-13,13,-15,-12,9,-14,-12,2,-7,-10,17,-9,-13,13,-7,-11,9,-6,-10,4,0,-11,15,-1,-13,12,1,-12,8,1,-12,HELP
0,0,0,6,-8,-8,11,-16,-14,16,-23,-19,23,-26,-24,0,-12,-16,-6,-16,-21,-12,-18,-25,-17,-19,-28,-7,-8,-14,-14,-12,-19,-20,-16,-22,-25,-18,-24,-12,-5,-12,-19,-10,-16,-23,-13,-19,-28,-15,-20,-15,-3,-11,-21,-7,-14,-24,-10,-15,-27,-12,-16,0,0,0,0,-13,-2,3,-26,-4,5,-36,-6,4,-45,-7,1,-25,-7,15,-27,-11,13,-23,-13,8,-23,-13,1,-16,-8,17,-18,-12,13,-15,-11,8,-15,-11,2,-8,-9,16,-10,-12,13,-7,-11,8,-7,-10,4,-1,-10,15,-2,-12,12,0,-12,7,0,-11,HELP
0,0,0,6,-8,-8,10,-17,-14,16,-23,-19,23,-27,-23,1,-11,-16,-5,-16,-23,-11,-18,-26,-17,-20,-29,-6,-6,-15,-14,-12,-20,-19,-16,-23,-25,-19,-25,-11,-3,-13,-18,-9,-18,-23,-12,-20,-27,-16,-21,-15,-1,-13,-20,-6,-15,-24,-9,-17,-27,-13,-18,0,0,0,0,-12,-2,3,-26,-4,4,-36,-6,3,-45,-7,0,-25,-8,14,-28,-12,12,-23,-13,7,-23,-14,0,-16,-8,15,-19,-12,12,-15,-12,7,-15,-12,1,-8,-9,15,-10,-13,12,-8,-11,7,-7,-10,3,-1,-11,14,-2,-12,11,-1,-12,6,0,-11,HELP
0,0,0,7,-8,-9,11,-16,-15,17,-23,-19,24,-26,-24,1,-12,-16,-5,-16,-23,-10,-18,-26,-16,-20,-29,-6,-8,-15,-13,-13,-20,-19,-17,-23,-24,-20,-25,-11,-5,-13,-17,-9,-18,-22,-13,-20,-26,-16,-21,-15,-2,-12,-20,-6,-15,-23,-9,-17,-26,-12,-18,0,0,0,0,-14,-2,1,-27,-4,2,-37,-6,1,-46,-8,-2,-26,-7,12,-28,-11,10,-23,-13,5,-23,-14,-2,-17,-8,14,-19,-11,10,-16,-11,6,-15,-11,0,-8,-9,14,-11,-12,10,-8,-11,6,-7,-10,2,0,-11,12,-2,-13,9,0,-12,4,0,-12,HELP
0,0,0,6,-8,-8,10,-17,-15,17,-23,-20,24,-26,-25,0,-11,-17,-6,-16,-24,-12,-19,-28,-17,-21,-31,-7,-7,-15,-14,-13,-21,-20,-17,-24,-25,-20,-26,-12,-4,-14,-18,-10,-18,-23,-13,-20,-27,-17,-22,-16,-2,-13,-21,-6,-16,-24,-9,-17,-28,-13,-19,0,0,0,1,-14,-2,2,-27,-4,3,-38,-5,2,-47,-6,-1,-27,-5,13,-29,-10,11,-24,-11,6,-24,-13,-1,-19,-6,15,-21,-10,12,-17,-11,7,-17,-12,0,-10,-8,14,-12,-11,11,-8,-11,7,-8,-10,2,-2,-9,12,-3,-12,9,-1,-12,5,0,-12,HELP
0,0,0,6,-7,-8,10,-17,-14,16,-24,-19,23,-27,-24,0,-12,-16,-6,-16,-22,-11,-18,-26,-17,-20,-28,-6,-7,-14,-14,-13,-20,-20,-17,-22,-25,-20,-25,-11,-4,-13,-18,-9,-17,-23,-13,-19,-27,-16,-21,-15,-2,-12,-20,-6,-15,-24,-9,-16,-27,-12,-17,0,0,0,1,-14,-2,3,-27,-4,4,-37,-6,3,-46,-8,-1,-27,-6,14,-28,-11,12,-23,-12,7,-23,-13,0,-18,-7,16,-19,-11,12,-15,-12,8,-15,-12,1,-8,-9,15,-10,-12,12,-7,-11,8,-6,-11,3,-1,-10,12,-1,-13,9,1,-13,4,1,-14,HELP
0,0,0,6,-8,-8,10,-17,-14,16,-24,-19,23,-27,-24,0,-11,-16,-7,-16,-22,-12,-19,-26,-18,-20,-29,-7,-7,-15,-15,-13,-20,-20,-17,-22,-26,-20,-25,-12,-4,-13,-19,-9,-17,-24,-13,-19,-28,-17,-21,-16,-2,-12,-21,-6,-15,-25,-9,-16,-28,-13,-18,0,0,0,1,-14,-2,3,-27,-4,4,-37,-6,3,-47,-7,0,-28,-6,15,-29,-11,13,-24,-12,8,-24,-13,0,-19,-7,16,-20,-11,13,-16,-11,8,-16,-12,1,-10,-9,15,-11,-12,12,-8,-11,8,-7,-11,3,-2,-10,13,-2,-13,9,0,-13,4,0,-13,HELP
0,0,0,6,-8,-9,10,-17,-15,16,-25,-20,24,-28,-25,1,-12,-18,-5,-17,-24,-11,-19,-28,-17,-21,-30,-6,-8,-16,-14,-13,-21,-20,-17,-24,-25,-20,-26,-12,-4,-14,-18,-10,-19,-23,-14,-21,-27,-17,-23,-15,-3,-13,-21,-7,-16,-24,-10,-17,-27,-13,-19,0,0,0,1,-14,-2,4,-27,-4,5,-37,-6,4,-47,-7,0,-26,-7,16,-28,-12,13,-23,-13,8,-23,-14,1,-17,-8,17,-19,-12,14,-16,-12,9,-15,-12,2,-8,-9,17,-11,-13,13,-7,-11,9,-7,-11,4,-1,-11,14,-2,-13,11,0,-13,7,1,-13,HELP
0,0,0,5,-8,-8,9,-17,-14,16,-24,-19,23,-28,-24,0,-11,-17,-6,-16,-23,-12,-19,-27,-18,-21,-30,-6,-7,-15,-15,-13,-21,-21,-18,-24,-26,-21,-26,-11,-3,-14,-19,-10,-18,-24,-14,-20,-28,-18,-22,-15,-1,-13,-21,-6,-16,-25,-10,-17,-28,-13,-19,0,0,0,1,-13,-2,3,-27,-4,4,-37,-6,3,-46,-7,-1,-26,-7,14,-28,-11,12,-24,-13,7,-24,-14,0,-18,-8,16,-19,-12,12,-16,-12,8,-16,-12,1,-9,-9,16,-11,-13,12,-8,-12,8,-7,-11,3,-1,-11,13,-2,-13,10,0,-13,5,0,-13,HELP
0,0,0,6,-8,-8,10,-17,-14,16,-24,-19,23,-27,-24,0,-12,-16,-6,-16,-22,-12,-19,-26,-18,-21,-28,-7,-7,-15,-15,-13,-20,-20,-17,-22,-26,-21,-24,-12,-4,-13,-19,-9,-17,-24,-13,-19,-28,-17,-21,-15,-2,-12,-21,-7,-15,-25,-10,-16,-28,-13,-17,0,0,0,1,-13,-2,3,-27,-4,4,-37,-6,3,-46,-7,-1,-26,-6,14,-29,-11,12,-24,-13,7,-24,-14,0,-18,-7,16,-19,-11,12,-16,-11,8,-16,-12,1,-9,-9,16,-11,-12,12,-8,-11,7,-7,-11,3,-1,-10,13,-2,-13,9,0,-13,4,0,-13,HELP
0,0,0,6,-8,-9,10,-17,-15,16,-24,-20,23,-28,-25,0,-12,-17,-6,-16,-24,-12,-19,-27,-18,-21,-30,-6,-7,-16,-14,-13,-21,-20,-17,-24,-26,-21,-26,-12,-4,-14,-19,-10,-19,-23,-14,-21,-28,-17,-23,-15,-2,-13,-21,-7,-16,-24,-10,-18,-28,-13,-19,0,0,0,1,-13,-2,3,-27,-4,4,-37,-6,3,-46,-7,0,-26,-7,15,-28,-12,12,-23,-13,7,-23,-14,0,-17,-8,16,-19,-12,12,-16,-12,8,-15,-12,1,-8,-9,16,-10,-13,12,-8,-12,7,-7,-11,3,-1,-11,13,-2,-13,10,0,-13,5,0,-13,HELP
0,0,0,5,-9,-8,9,-18,-13,15,-25,-18,23,-27,-23,0,-12,-15,-6,-17,-21,-12,-19,-24,-18,-21,-27,-7,-8,-13,-14,-13,-19,-20,-17,-22,-26,-21,-24,-12,-4,-12,-19,-10,-17,-23,-14,-19,-28,-17,-21,-15,-2,-12,-21,-7,-14,-24,-10,-16,-28,-13,-17,0,0,0,0,-14,-2,2,-28,-4,3,-38,-6,2,-47,-7,-1,-27,-6,13,-30,-11,11,-24,-13,6,-24,-14,-1,-18,-8,15,-20,-12,12,-16,-12,7,-16,-12,0,-9,-9,15,-11,-13,11,-8,-12,7,-7,-11,2,-1,-11,12,-2,-13,9,0,-13,5,0,-13,HELP
0,0,0,6,-8,-9,11,-17,-15,17,-24,-21,24,-27,-26,2,-11,-19,-5,-16,-26,-11,-18,-30,-17,-20,-33,-5,-7,-17,-13,-12,-23,-19,-16,-26,-25,-19,-28,-11,-3,-15,-18,-9,-20,-23,-13,-23,-27,-16,-24,-15,-1,-14,-20,-6,-18,-24,-9,-20,-27,-12,-21,0,0,0,1,-15,-2,2,-28,-4,3,-37,-6,2,-47,-8,-2,-26,-7,13,-28,-11,11,-24,-13,6,-23,-14,-1,-16,-8,15,-20,-12,12,-16,-12,7,-15,-12,0,-7,-10,15,-11,-13,11,-7,-12,6,-7,-11,3,0,-11,12,-1,-14,9,0,-13,4,0,-13,HELP
0,0,0,6,-8,-9,10,-17,-15,16,-23,-20,23,-26,-25,0,-11,-17,-6,-15,-24,-12,-18,-28,-18,-20,-31,-7,-7,-15,-14,-13,-21,-20,-17,-24,-25,-20,-26,-13,-4,-14,-19,-10,-18,-23,-14,-20,-27,-18,-22,-17,-2,-13,-22,-6,-16,-25,-10,-17,-28,-13,-19,0,0,0,1,-14,-2,2,-27,-4,3,-38,-6,2,-47,-7,-1,-28,-6,14,-30,-11,12,-25,-13,7,-24,-14,-1,-19,-7,15,-21,-12,12,-17,-12,8,-16,-12,0,-10,-9,15,-12,-13,12,-8,-12,7,-8,-11,3,-2,-10,13,-3,-13,10,-1,-13,6,-1,-13,HELP
0,0,0,6,-8,-8,11,-17,-14,17,-24,-19,24,-28,-24,0,-13,-15,-6,-17,-21,-11,-19,-25,-16,-20,-27,-7,-9,-14,-14,-14,-19,-20,-18,-21,-25,-21,-23,-12,-5,-12,-18,-11,-16,-23,-15,-18,-27,-18,-19,-16,-3,-11,-21,-8,-14,-24,-10,-15,-27,-13,-16,0,0,0,1,-13,-2,2,-27,-4,2,-37,-6,1,-46,-7,-3,-26,-6,13,-29,-10,11,-23,-11,6,-23,-12,-2,-17,-7,14,-19,-11,11,-16,-11,6,-15,-12,-1,-8,-8,13,-10,-12,10,-7,-11,6,-7,-10,1,-1,-10,10,-2,-12,7,0,-12,2,0,-12,HELP
0,0,0,6,-9,-8,10,-18,-14,16,-25,-19,23,-27,-24,0,-12,-17,-6,-17,-24,-12,-19,-27,-18,-21,-30,-7,-7,-15,-14,-13,-21,-20,-17,-24,-25,-21,-26,-12,-4,-14,-19,-10,-18,-23,-14,-20,-27,-18,-22,-15,-2,-13,-21,-7,-16,-25,-10,-17,-28,-14,-19,0,0,0,0,-14,-2,1,-26,-4,1,-35,-6,1,-45,-8,-3,-26,-7,13,-29,-11,11,-24,-12,5,-23,-13,-2,-17,-8,14,-20,-12,11,-16,-12,6,-15,-13,-1,-8,-10,13,-10,-14,10,-7,-13,5,-6,-13,2,0,-11,9,1,-15,5,3,-16,-1,4,-16,HELP
0,0,0,6,-9,-8,10,-18,-14,16,-25,-19,23,-27,-24,0,-12,-16,-6,-17,-22,-12,-19,-26,-17,-21,-29,-6,-7,-15,-14,-13,-20,-20,-17,-23,-25,-20,-25,-12,-4,-13,-18,-10,-18,-23,-14,-20,-27,-17,-21,-15,-2,-13,-21,-7,-16,-24,-10,-17,-27,-14,-18,0,0,0,1,-13,-2,2,-27,-4,3,-37,-6,3,-46,-7,-2,-27,-6,14,-29,-10,12,-24,-11,7,-24,-12,-1,-17,-7,15,-20,-11,12,-16,-11,7,-16,-12,0,-8,-8,15,-11,-12,11,-7,-11,7,-7,-11,3,-1,-10,12,-1,-13,9,1,-13,4,1,-13,HELP
0,0,0,6,-8,-8,10,-18,-14,16,-25,-19,23,-28,-24,1,-12,-17,-5,-17,-23,-11,-19,-27,-17,-20,-29,-6,-7,-15,-14,-13,-20,-20,-17,-23,-25,-20,-25,-11,-3,-14,-18,-10,-18,-23,-14,-20,-27,-17,-22,-15,-1,-13,-21,-7,-16,-24,-10,-17,-27,-13,-18,0,0,0,1,-13,-2,2,-27,-4,3,-37,-6,2,-47,-7,-1,-28,-6,14,-29,-10,12,-24,-12,7,-24,-13,-1,-19,-7,15,-20,-11,12,-16,-11,7,-17,-12,0,-9,-9,15,-11,-12,11,-8,-11,7,-8,-11,3,-2,-10,12,-2,-13,9,0,-13,4,0,-13,HELP
0,0,0,6,-9,-8,10,-17,-15,16,-24,-20,24,-27,-25,0,-11,-17,-6,-16,-24,-11,-19,-28,-17,-21,-31,-7,-7,-16,-14,-13,-21,-20,-17,-24,-25,-21,-26,-12,-4,-14,-18,-10,-19,-23,-14,-21,-27,-18,-22,-16,-3,-13,-21,-7,-16,-24,-10,-18,-27,-14,-19,0,0,0,1,-14,-2,3,-27,-4,4,-38,-6,4,-47,-7,0,-27,-6,15,-29,-11,13,-24,-13,8,-24,-14,0,-18,-7,16,-20,-11,13,-16,-12,9,-15,-12,1,-9,-9,16,-11,-12,13,-8,-11,9,-7,-11,4,-2,-10,14,-2,-13,11,0,-13,7,0,-13,HELP
0,0,0,6,-7,-8,10,-17,-14,16,-25,-19,23,-28,-24,0,-12,-16,-5,-16,-22,-11,-18,-26,-17,-20,-28,-6,-7,-14,-14,-11,-20,-20,-15,-22,-25,-18,-24,-12,-4,-13,-18,-8,-17,-23,-12,-19,-27,-15,-20,-15,-1,-12,-21,-6,-15,-24,-9,-16,-27,-12,-17,0,0,0,1,-14,-2,4,-28,-4,4,-38,-6,3,-47,-7,0,-27,-7,15,-29,-11,13,-24,-13,8,-24,-14,1,-18,-8,17,-20,-12,13,-16,-11,8,-16,-12,2,-9,-9,16,-11,-13,13,-9,-11,8,-8,-11,4,-2,-11,14,-2,-13,10,0,-13,6,0,-13,HELP
0,0,0,6,-9,-8,10,-18,-14,17,-25,-20,24,-28,-25,1,-11,-17,-5,-16,-24,-11,-19,-28,-17,-21,-31,-6,-7,-16,-13,-13,-22,-19,-17,-24,-24,-21,-26,-11,-4,-15,-18,-10,-19,-22,-14,-21,-27,-18,-22,-15,-2,-14,-20,-7,-17,-24,-10,-18,-27,-14,-19,0,0,0,1,-13,-2,4,-27,-4,5,-38,-6,3,-47,-7,0,-26,-7,15,-29,-11,13,-24,-13,8,-23,-14,1,-17,-8,17,-19,-11,13,-15,-11,8,-15,-12,2,-8,-9,16,-10,-12,13,-7,-11,8,-7,-11,4,-1,-11,14,-2,-13,11,0,-12,7,0,-12,HELP
0,0,0,6,-8,-9,11,-17,-15,17,-24,-20,25,-27,-25,2,-11,-17,-4,-15,-23,-10,-18,-27,-16,-20,-30,-6,-7,-15,-13,-13,-21,-18,-17,-23,-23,-20,-25,-11,-4,-14,-17,-10,-18,-22,-14,-20,-26,-18,-22,-15,-2,-13,-20,-6,-16,-23,-9,-17,-26,-13,-18,0,0,0,1,-14,-2,4,-28,-4,5,-38,-6,3,-48,-7,0,-27,-6,15,-30,-11,13,-25,-13,8,-25,-13,1,-19,-7,17,-21,-11,13,-17,-11,8,-16,-11,2,-10,-9,16,-12,-12,13,-9,-11,8,-9,-10,4,-3,-10,14,-4,-12,11,-1,-12,6,-1,-12,HELP
0,0,0,6,-8,-8,10,-18,-14,16,-25,-19,24,-28,-24,0,-12,-16,-6,-17,-23,-11,-19,-27,-17,-21,-30,-7,-8,-15,-15,-13,-20,-20,-17,-23,-25,-20,-25,-12,-5,-13,-19,-10,-18,-23,-14,-20,-27,-17,-21,-16,-3,-12,-21,-7,-15,-24,-11,-17,-27,-14,-18,0,0,0,1,-14,-2,3,-28,-4,4,-38,-6,3,-48,-8,-1,-27,-7,14,-30,-12,12,-25,-13,7,-25,-14,0,-18,-8,16,-20,-12,12,-17,-12,8,-16,-12,1,-9,-10,16,-12,-13,12,-9,-12,8,-8,-11,3,-2,-11,14,-3,-13,10,-1,-13,6,-1,-13,HELP
0,0,0,6,-7,-9,10,-16,-15,16,-23,-20,24,-27,-25,0,-11,-17,-6,-15,-23,-11,-17,-27,-17,-19,-30,-7,-7,-15,-14,-12,-20,-20,-16,-23,-25,-18,-25,-12,-4,-13,-18,-9,-18,-23,-12,-19,-27,-15,-20,-16,-2,-12,-21,-6,-15,-24,-8,-16,-27,-12,-17,0,0,0,2,-14,-2,4,-27,-4,5,-38,-6,5,-48,-7,1,-28,-6,16,-30,-11,14,-24,-13,9,-24,-14,1,-19,-7,18,-20,-11,14,-16,-12,10,-16,-12,2,-10,-9,17,-11,-12,14,-7,-11,10,-7,-11,4,-2,-10,15,-2,-12,12,0,-12,8,0,-12,HELP
0,0,0,6,-7,-8,11,-16,-14,17,-22,-19,25,-25,-24,1,-10,-16,-5,-14,-22,-10,-16,-26,-16,-18,-29,-6,-6,-15,-13,-11,-20,-19,-14,-22,-24,-17,-24,-11,-3,-13,-17,-8,-17,-22,-11,-19,-26,-14,-20,-15,-1,-12,-20,-5,-15,-23,-8,-16,-26,-11,-17,0,0,0,1,-14,-2,4,-28,-4,5,-38,-6,4,-48,-8,0,-27,-7,15,-29,-12,13,-24,-13,9,-24,-14,1,-18,-8,17,-20,-12,14,-17,-11,9,-16,-12,2,-9,-9,17,-12,-12,13,-9,-11,9,-8,-10,4,-2,-11,15,-3,-13,12,-1,-12,7,-1,-12,HELP
0,0,0,7,-7,-9,11,-16,-15,17,-23,-20,25,-26,-25,1,-11,-17,-5,-15,-24,-10,-17,-28,-16,-19,-30,-6,-7,-16,-13,-12,-21,-19,-15,-23,-24,-18,-25,-12,-4,-14,-18,-9,-18,-22,-12,-20,-26,-15,-22,-16,-2,-13,-20,-6,-15,-24,-9,-17,-26,-12,-18,0,0,0,0,-13,-2,2,-27,-4,3,-38,-6,2,-47,-7,-2,-26,-7,13,-29,-12,11,-24,-13,6,-24,-14,-1,-17,-8,15,-20,-12,11,-16,-12,6,-16,-12,0,-8,-9,15,-11,-13,11,-8,-11,7,-8,-11,3,-1,-11,13,-2,-13,10,0,-13,5,0,-13,HELP
0,0,0,7,-7,-9,11,-16,-16,18,-23,-21,25,-26,-27,1,-11,-18,-5,-15,-25,-10,-17,-29,-16,-18,-32,-6,-7,-17,-13,-12,-22,-19,-15,-25,-25,-17,-27,-11,-4,-15,-18,-9,-19,-22,-11,-21,-27,-14,-23,-15,-2,-13,-20,-6,-17,-24,-8,-18,-27,-11,-19,0,0,0,1,-14,-2,3,-28,-4,5,-39,-6,4,-48,-8,0,-28,-7,15,-30,-11,13,-24,-13,8,-24,-14,0,-19,-8,17,-21,-12,13,-16,-12,9,-16,-13,2,-10,-9,17,-11,-13,13,-8,-12,9,-7,-11,4,-2,-11,14,-2,-13,11,0,-13,6,0,-13,HELP
0,0,0,6,-8,-8,10,-17,-14,16,-24,-19,24,-27,-24,0,-11,-16,-6,-16,-22,-11,-18,-26,-17,-20,-28,-7,-7,-14,-14,-13,-20,-20,-16,-22,-25,-18,-24,-12,-4,-13,-18,-10,-17,-23,-13,-19,-27,-16,-20,-16,-2,-12,-21,-6,-15,-24,-9,-16,-27,-12,-17,0,0,0,1,-13,-2,3,-27,-4,5,-38,-6,4,-47,-7,0,-26,-7,15,-30,-11,13,-25,-13,8,-25,-13,0,-17,-8,17,-21,-11,13,-17,-11,8,-16,-11,2,-9,-9,16,-12,-12,13,-9,-11,8,-8,-10,4,-1,-11,14,-3,-13,12,-1,-12,7,0,-12,HELP
0,0,0,6,-7,-9,10,-16,-15,16,-23,-20,24,-26,-25,1,-11,-17,-5,-15,-24,-11,-17,-28,-17,-19,-30,-6,-7,-16,-14,-12,-21,-20,-15,-24,-25,-17,-26,-11,-4,-14,-18,-8,-18,-23,-12,-21,-28,-14,-22,-15,-2,-13,-21,-6,-16,-24,-9,-17,-28,-12,-19,0,0,0,1,-14,-2,4,-28,-4,5,-38,-6,4,-48,-7,0,-27,-7,15,-29,-11,13,-24,-13,8,-24,-14,0,-18,-8,17,-20,-12,13,-16,-11,9,-16,-12,2,-9,-9,16,-11,-13,13,-8,-12,9,-8,-11,4,-1,-11,14,-2,-13,11,0,-13,6,0,-13,HELP
0,0,0,6,-9,-8,9,-18,-14,15,-24,-19,23,-27,-24,-1,-12,-16,-6,-16,-22,-12,-19,-26,-18,-20,-28,-7,-7,-15,-15,-13,-20,-20,-16,-22,-26,-20,-24,-13,-5,-13,-19,-9,-17,-24,-13,-19,-28,-17,-21,-16,-3,-12,-22,-7,-15,-25,-10,-16,-28,-13,-18,0,0,0,1,-14,-2,3,-28,-4,4,-39,-6,2,-48,-7,-1,-27,-7,14,-30,-11,12,-25,-13,7,-25,-13,-1,-17,-8,16,-21,-12,12,-17,-11,7,-16,-11,1,-8,-9,15,-12,-12,12,-9,-11,7,-8,-10,3,-1,-11,14,-3,-13,11,-1,-12,6,0,-12,HELP
0,0,0,6,-7,-9,11,-16,-15,16,-22,-20,24,-25,-25,0,-10,-17,-6,-15,-23,-11,-17,-26,-17,-17,-29,-7,-6,-15,-14,-11,-20,-20,-15,-23,-25,-17,-25,-12,-3,-13,-18,-8,-17,-23,-11,-19,-27,-14,-21,-15,-1,-12,-20,-6,-14,-24,-8,-16,-27,-10,-17,0,0,0,0,-14,-2,1,-28,-4,2,-38,-6,1,-48,-8,-2,-27,-7,13,-30,-11,11,-25,-13,6,-24,-14,-2,-18,-8,14,-21,-12,11,-17,-12,6,-16,-12,0,-8,-10,14,-11,-13,10,-8,-12,6,-7,-12,2,0,-11,10,-1,-14,7,1,-14,2,2,-14,HELP
0,0,0,7,-7,-9,11,-16,-15,17,-22,-20,25,-25,-25,1,-11,-16,-5,-15,-22,-10,-17,-26,-16,-17,-29,-6,-7,-14,-13,-12,-20,-19,-16,-22,-24,-18,-24,-11,-4,-13,-18,-9,-17,-22,-12,-19,-26,-15,-20,-15,-2,-12,-20,-6,-14,-23,-9,-16,-26,-11,-17,0,0,0,1,-15,-2,3,-28,-4,4,-38,-5,3,-48,-7,-1,-28,-5,14,-30,-9,12,-25,-11,7,-24,-12,-1,-18,-6,16,-21,-9,13,-16,-10,8,-16,-10,1,-9,-8,15,-11,-11,12,-8,-10,8,-7,-9,3,-1,-9,13,-2,-11,10,0,-11,6,1,-11,HELP
0,0,0,6,-8,-8,10,-17,-14,16,-24,-19,23,-27,-24,0,-11,-16,-6,-16,-22,-12,-19,-26,-18,-21,-29,-7,-7,-15,-15,-12,-20,-21,-15,-22,-26,-17,-24,-12,-4,-13,-19,-9,-17,-24,-13,-19,-28,-15,-20,-16,-2,-12,-21,-7,-15,-24,-10,-16,-27,-13,-17,0,0,0,1,-14,-1,4,-27,-3,5,-37,-4,4,-47,-5,-1,-27,-5,15,-28,-9,12,-22,-10,7,-22,-11,-1,-17,-6,16,-18,-9,12,-14,-10,8,-14,-10,0,-8,-7,15,-10,-11,11,-6,-10,7,-6,-9,2,0,-9,11,0,-12,7,2,-11,3,2,-12,HELP
0,0,0,6,-8,-8,10,-17,-14,16,-24,-18,23,-27,-23,0,-13,-15,-5,-17,-20,-10,-19,-24,-16,-20,-26,-7,-9,-13,-14,-14,-18,-19,-17,-20,-24,-20,-22,-12,-5,-12,-18,-11,-15,-23,-14,-17,-27,-17,-19,-15,-3,-11,-20,-8,-13,-24,-10,-14,-27,-13,-15,0,0,0,1,-14,-1,3,-28,-3,4,-37,-4,4,-47,-5,-1,-28,-4,14,-30,-8,12,-24,-10,8,-24,-11,-1,-19,-6,15,-21,-9,12,-16,-10,8,-16,-11,0,-9,-7,14,-11,-11,11,-8,-10,7,-8,-10,2,-1,-9,11,-1,-12,8,1,-12,3,1,-12,HELP
0,0,0,6,-8,-8,11,-16,-13,17,-23,-18,24,-26,-22,2,-11,-15,-3,-17,-21,-9,-19,-24,-15,-20,-27,-5,-7,-14,-13,-13,-19,-18,-16,-21,-23,-19,-24,-10,-4,-12,-16,-9,-16,-21,-13,-18,-25,-15,-20,-14,-2,-12,-19,-6,-14,-22,-9,-15,-25,-12,-16,0,0,0,1,-13,-2,4,-27,-3,5,-37,-5,4,-46,-6,0,-27,-5,15,-30,-9,15,-25,-11,10,-23,-12,1,-19,-6,17,-21,-10,15,-16,-10,11,-15,-10,2,-10,-8,17,-12,-10,14,-8,-9,10,-8,-9,4,-2,-9,15,-2,-11,12,0,-11,8,1,-10,HELP
0,0,0,7,-7,-8,11,-15,-14,17,-22,-18,24,-25,-23,2,-11,-14,-3,-16,-20,-8,-18,-24,-13,-19,-26,-6,-7,-13,-12,-13,-18,-17,-15,-21,-22,-18,-23,-11,-5,-12,-17,-9,-15,-21,-12,-17,-25,-15,-19,-14,-3,-11,-19,-6,-13,-22,-9,-14,-25,-11,-15,0,0,0,1,-13,-2,4,-27,-4,6,-37,-6,5,-47,-8,2,-26,-7,17,-29,-12,16,-24,-14,11,-22,-15,2,-17,-8,18,-20,-12,16,-15,-11,11,-14,-11,3,-8,-9,18,-10,-12,15,-7,-11,11,-7,-10,5,0,-11,16,-2,-12,14,0,-11,9,1,-11,HELP
0,0,0,6,-8,-8,11,-17,-14,17,-24,-18,24,-27,-23,1,-12,-14,-4,-18,-20,-9,-20,-24,-14,-21,-27,-6,-9,-13,-13,-16,-18,-18,-19,-20,-22,-19,-23,-11,-6,-11,-17,-12,-15,-21,-14,-17,-25,-15,-19,-15,-4,-10,-19,-9,-13,-23,-10,-14,-26,-11,-15,0,0,0,3,-12,-3,6,-26,-6,7,-36,-8,6,-45,-10,2,-24,-10,18,-28,-15,18,-22,-16,14,-20,-17,2,-15,-11,19,-18,-15,18,-14,-14,13,-12,-13,4,-6,-12,19,-9,-15,17,-5,-12,12,-4,-11,6,2,-13,17,1,-15,15,3,-14,11,4,-13,HELP
0,0,0,6,-8,-7,10,-17,-12,15,-24,-16,22,-28,-21,1,-12,-14,-5,-18,-19,-10,-20,-23,-15,-21,-26,-6,-8,-13,-13,-15,-17,-18,-18,-20,-23,-21,-22,-11,-5,-11,-17,-10,-15,-21,-13,-17,-26,-16,-18,-14,-2,-11,-19,-7,-13,-23,-11,-14,-26,-13,-16,0,0,0,2,-13,-2,4,-27,-5,5,-38,-8,3,-47,-10,-1,-26,-9,14,-30,-15,15,-24,-16,10,-21,-16,0,-16,-10,16,-20,-15,15,-15,-14,10,-12,-13,2,-7,-12,17,-11,-15,15,-6,-13,10,-5,-11,4,1,-13,16,-1,-15,14,1,-14,10,3,-13,HELP
