30,63,0,33,54,0,37,46,-1,41,40,-2,42,35,-3,42,45,-3,51,46,-5,56,46,-6,60,47,-6,43,49,-4,53,51,-5,59,52,-6,63,52,-6,44,54,-6,53,56,-6,59,56,-7,63,56,-7,44,60,-7,52,60,-7,56,60,-7,60,60,-7,68,63,0,62,56,2,60,48,3,60,43,3,61,39,3,64,39,4,64,30,3,64,24,2,64,19,2,66,39,1,66,29,0,66,22,-1,66,16,-2,66,40,-2,67,30,-2,67,22,-3,66,17,-4,67,41,-4,67,33,-5,66,27,-6,66,22,-6,ATTACK
30,63,0,33,54,0,37,46,-1,41,40,-1,42,35,-2,42,45,-3,51,46,-4,57,47,-5,61,47,-6,43,49,-4,53,51,-5,59,52,-5,63,52,-6,44,54,-5,53,56,-6,59,57,-7,63,56,-7,44,60,-6,52,60,-7,56,61,-7,60,60,-7,67,62,0,62,55,2,60,48,2,61,43,2,61,38,2,64,39,3,64,30,2,64,24,1,64,18,1,65,39,1,65,29,0,65,22,-2,65,16,-3,66,40,-2,66,29,-3,66,22,-4,66,17,-5,66,41,-4,67,33,-5,66,28,-6,66,23,-7,ATTACK
30,64,0,32,55,0,37,47,-1,41,41,-2,43,36,-3,42,46,-3,51,47,-5,57,47,-6,61,48,-6,43,50,-4,53,52,-5,59,53,-6,63,53,-6,44,55,-6,53,57,-6,59,57,-7,63,57,-7,44,61,-7,52,61,-7,56,61,-7,60,61,-7,68,62,0,62,55,2,61,47,3,61,43,2,62,38,2,64,39,3,64,30,2,64,24,1,64,18,1,66,39,1,65,29,-1,65,22,-2,65,15,-3,67,40,-2,66,29,-3,66,22,-4,66,17,-5,67,41,-4,66,33,-5,66,27,-6,66,22,-7,ATTACK
30,64,0,32,55,0,37,47,-1,41,41,-2,42,36,-2,42,46,-3,51,47,-4,57,48,-5,61,48,-6,43,50,-4,53,52,-5,59,53,-5,63,54,-6,44,55,-5,53,57,-6,58,58,-6,63,58,-7,44,61,-6,52,61,-7,56,62,-7,60,61,-7,68,62,0,62,55,2,61,47,2,61,42,2,62,38,2,64,39,3,64,30,2,64,24,1,64,19,0,65,39,1,65,29,0,65,22,-2,65,16,-3,66,40,-2,66,30,-3,66,23,-4,66,17,-5,67,41,-4,66,33,-5,66,28,-6,66,23,-6,ATTACK
30,64,0,32,54,0,37,47,0,41,41,-1,42,36,-2,42,46,-2,51,47,-4,56,47,-5,60,48,-5,43,50,-4,53,52,-5,59,53,-5,63,54,-5,44,55,-5,53,57,-6,58,58,-6,62,58,-6,44,61,-6,52,61,-7,56,61,-7,60,61,-7,68,62,0,62,56,1,60,48,1,60,42,1,60,37,0,64,40,2,63,31,1,63,24,0,63,19,-1,65,39,0,64,30,-1,64,22,-3,64,16,-4,65,40,-2,65,30,-3,65,23,-4,65,17,-5,66,41,-4,65,34,-5,65,28,-6,65,23,-6,ATTACK
30,63,0,32,54,0,37,47,0,41,41,-1,42,36,-2,42,46,-3,51,47,-4,56,47,-5,60,48,-5,43,50,-4,53,52,-5,59,53,-5,63,54,-5,44,55,-5,53,56,-6,58,57,-6,62,57,-6,44,60,-6,52,61,-7,56,61,-7,60,61,-7,68,62,0,62,56,1,61,49,1,61,44,1,62,39,1,64,40,2,64,31,1,63,25,0,63,19,-1,65,40,0,64,30,-1,64,23,-3,64,16,-4,66,41,-2,65,31,-3,65,24,-5,65,18,-5,66,42,-4,65,34,-5,65,29,-6,65,24,-6,ATTACK
30,63,0,32,54,0,37,47,0,41,41,-1,43,36,-2,43,45,-2,51,46,-4,56,47,-4,60,48,-5,43,49,-4,53,52,-4,59,53,-5,63,54,-5,44,55,-5,53,56,-5,58,57,-6,62,57,-6,44,60,-6,52,61,-6,56,61,-6,60,61,-6,68,62,0,62,57,1,61,49,1,61,44,1,61,39,1,64,40,2,63,32,1,63,25,0,63,20,-1,65,40,0,64,30,-1,64,23,-3,64,17,-4,66,41,-2,65,31,-4,65,24,-5,65,18,-6,66,42,-4,65,35,-5,64,29,-6,64,24,-7,ATTACK
30,63,0,32,54,0,37,47,-1,41,41,-1,43,36,-2,43,45,-2,52,46,-4,57,47,-5,61,47,-5,44,49,-4,54,51,-4,59,53,-5,63,53,-5,44,54,-5,53,56,-6,59,57,-6,63,57,-6,44,60,-6,52,60,-7,56,61,-6,60,61,-6,68,63,0,62,57,1,60,49,2,60,45,2,61,40,1,63,41,2,62,32,1,62,26,0,62,20,0,64,41,0,64,30,-1,64,23,-2,64,17,-3,65,42,-2,65,31,-4,65,24,-5,65,18,-5,66,43,-4,65,35,-6,65,29,-6,65,24,-7,ATTACK
30,63,0,33,54,0,37,46,-1,41,41,-1,43,36,-2,43,45,-3,52,46,-4,57,47,-5,61,47,-5,44,49,-4,54,51,-5,59,53,-5,63,53,-5,44,54,-5,53,56,-6,59,57,-6,63,57,-6,44,60,-6,52,60,-6,56,60,-6,60,60,-6,68,63,0,61,58,1,59,50,2,59,45,1,59,41,1,63,41,2,63,32,1,62,25,0,63,20,-1,65,41,0,64,31,-1,64,23,-3,64,17,-4,66,42,-2,65,31,-4,65,24,-5,65,18,-5,66,43,-4,65,35,-6,65,29,-6,64,24,-7,ATTACK
30,63,0,33,54,0,37,46,-1,41,41,-1,43,35,-2,43,45,-3,52,46,-4,57,47,-5,61,47,-5,44,49,-4,54,51,-5,59,52,-5,63,53,-5,44,54,-5,54,56,-6,59,56,-6,63,56,-6,45,60,-6,52,60,-7,57,60,-7,60,60,-7,68,63,0,61,58,2,59,51,2,58,46,2,58,41,2,62,41,3,62,32,2,62,26,1,62,20,0,64,41,0,64,31,-1,64,23,-2,64,17,-3,65,42,-2,65,31,-3,65,24,-4,65,18,-5,66,43,-4,65,35,-6,65,29,-6,64,24,-7,ATTACK
30,62,0,33,53,0,37,46,0,41,40,-1,43,35,-2,43,44,-2,52,46,-4,57,46,-4,61,47,-5,44,49,-4,54,51,-4,59,52,-4,63,52,-5,44,54,-5,54,55,-5,59,56,-6,63,56,-6,45,59,-6,52,59,-6,57,59,-6,60,59,-6,68,64,0,62,59,1,59,51,1,58,46,1,58,41,1,63,42,2,62,33,2,62,26,1,63,21,0,64,41,0,64,31,-1,64,24,-2,64,18,-3,66,42,-2,65,32,-3,65,24,-4,65,18,-5,66,43,-4,65,35,-5,64,29,-6,64,24,-6,ATTACK
31,62,0,33,53,0,37,45,0,41,40,-1,43,34,-2,43,44,-2,52,45,-3,57,45,-4,61,46,-4,44,48,-3,54,50,-4,59,51,-4,63,51,-4,45,53,-5,54,54,-5,59,55,-5,63,55,-5,45,58,-6,52,59,-6,57,59,-6,61,59,-6,68,64,0,62,59,1,59,52,2,59,47,1,59,42,1,63,42,3,63,33,2,63,27,1,63,21,0,64,41,1,64,31,0,64,24,-2,64,18,-3,65,42,-2,65,32,-3,65,25,-4,65,19,-5,66,43,-4,65,35,-5,65,30,-6,64,24,-6,ATTACK
31,62,0,33,53,0,37,45,0,41,40,-1,43,34,-2,43,43,-2,52,45,-3,57,45,-4,61,46,-4,44,48,-3,54,50,-4,59,51,-4,63,51,-5,45,53,-5,54,54,-5,59,55,-5,63,55,-6,45,58,-6,52,58,-6,57,58,-6,61,58,-6,67,64,0,61,59,2,59,52,3,58,47,3,58,42,3,62,42,4,62,33,4,62,27,3,62,21,3,64,41,1,64,31,1,63,24,0,64,18,-1,65,42,-1,65,32,-2,65,25,-3,65,19,-4,66,43,-4,65,35,-5,65,29,-6,64,24,-6,ATTACK
31,61,0,33,52,0,37,45,0,41,39,-1,43,34,-2,43,43,-2,52,45,-3,57,45,-4,61,46,-5,44,47,-4,54,49,-4,59,51,-4,63,51,-5,45,52,-5,54,54,-5,59,54,-6,63,54,-6,45,58,-6,52,58,-7,57,58,-6,61,58,-6,68,64,0,61,59,1,59,52,2,58,47,2,58,42,1,63,41,3,63,33,3,62,27,2,63,21,1,64,41,1,64,31,0,64,24,-1,64,18,-2,66,42,-2,65,32,-3,65,25,-4,65,19,-4,66,43,-4,65,35,-5,65,30,-6,64,25,-6,ATTACK
31,62,0,33,53,0,37,45,0,41,40,-1,43,35,-2,43,43,-2,52,45,-4,57,45,-4,61,46,-5,44,47,-4,54,49,-4,59,51,-4,63,51,-5,44,52,-5,54,54,-6,59,54,-6,63,55,-6,45,58,-6,52,58,-7,57,58,-7,61,58,-6,68,64,0,61,58,2,59,51,3,59,46,3,59,42,2,63,41,4,63,33,3,62,26,3,63,21,2,64,41,1,64,31,0,64,24,-1,64,18,-2,66,42,-2,65,32,-3,65,25,-3,65,19,-4,66,43,-4,65,35,-5,65,29,-6,64,24,-6,ATTACK
31,61,0,33,52,0,37,45,0,41,39,-1,43,34,-2,43,43,-2,52,44,-4,57,45,-4,61,46,-5,44,47,-4,54,49,-4,59,51,-4,63,51,-5,45,52,-5,54,54,-6,59,54,-6,63,54,-6,45,58,-6,52,58,-7,57,58,-6,61,58,-6,68,64,0,62,59,1,60,52,2,59,47,1,59,42,1,63,42,3,63,33,2,63,27,1,63,21,0,65,41,1,64,31,0,64,24,-2,64,18,-3,66,42,-2,65,32,-3,65,25,-4,65,19,-5,66,44,-4,65,35,-5,65,30,-6,64,25,-6,ATTACK
31,61,0,33,52,0,37,45,0,41,39,-1,43,34,-2,43,43,-2,52,44,-4,57,45,-4,60,45,-5,44,47,-4,54,49,-4,59,50,-4,63,51,-5,44,52,-5,54,53,-6,59,54,-6,63,54,-6,45,58,-6,52,58,-7,57,58,-7,60,58,-7,68,65,0,62,59,1,60,52,1,60,47,1,59,42,0,63,42,2,63,33,2,62,27,0,63,22,-1,64,42,0,64,32,-1,64,25,-2,64,18,-3,66,43,-2,65,33,-3,65,26,-4,65,20,-5,66,44,-5,66,36,-6,65,31,-6,65,26,-6,ATTACK
31,61,0,33,52,0,37,45,0,41,39,-1,43,34,-2,43,43,-2,52,44,-3,57,45,-4,60,45,-4,44,47,-3,54,49,-4,59,50,-4,63,51,-5,45,52,-5,54,53,-5,59,54,-6,63,54,-6,45,57,-6,52,57,-6,57,58,-6,61,57,-6,68,65,0,62,59,1,60,52,1,60,47,1,60,43,0,63,42,2,62,33,2,62,27,1,62,22,0,64,42,0,64,32,-1,64,25,-2,64,19,-3,66,42,-2,65,33,-3,65,26,-4,65,20,-5,66,44,-5,65,36,-6,65,31,-6,64,26,-7,ATTACK
31,61,0,33,52,0,37,44,0,41,39,-1,43,34,-2,43,43,-2,52,44,-3,57,45,-4,61,45,-5,44,46,-3,54,49,-4,59,50,-4,63,51,-5,45,52,-5,54,53,-5,59,54,-6,63,54,-6,45,57,-6,52,57,-7,57,57,-6,61,57,-6,68,65,0,62,60,1,60,52,1,60,47,0,60,42,0,62,42,2,62,34,1,62,27,0,62,22,-1,64,42,0,64,32,-1,64,25,-2,64,19,-3,65,43,-2,65,33,-3,65,26,-4,65,20,-5,66,44,-4,66,36,-6,65,31,-6,64,26,-7,ATTACK
31,61,0,33,51,0,37,44,0,41,39,-1,43,34,-2,43,42,-2,52,44,-4,57,44,-4,60,45,-5,44,46,-4,54,48,-4,59,50,-4,63,50,-5,45,51,-5,54,53,-5,59,53,-6,63,53,-6,45,57,-6,52,57,-6,57,57,-6,60,57,-6,68,65,0,62,60,1,60,52,1,60,47,0,60,42,-1,63,42,2,63,33,1,62,27,0,63,22,-1,64,42,0,64,32,-1,64,24,-3,64,18,-4,66,43,-2,65,32,-4,65,26,-5,65,20,-6,66,44,-5,66,36,-6,65,31,-6,64,26,-7,ATTACK
31,60,0,33,51,0,37,44,0,41,38,-1,43,33,-1,43,42,-2,51,43,-3,57,44,-4,60,44,-4,44,46,-3,54,48,-4,59,49,-4,63,50,-4,44,51,-5,54,52,-5,59,53,-5,63,53,-6,45,57,-6,52,57,-6,57,57,-6,60,57,-6,68,65,0,62,60,1,60,52,1,60,47,0,60,42,0,62,42,2,62,33,1,62,27,0,62,22,-1,64,42,0,63,32,-1,63,25,-3,63,19,-4,65,43,-2,65,33,-4,65,26,-5,64,20,-6,66,44,-5,65,37,-6,65,31,-7,64,26,-7,ATTACK
31,60,0,33,51,0,37,44,0,41,38,-1,43,33,-1,43,42,-2,51,43,-3,56,44,-4,60,44,-4,44,46,-3,54,48,-4,59,49,-4,63,50,-4,44,51,-5,54,52,-5,59,53,-5,63,53,-6,45,57,-6,52,56,-6,57,57,-6,60,56,-6,68,65,0,62,60,1,60,52,1,59,47,0,59,42,0,62,43,1,61,34,0,61,27,-1,61,22,-2,64,42,-1,63,32,-2,63,25,-4,63,18,-5,65,43,-3,65,33,-5,65,26,-6,64,20,-7,66,45,-5,65,37,-7,64,31,-8,64,26,-8,ATTACK
31,60,0,33,51,1,37,44,0,41,38,0,43,33,-1,43,42,-2,51,43,-3,57,44,-4,60,44,-4,44,46,-3,54,48,-4,59,49,-4,63,50,-4,44,51,-5,54,52,-5,59,53,-5,63,53,-6,45,56,-6,52,56,-6,57,57,-6,60,56,-6,68,65,0,62,60,1,60,52,1,59,47,1,59,43,0,62,43,2,61,34,1,61,28,0,61,23,-1,64,42,0,63,32,-2,63,25,-3,63,19,-4,65,43,-3,65,33,-4,65,26,-5,64,20,-6,66,45,-5,65,37,-6,64,32,-7,64,27,-8,ATTACK
31,60,0,33,51,0,37,43,0,41,38,-1,43,33,-1,43,41,-2,51,43,-3,56,43,-4,60,44,-4,44,45,-3,53,48,-4,59,49,-4,63,49,-4,44,51,-5,54,52,-5,59,53,-5,63,52,-6,45,56,-6,52,56,-6,57,56,-6,60,56,-6,68,65,0,62,60,1,60,52,1,60,47,0,60,43,-1,62,43,1,61,34,0,61,28,-1,62,23,-2,64,42,-1,63,32,-2,63,25,-4,63,19,-5,65,43,-3,65,33,-4,64,26,-6,64,20,-6,66,45,-5,65,37,-7,64,32,-7,63,27,-8,ATTACK
31,60,0,33,51,0,37,43,0,41,38,-1,43,33,-2,43,41,-2,51,43,-3,56,43,-4,60,44,-4,44,45,-3,53,47,-4,59,49,-4,63,49,-4,44,50,-5,54,52,-5,59,52,-5,63,52,-6,45,56,-6,52,56,-6,56,56,-6,60,56,-6,68,65,0,62,60,0,60,52,0,60,47,0,61,42,-1,62,43,1,62,34,0,62,28,-1,62,22,-2,64,42,-1,64,32,-2,63,25,-4,63,19,-5,66,43,-3,65,33,-4,64,27,-6,64,21,-6,66,45,-5,65,38,-6,64,33,-7,63,28,-8,ATTACK
31,59,0,33,50,0,37,43,0,41,37,-1,43,32,-1,42,41,-2,51,42,-3,56,43,-4,60,43,-4,44,45,-3,53,47,-4,59,48,-4,63,49,-4,44,50,-5,54,51,-5,59,52,-5,63,52,-6,45,56,-6,52,56,-6,57,56,-6,60,56,-6,68,65,0,62,60,0,61,52,0,61,47,0,61,42,-1,63,43,1,62,34,0,62,28,-1,63,22,-2,64,43,-1,64,32,-2,63,25,-3,63,19,-5,66,43,-3,65,33,-4,64,26,-5,64,21,-6,66,45,-5,65,37,-6,64,32,-7,63,27,-7,ATTACK
31,59,0,33,50,0,37,43,0,41,38,0,43,32,-1,42,41,-2,51,42,-3,56,43,-4,60,43,-4,43,45,-3,53,47,-4,59,48,-4,63,49,-4,44,50,-5,53,51,-5,59,52,-5,63,52,-6,45,55,-6,52,56,-6,57,56,-6,60,55,-6,68,65,0,62,60,0,60,52,-1,61,46,-1,61,41,-2,63,43,1,62,34,-1,62,27,-2,62,22,-4,64,42,-1,64,32,-3,63,25,-5,63,19,-6,66,43,-3,65,33,-5,64,27,-6,64,21,-7,66,45,-5,65,38,-6,64,32,-7,63,28,-8,ATTACK
31,59,0,33,50,0,37,43,0,41,37,-1,43,32,-1,42,41,-2,51,42,-3,56,43,-4,60,43,-4,43,45,-3,53,47,-4,59,48,-4,63,49,-4,44,50,-5,53,51,-5,59,52,-5,63,51,-6,44,56,-6,52,55,-6,56,55,-6,60,55,-6,68,65,0,62,60,0,60,51,0,61,46,-1,61,41,-2,63,42,1,63,34,-1,63,27,-2,63,22,-3,65,42,-1,64,32,-3,64,25,-4,64,19,-5,66,43,-3,65,34,-4,64,27,-6,64,21,-7,66,45,-5,65,38,-6,64,33,-7,63,28,-8,ATTACK
31,59,0,33,50,0,37,43,0,41,37,0,43,32,-1,42,41,-2,51,42,-3,56,42,-4,60,43,-4,43,45,-3,53,47,-4,58,48,-4,63,48,-4,44,50,-5,53,51,-5,59,52,-5,63,52,-6,44,55,-6,52,55,-6,56,56,-6,60,55,-6,68,65,0,62,60,0,60,52,0,60,47,-1,60,42,-1,64,43,1,63,34,-1,63,28,-2,63,23,-3,65,43,-1,64,33,-3,63,26,-4,63,19,-5,66,44,-3,65,34,-4,64,28,-6,64,22,-6,66,46,-5,65,39,-6,63,34,-7,63,30,-7,ATTACK
31,59,0,33,50,0,37,43,0,41,37,0,43,32,-1,42,41,-2,51,42,-3,56,42,-4,60,43,-4,43,45,-3,53,47,-4,58,48,-4,63,48,-4,44,50,-4,53,51,-5,59,52,-5,62,52,-6,44,55,-6,52,55,-6,56,55,-6,60,55,-6,68,66,0,62,60,0,60,52,0,60,47,-1,60,42,-1,64,43,1,63,34,-1,63,28,-2,63,23,-3,66,43,-1,64,33,-3,64,26,-4,63,19,-5,66,44,-3,65,34,-4,64,28,-6,64,22,-6,66,46,-5,64,39,-6,63,34,-7,63,29,-7,ATTACK
30,59,0,33,50,0,37,43,0,41,37,-1,42,32,-1,42,41,-2,51,42,-3,56,42,-4,60,42,-5,43,44,-3,53,46,-4,58,48,-4,62,48,-5,44,50,-5,53,51,-5,58,51,-6,62,51,-6,44,55,-6,52,55,-6,56,55,-6,60,55,-6,68,66,0,62,60,0,60,53,0,60,48,0,59,44,-1,63,43,1,63,35,0,62,29,-2,62,23,-3,65,43,-1,64,33,-2,63,26,-4,63,20,-5,66,44,-3,65,34,-4,64,28,-5,64,22,-6,66,46,-5,64,38,-6,63,33,-7,63,28,-7,ATTACK
30,59,0,32,50,1,37,43,0,40,37,0,42,32,-1,42,40,-2,51,41,-3,56,41,-4,59,41,-4,43,44,-3,53,46,-4,58,47,-4,62,47,-4,44,49,-4,53,50,-5,58,51,-5,62,50,-6,44,55,-6,52,55,-6,56,55,-6,59,54,-6,68,66,0,61,60,0,59,53,0,59,48,-1,59,44,-1,62,44,1,61,36,-1,61,30,-2,62,24,-3,64,44,-1,63,34,-3,63,27,-4,63,20,-5,66,44,-3,65,35,-4,64,28,-6,64,22,-6,66,46,-5,64,39,-6,63,34,-7,63,29,-8,ATTACK
30,58,0,32,50,1,36,42,1,40,37,0,42,32,0,41,40,-2,50,41,-3,55,41,-3,59,40,-4,42,44,-3,53,45,-4,58,46,-4,62,46,-4,43,49,-4,53,50,-5,58,50,-5,62,50,-5,44,54,-6,51,54,-6,56,54,-6,59,53,-6,68,66,0,62,60,1,60,53,1,60,48,0,59,43,0,63,44,1,62,35,0,62,29,-1,62,23,-2,64,44,-1,63,34,-2,63,27,-3,63,20,-4,66,45,-3,64,35,-4,64,27,-5,64,22,-6,66,46,-5,64,38,-6,64,33,-7,63,28,-8,ATTACK
30,58,0,32,49,1,36,42,0,40,36,0,41,32,0,41,40,-2,50,40,-3,55,40,-4,59,40,-4,42,43,-3,52,45,-4,58,46,-4,62,46,-4,43,48,-4,52,49,-5,58,49,-5,62,49,-6,43,54,-5,51,54,-6,55,53,-6,59,53,-6,68,66,0,62,60,1,60,53,1,59,48,0,59,44,-1,62,45,1,61,36,-1,61,30,-2,62,24,-3,64,44,-1,63,34,-3,63,27,-4,63,21,-5,65,45,-3,64,35,-5,64,28,-6,64,22,-7,66,46,-5,64,39,-7,63,34,-7,63,29,-8,ATTACK
30,58,0,32,49,1,36,42,1,39,36,0,41,31,0,41,39,-2,50,40,-3,55,39,-3,58,39,-4,42,43,-3,52,44,-4,57,45,-4,61,45,-4,43,48,-4,52,49,-5,57,49,-5,61,48,-6,43,53,-5,51,53,-6,55,53,-6,59,52,-6,68,66,0,62,60,1,60,53,1,59,49,0,59,45,-1,63,45,1,62,36,-1,61,30,-2,62,24,-3,65,45,-1,63,34,-3,63,27,-4,63,21,-5,66,45,-3,64,35,-5,64,28,-6,64,22,-7,65,46,-5,63,39,-7,62,34,-7,62,29,-8,ATTACK
30,58,0,31,49,1,35,41,1,39,36,1,40,31,0,40,39,-2,49,39,-3,54,39,-3,57,38,-4,41,43,-3,51,43,-4,57,43,-4,61,43,-4,42,47,-4,52,47,-5,57,47,-5,61,47,-5,43,53,-6,50,52,-6,55,51,-6,58,50,-6,68,66,0,62,61,1,60,54,1,59,50,1,59,46,0,64,45,1,63,37,0,62,30,-1,62,25,-2,65,45,-1,64,34,-2,63,27,-4,63,21,-5,66,46,-3,64,35,-5,63,28,-6,63,23,-7,65,47,-5,63,39,-7,62,34,-7,61,30,-8,ATTACK
29,58,0,31,49,1,35,41,1,39,36,1,40,31,0,40,39,-1,49,39,-3,54,39,-3,57,38,-4,41,42,-3,51,43,-3,56,43,-4,60,43,-4,42,47,-4,51,47,-5,57,47,-5,61,46,-5,43,52,-5,50,52,-6,54,51,-6,58,50,-6,68,67,0,62,61,1,60,54,1,60,50,0,59,46,0,65,45,1,64,36,0,63,30,-2,63,25,-3,66,45,-1,64,34,-2,63,27,-4,63,21,-5,66,46,-3,64,35,-4,63,29,-5,63,23,-6,64,47,-5,63,40,-6,62,35,-7,61,30,-8,ATTACK
29,57,0,31,49,1,35,41,1,39,36,1,40,31,1,39,39,-1,48,39,-3,53,38,-3,57,38,-4,41,42,-3,51,42,-3,56,43,-4,60,42,-4,42,47,-4,51,47,-5,56,46,-5,60,46,-5,43,52,-5,50,51,-6,54,51,-6,58,49,-6,68,67,0,61,61,1,60,54,2,60,49,1,59,45,1,65,45,2,63,36,0,63,30,-1,63,25,-2,66,44,0,64,34,-2,63,27,-3,63,21,-4,66,45,-3,64,35,-4,63,29,-5,63,23,-6,64,47,-4,63,39,-6,62,34,-6,61,30,-7,ATTACK
29,58,0,31,49,1,35,41,1,38,36,1,40,31,0,39,38,-1,48,38,-3,53,38,-3,57,38,-4,40,42,-3,50,42,-4,56,42,-4,60,42,-4,42,47,-4,51,46,-5,56,46,-5,60,45,-5,42,52,-6,50,51,-6,54,50,-6,57,49,-6,68,66,0,61,60,1,60,54,1,59,49,0,58,45,0,65,44,1,63,36,0,63,30,-1,63,25,-3,66,44,-1,64,34,-2,63,27,-3,63,21,-5,66,46,-3,64,35,-4,63,29,-5,63,23,-6,64,47,-5,62,40,-6,61,35,-7,61,30,-7,ATTACK
29,57,0,31,49,1,35,41,1,38,36,1,39,31,1,39,39,-1,48,38,-3,53,38,-3,56,37,-3,40,42,-3,50,42,-4,56,42,-4,59,41,-4,41,47,-4,50,46,-5,56,46,-5,59,45,-5,42,52,-6,49,51,-6,54,50,-6,57,48,-6,67,67,0,61,61,1,60,54,1,59,49,1,59,44,1,65,45,2,63,36,0,63,30,-1,63,25,-2,66,44,0,63,34,-1,63,27,-3,63,22,-4,65,45,-2,63,35,-4,63,29,-5,62,23,-6,64,47,-4,62,40,-6,61,35,-6,61,30,-7,ATTACK
28,58,0,30,49,1,34,41,2,37,36,1,39,31,1,38,39,-1,47,38,-2,52,38,-3,56,37,-3,40,42,-3,50,42,-3,55,42,-3,59,41,-4,41,47,-4,50,46,-5,55,46,-5,59,45,-5,42,52,-6,49,50,-6,53,49,-6,57,48,-6,67,67,0,61,62,1,59,54,1,59,49,0,58,45,0,63,45,1,62,36,0,62,30,-1,62,24,-2,64,45,0,62,35,-2,62,28,-3,62,22,-4,64,46,-2,62,36,-4,62,29,-5,62,23,-6,63,47,-4,62,39,-5,61,34,-6,60,30,-7,ATTACK
28,58,0,30,49,1,34,42,2,37,36,2,38,31,1,38,39,-1,47,38,-2,52,38,-3,55,37,-3,39,42,-3,49,42,-3,54,42,-3,58,41,-3,40,47,-4,50,46,-5,55,45,-5,58,44,-5,41,52,-6,49,50,-6,53,49,-6,56,48,-6,66,67,0,60,62,1,59,55,1,57,51,0,56,46,-1,63,45,1,62,37,0,62,30,-2,61,25,-3,64,45,-1,62,35,-2,62,28,-3,61,22,-4,64,46,-3,62,36,-4,61,29,-5,61,23,-6,62,47,-5,61,40,-6,60,35,-6,60,30,-7,ATTACK
28,58,0,30,49,1,33,42,2,37,36,2,38,32,1,37,39,-1,46,38,-2,51,38,-3,55,37,-3,39,43,-3,49,42,-3,54,42,-3,58,41,-3,40,47,-4,49,46,-5,54,45,-5,58,44,-5,41,52,-6,48,50,-6,52,49,-6,56,48,-6,66,68,0,61,63,0,59,56,0,58,52,0,58,47,-1,63,46,1,62,37,0,61,31,-2,61,25,-3,64,45,-1,62,35,-2,61,28,-3,61,22,-5,64,46,-3,62,36,-4,61,29,-5,61,24,-6,62,48,-5,61,40,-6,60,35,-7,59,30,-7,ATTACK
28,59,0,29,50,1,33,42,2,36,37,1,38,32,1,37,40,-1,46,39,-2,51,38,-3,55,37,-3,38,43,-3,48,42,-3,54,42,-3,57,41,-3,40,47,-4,49,46,-5,54,45,-5,58,44,-5,41,53,-5,48,51,-6,52,49,-6,56,48,-6,66,68,0,60,64,1,58,57,1,57,52,1,56,48,0,63,46,1,61,38,0,61,31,-1,61,26,-2,64,46,-1,62,36,-2,61,29,-3,61,23,-4,63,47,-3,61,37,-4,61,30,-5,60,24,-6,62,48,-5,60,40,-6,59,35,-6,59,31,-7,ATTACK
27,58,0,29,50,1,33,42,2,36,37,2,37,32,1,37,39,-1,46,38,-2,51,38,-3,54,37,-3,38,43,-3,48,42,-3,53,42,-3,57,41,-4,39,48,-4,48,46,-5,54,45,-5,57,44,-5,40,53,-5,48,50,-6,52,49,-6,55,48,-6,66,68,0,60,63,1,58,56,1,57,52,1,55,47,0,62,46,1,61,37,0,60,31,-1,60,25,-2,63,46,-1,61,35,-2,61,28,-3,60,22,-4,63,47,-3,61,37,-4,60,30,-5,60,24,-6,61,49,-5,60,41,-6,59,36,-7,59,31,-7,ATTACK
28,58,0,29,49,1,33,42,1,36,36,1,37,32,1,37,39,-1,46,38,-3,51,37,-3,54,37,-3,38,42,-3,48,41,-4,53,41,-4,57,40,-4,39,47,-4,49,46,-5,54,45,-5,57,44,-5,40,52,-6,48,50,-6,52,49,-6,55,48,-6,67,68,0,60,62,1,58,56,1,57,51,1,56,47,0,61,46,1,60,37,0,59,31,-1,59,25,-2,63,46,-1,60,35,-2,59,28,-4,60,22,-5,63,47,-3,61,36,-4,60,29,-6,60,24,-6,62,48,-5,60,41,-6,59,36,-7,58,31,-8,ATTACK
27,58,0,29,49,1,33,42,2,36,36,2,37,31,2,37,39,-1,46,38,-2,51,37,-3,54,36,-3,38,42,-3,48,41,-3,53,41,-3,57,40,-4,39,47,-4,48,45,-5,54,44,-5,57,43,-5,40,52,-6,48,50,-6,52,48,-6,55,47,-6,66,67,0,60,62,1,58,55,2,57,51,1,56,46,0,61,46,1,60,37,0,60,30,-1,60,25,-2,62,46,-1,61,35,-2,60,28,-4,60,21,-5,63,47,-3,61,36,-4,60,29,-6,60,23,-6,62,48,-5,60,41,-6,59,36,-7,58,31,-8,ATTACK
27,58,0,29,49,1,33,42,2,36,36,2,37,32,2,37,39,-1,46,38,-2,51,37,-3,54,36,-3,38,42,-3,48,41,-3,53,41,-3,57,40,-3,39,47,-4,49,45,-4,54,44,-5,57,43,-5,40,52,-5,48,50,-6,52,48,-6,55,47,-6,66,67,0,60,62,2,58,56,2,57,52,1,56,47,1,62,46,1,60,37,0,60,31,-1,60,25,-2,63,46,-1,61,35,-2,60,28,-3,60,21,-4,63,47,-3,61,36,-4,60,29,-5,60,24,-6,62,48,-5,60,41,-6,59,36,-7,59,31,-7,ATTACK
27,58,0,29,49,1,33,42,2,36,36,2,37,31,2,37,39,-1,45,38,-2,51,37,-3,54,36,-3,38,42,-3,48,41,-3,53,40,-3,57,40,-4,39,47,-4,48,45,-5,54,44,-5,57,43,-5,40,52,-5,48,49,-6,52,48,-6,55,47,-6,66,68,0,60,62,1,58,55,1,57,51,1,56,46,0,61,46,1,60,37,0,59,31,-1,59,26,-2,62,46,-1,60,35,-2,59,28,-3,60,22,-4,63,47,-3,61,36,-4,60,30,-5,60,24,-6,62,48,-5,60,41,-6,59,36,-6,59,32,-7,ATTACK
28,58,0,29,49,1,33,42,1,36,36,1,37,32,1,37,39,-1,45,38,-2,50,37,-3,54,36,-3,38,42,-3,48,41,-3,53,40,-3,57,39,-4,39,47,-4,48,45,-5,54,44,-5,57,43,-5,40,52,-5,48,49,-6,52,48,-6,55,47,-6,66,68,0,60,63,1,58,56,1,57,52,0,56,47,0,61,47,1,60,38,0,60,31,-1,60,26,-2,62,46,-1,61,36,-2,60,29,-4,60,22,-5,62,47,-3,61,37,-4,60,30,-5,60,24,-6,62,49,-5,60,41,-6,59,36,-7,58,32,-7,ATTACK
28,58,0,29,49,1,33,42,2,36,36,2,37,32,1,36,39,-1,45,38,-2,50,37,-3,54,36,-3,38,42,-3,48,41,-3,53,40,-4,57,39,-4,39,47,-4,48,45,-5,53,44,-5,57,43,-5,40,52,-6,48,49,-6,52,48,-6,55,47,-6,66,68,0,61,63,1,59,56,1,58,52,0,57,47,-1,62,47,1,61,38,-1,60,32,-2,60,26,-3,63,47,-1,61,36,-3,60,29,-4,60,23,-5,63,47,-3,61,37,-4,60,30,-6,60,25,-7,62,49,-5,60,42,-6,59,37,-7,59,33,-7,ATTACK
28,58,0,29,49,1,33,42,1,36,36,1,37,32,1,36,39,-1,45,38,-2,50,37,-3,54,36,-3,38,42,-3,48,41,-4,53,40,-4,57,39,-4,39,47,-4,48,45,-5,53,44,-5,57,43,-6,40,52,-6,47,49,-6,52,48,-6,55,47,-6,66,68,0,60,64,1,58,58,1,57,53,1,56,49,0,61,47,1,60,39,0,59,32,-1,59,27,-2,63,47,-1,60,36,-2,59,29,-3,59,23,-4,63,48,-3,61,37,-4,60,30,-5,60,25,-6,62,49,-4,60,42,-6,59,37,-6,58,32,-7,ATTACK
28,58,0,29,49,1,33,42,2,36,36,2,37,32,2,36,39,-1,45,38,-2,50,37,-3,54,36,-3,38,42,-3,48,41,-3,53,40,-4,57,39,-4,39,47,-4,48,45,-5,53,44,-5,57,43,-6,40,52,-6,48,49,-6,52,48,-6,55,46,-7,67,68,0,60,63,1,58,56,1,58,52,1,57,47,0,61,47,1,60,38,0,59,31,-1,60,26,-2,62,46,-1,60,36,-2,60,29,-4,60,22,-5,63,47,-3,61,37,-4,60,30,-6,60,25,-6,62,49,-5,60,42,-6,59,37,-7,58,33,-8,ATTACK
27,58,0,29,49,2,33,42,2,36,36,2,37,31,2,36,38,-1,45,37,-2,50,36,-3,54,36,-3,38,42,-3,48,41,-4,53,40,-4,57,39,-4,39,46,-5,48,45,-5,53,44,-5,57,42,-6,40,52,-6,47,49,-7,52,48,-7,55,46,-7,67,67,0,60,62,2,59,54,2,58,49,2,57,44,1,61,47,2,60,37,0,60,31,-1,60,25,-2,62,46,-1,61,35,-2,60,28,-3,60,22,-4,63,47,-3,61,37,-4,60,30,-5,60,24,-6,62,49,-5,60,41,-6,59,37,-7,58,33,-7,ATTACK
27,58,0,29,49,2,33,42,2,36,36,2,37,32,2,36,38,-1,45,37,-2,50,36,-3,54,36,-3,38,42,-3,48,41,-3,53,40,-3,57,39,-4,39,46,-4,48,44,-5,54,44,-5,57,42,-5,40,52,-6,48,49,-6,52,48,-6,55,46,-6,67,67,0,60,62,2,59,55,2,58,51,2,57,46,1,62,46,2,60,37,0,60,31,-1,60,25,-2,63,46,-1,61,35,-2,60,28,-3,59,22,-4,63,47,-3,61,36,-4,60,29,-5,60,24,-6,62,48,-5,60,41,-6,59,37,-7,59,33,-7,ATTACK
27,58,0,29,49,2,33,42,2,36,36,2,37,31,2,36,38,-1,45,37,-2,50,36,-3,54,36,-3,38,42,-3,48,41,-3,53,40,-3,57,39,-4,39,46,-4,48,45,-5,53,44,-5,57,43,-5,40,52,-6,47,49,-6,52,48,-6,55,47,-6,67,67,0,60,62,1,58,55,1,57,50,1,57,45,0,61,46,1,60,37,0,59,30,-1,59,24,-2,63,45,-1,60,35,-2,59,27,-4,59,21,-5,63,46,-3,61,36,-4,60,29,-6,59,24,-7,62,48,-5,60,41,-6,59,36,-7,59,32,-8,ATTACK
27,59,0,29,50,1,33,42,2,36,37,2,38,32,1,37,39,-1,46,39,-2,51,38,-3,54,37,-3,38,43,-3,48,42,-3,53,42,-3,57,41,-4,39,47,-4,49,46,-5,54,45,-5,57,44,-5,40,52,-6,48,51,-6,52,49,-6,55,48,-6,66,65,0,59,61,1,58,54,1,56,49,0,56,45,0,61,45,1,59,36,-1,59,30,-2,59,24,-3,62,44,-1,60,34,-2,59,27,-4,59,21,-5,62,45,-3,60,35,-4,59,29,-6,59,23,-6,62,47,-5,60,41,-6,59,36,-7,58,32,-8,ATTACK
27,59,0,29,50,1,33,42,2,36,37,2,37,32,1,37,39,-2,46,39,-3,51,38,-3,54,37,-4,38,43,-3,48,42,-4,53,42,-4,57,41,-4,39,47,-5,48,46,-5,54,46,-5,57,44,-6,40,53,-6,47,51,-7,52,50,-7,55,48,-7,66,65,0,60,60,1,58,53,1,58,48,1,57,44,0,60,45,1,59,36,0,59,30,-1,59,24,-2,61,44,-1,59,34,-2,59,27,-3,59,21,-4,62,45,-3,60,35,-4,59,28,-5,59,23,-6,62,46,-4,60,40,-6,59,35,-6,58,31,-7,ATTACK
27,59,0,29,50,1,33,42,2,36,37,2,37,32,1,36,39,-1,45,39,-2,51,38,-3,54,37,-3,38,43,-3,48,42,-3,53,42,-4,57,41,-4,39,48,-4,48,47,-5,54,46,-5,57,45,-5,40,53,-6,47,51,-6,52,50,-6,55,49,-6,66,65,0,59,60,1,58,53,1,57,49,1,56,44,0,60,45,1,60,36,0,59,29,-2,60,24,-3,62,44,-1,60,34,-2,60,26,-4,60,20,-5,62,45,-3,60,34,-4,60,28,-5,60,22,-6,61,46,-5,60,39,-6,59,35,-7,58,30,-8,ATTACK
27,59,0,29,50,1,33,43,1,36,37,1,37,32,1,36,40,-1,45,39,-2,50,38,-3,54,38,-4,38,43,-3,48,43,-3,53,43,-4,57,42,-4,39,48,-4,48,47,-5,53,46,-5,57,45,-5,40,53,-6,47,52,-6,51,51,-6,55,49,-6,66,65,0,60,60,0,58,53,0,57,48,-1,57,44,-2,59,45,0,59,36,-2,59,29,-3,59,24,-4,61,44,-1,59,34,-3,59,27,-5,59,21,-6,61,45,-3,60,35,-5,59,28,-6,59,23,-7,62,46,-5,60,40,-6,59,35,-7,58,31,-8,ATTACK
27,59,0,29,50,1,33,43,1,36,37,1,37,33,1,36,40,-1,45,40,-3,50,39,-3,54,38,-4,38,44,-3,48,43,-4,53,43,-4,57,42,-4,39,48,-4,48,47,-5,53,47,-5,57,46,-6,40,53,-6,47,52,-6,51,51,-6,55,50,-6,66,65,0,60,60,1,58,53,1,57,49,0,56,44,-1,60,44,1,60,35,-1,59,29,-2,60,23,-3,61,43,-1,60,33,-2,59,26,-4,60,20,-4,62,44,-3,60,34,-4,60,27,-5,60,22,-6,62,46,-5,60,39,-6,59,34,-7,58,30,-7,ATTACK
27,59,0,29,51,1,33,43,1,36,38,1,37,33,1,37,41,-2,46,40,-3,51,40,-4,54,39,-4,38,44,-3,48,44,-4,53,44,-4,57,43,-4,39,49,-5,48,48,-5,53,48,-5,57,47,-6,40,54,-6,47,53,-6,51,52,-7,55,51,-7,66,64,0,60,59,0,58,53,0,58,48,0,57,43,-1,61,44,0,60,35,-1,59,29,-3,60,23,-4,62,43,-1,60,33,-3,60,26,-4,60,20,-5,62,44,-3,60,34,-5,60,27,-6,59,22,-7,62,46,-5,60,39,-6,59,34,-7,58,30,-8,ATTACK
27,60,0,29,51,1,33,44,1,36,38,1,38,34,0,37,41,-2,46,41,-3,51,40,-4,54,40,-4,38,45,-3,48,45,-4,53,45,-4,57,44,-4,39,49,-4,48,49,-5,54,48,-5,58,47,-6,40,54,-6,48,53,-6,52,53,-6,55,52,-6,66,64,0,60,60,0,58,53,0,57,48,-1,57,44,-2,61,43,0,60,35,-1,59,29,-3,60,23,-4,61,43,-1,60,33,-3,60,26,-4,60,20,-5,62,44,-3,60,34,-4,60,27,-5,59,22,-6,62,45,-4,60,39,-6,59,34,-7,58,30,-7,ATTACK
27,60,0,29,51,1,33,44,1,36,39,1,38,34,0,37,42,-2,46,41,-3,51,41,-4,55,40,-4,38,45,-3,48,45,-4,54,45,-4,58,44,-5,39,50,-5,49,49,-5,54,49,-6,58,48,-6,40,55,-6,48,54,-7,52,53,-7,55,52,-7,66,63,0,60,59,0,58,52,-1,57,47,-1,56,43,-2,60,43,0,59,35,-2,59,28,-4,59,23,-5,61,43,-2,60,33,-3,59,26,-5,59,20,-6,62,44,-3,60,34,-5,60,27,-6,60,22,-7,62,45,-4,60,39,-6,59,34,-7,58,30,-8,ATTACK
27,60,0,30,52,1,34,45,1,37,39,0,38,35,0,37,42,-2,46,42,-3,51,42,-4,55,41,-4,39,46,-3,48,46,-4,54,46,-4,58,45,-5,40,50,-5,49,50,-5,54,50,-6,58,49,-6,40,55,-6,48,55,-6,52,54,-7,56,54,-7,66,63,0,60,59,0,57,52,0,57,47,0,56,43,-1,60,43,0,59,34,-1,59,28,-2,59,23,-3,61,43,-1,60,33,-3,59,26,-4,60,20,-5,62,43,-3,60,33,-4,59,27,-5,59,21,-6,62,45,-4,60,38,-6,59,33,-7,58,28,-7,ATTACK
28,61,0,30,53,1,35,46,1,38,41,0,39,36,0,39,44,-1,47,44,-3,52,44,-3,56,43,-3,40,47,-3,49,48,-3,54,48,-4,58,48,-4,41,52,-4,50,52,-5,55,52,-5,59,52,-5,41,57,-5,48,57,-6,53,57,-6,56,57,-6,66,63,0,60,58,1,58,52,1,57,47,0,57,43,0,61,42,1,60,34,-1,59,28,-2,59,22,-3,62,42,-1,60,32,-2,59,25,-4,58,19,-4,62,43,-2,60,33,-4,59,27,-5,58,21,-6,61,45,-4,59,38,-5,58,33,-6,57,28,-7,ATTACK
28,62,0,31,53,1,35,47,1,39,41,1,39,37,1,39,44,-1,48,45,-2,53,45,-2,56,45,-3,40,48,-2,50,49,-3,55,50,-3,59,49,-3,41,52,-4,50,53,-4,55,53,-4,59,53,-5,41,58,-5,49,58,-5,53,58,-5,56,58,-5,66,63,0,60,58,0,58,51,0,57,47,0,57,43,-1,61,42,1,59,34,0,57,29,-1,56,24,-2,62,42,-1,59,33,-2,57,26,-3,56,21,-4,62,43,-2,59,34,-3,57,28,-4,56,22,-5,61,44,-4,59,37,-5,58,33,-6,57,28,-6,ATTACK
28,62,0,31,54,1,36,48,1,39,42,1,40,38,1,39,45,-1,48,45,-2,53,45,-3,56,44,-3,40,48,-3,50,49,-3,55,50,-3,59,49,-3,41,53,-4,50,54,-4,55,54,-5,59,53,-5,42,58,-5,49,59,-6,53,59,-6,57,59,-6,66,62,0,61,57,1,59,51,1,58,46,1,58,41,1,63,43,1,59,35,0,57,29,-1,56,24,-1,63,42,0,59,33,-2,57,27,-3,55,22,-3,62,43,-2,59,34,-3,57,28,-4,56,23,-4,61,44,-4,58,38,-5,57,33,-5,56,29,-5,ATTACK
28,62,0,31,54,1,35,47,1,39,42,1,40,37,0,39,45,-1,48,45,-2,53,45,-3,57,44,-3,40,49,-3,50,49,-3,55,50,-3,59,49,-4,41,53,-4,51,54,-5,56,54,-5,59,53,-5,41,58,-6,49,59,-6,53,59,-6,57,59,-6,66,63,0,59,58,0,58,52,0,57,47,0,56,43,-1,62,42,0,59,35,0,57,29,-1,56,25,-2,63,42,-1,59,33,-2,57,27,-3,55,22,-4,63,43,-2,59,34,-3,57,28,-4,55,23,-5,61,45,-4,58,38,-4,56,33,-5,56,29,-5,ATTACK
28,63,0,31,54,1,35,48,1,39,43,1,40,38,1,39,46,-1,48,46,-2,53,45,-3,57,45,-3,40,49,-3,50,50,-3,55,50,-4,59,50,-4,41,54,-4,50,54,-5,55,54,-5,59,54,-6,41,59,-6,49,59,-6,53,60,-6,56,60,-6,66,63,0,60,58,1,58,51,1,57,47,1,57,43,0,62,43,1,59,35,0,57,30,-1,55,25,-1,63,43,0,58,34,-2,56,28,-3,55,22,-3,62,44,-2,58,35,-3,56,29,-4,55,24,-4,61,45,-4,58,38,-4,56,34,-5,55,30,-5,ATTACK
27,63,0,30,55,2,35,49,2,39,44,2,40,40,1,39,46,-1,48,46,-2,53,46,-3,57,45,-3,40,49,-3,50,50,-3,56,51,-4,60,51,-4,41,54,-5,51,54,-5,56,55,-5,59,55,-6,41,59,-6,49,59,-6,53,60,-6,57,60,-6,66,63,0,60,58,1,58,52,1,57,48,1,56,44,0,63,43,1,58,35,0,56,31,-1,54,26,-1,63,43,-1,58,34,-2,55,28,-3,54,23,-4,62,44,-3,58,35,-4,55,29,-4,53,24,-5,60,46,-4,57,39,-5,55,34,-5,54,30,-6,ATTACK
28,64,0,31,55,2,35,50,2,39,45,2,41,41,1,39,45,-1,48,46,-2,53,46,-3,57,46,-3,40,49,-3,50,50,-3,56,51,-3,59,51,-4,41,53,-5,51,55,-5,56,55,-5,59,55,-5,41,59,-6,49,60,-6,53,60,-6,57,60,-6,66,63,0,60,59,1,58,52,1,57,48,0,57,44,0,63,43,1,58,36,0,56,31,-1,54,27,-2,63,43,-1,58,34,-2,55,29,-3,53,24,-4,62,44,-2,57,36,-3,54,30,-4,53,26,-5,60,46,-4,57,39,-5,55,35,-5,54,31,-5,ATTACK
28,64,0,31,55,2,36,49,2,39,45,1,41,41,1,40,45,-1,49,46,-2,53,47,-2,57,46,-3,41,49,-3,51,50,-3,56,51,-3,59,51,-3,41,53,-4,51,55,-5,56,55,-5,59,55,-5,41,59,-6,49,59,-6,53,60,-6,57,60,-5,66,63,0,60,59,0,57,53,0,57,48,0,56,44,-1,62,44,0,58,37,-1,55,32,-2,53,27,-2,63,43,-1,58,35,-2,55,29,-3,53,24,-4,62,44,-3,57,36,-4,54,30,-5,52,25,-5,60,46,-4,56,39,-5,54,35,-6,53,30,-6,ATTACK
28,64,0,31,55,2,36,49,2,40,45,2,42,41,1,40,45,-1,49,46,-1,54,46,-2,57,46,-2,41,48,-3,51,50,-3,56,51,-3,59,51,-3,41,53,-4,51,54,-4,56,55,-4,59,55,-4,41,58,-6,49,59,-6,53,60,-5,57,59,-5,66,64,0,60,60,0,57,53,0,56,49,0,55,44,-1,63,44,0,58,37,-1,55,32,-2,53,28,-3,63,43,-1,58,35,-3,54,29,-4,52,24,-5,62,44,-3,57,36,-4,54,31,-5,52,26,-6,61,46,-4,57,40,-5,55,35,-6,53,31,-6,ATTACK
28,64,0,31,55,2,36,49,2,40,45,2,42,41,2,40,45,0,49,46,-1,53,46,-2,57,45,-2,41,48,-2,51,50,-2,55,51,-3,59,51,-3,41,53,-4,51,54,-4,56,55,-4,59,54,-4,41,58,-6,49,59,-6,53,59,-5,57,59,-5,66,64,-1,61,60,0,58,53,0,57,48,0,56,44,0,63,44,0,59,37,-1,56,32,-2,53,28,-3,64,44,-1,58,35,-2,55,30,-4,52,25,-4,63,45,-3,57,36,-4,54,31,-5,52,26,-6,61,46,-4,57,40,-5,55,35,-6,53,31,-6,ATTACK
29,64,0,32,55,2,36,49,2,40,45,2,42,41,1,40,45,-1,48,46,-2,53,46,-3,57,46,-3,41,48,-3,51,50,-3,56,51,-3,59,51,-4,41,53,-5,51,54,-5,56,55,-5,59,55,-5,41,58,-6,49,59,-6,53,59,-6,57,59,-6,65,64,-1,61,58,1,60,51,2,58,47,2,57,43,2,63,44,1,59,37,0,55,32,-1,53,28,-1,64,44,-1,58,35,-2,55,30,-3,52,25,-4,62,45,-3,57,36,-4,54,31,-5,52,26,-5,60,46,-5,56,39,-6,54,35,-6,53,31,-7,ATTACK
29,64,0,32,55,1,37,49,1,41,44,1,43,40,1,40,44,-1,48,46,-2,53,46,-3,56,46,-4,40,48,-3,50,50,-3,55,51,-4,59,51,-4,41,53,-5,51,54,-5,55,55,-5,59,55,-5,41,58,-6,49,59,-6,53,60,-6,57,60,-6,65,65,-1,62,58,1,60,52,2,58,48,2,57,44,1,63,44,1,59,37,0,56,32,-1,53,28,-1,63,44,-1,58,35,-2,55,30,-3,52,25,-3,62,45,-3,57,37,-4,54,31,-4,52,26,-5,60,47,-5,56,40,-6,54,35,-6,53,31,-6,ATTACK
30,65,0,32,56,1,37,49,1,41,44,1,43,40,0,40,44,-2,48,45,-3,53,46,-4,56,46,-4,40,48,-3,50,50,-4,55,51,-4,59,51,-4,41,53,-5,50,54,-5,55,55,-5,58,55,-5,41,58,-6,49,59,-6,53,60,-6,57,59,-6,65,64,0,62,58,2,60,51,2,58,46,2,57,43,2,63,44,1,59,37,0,56,31,-1,54,27,-1,63,44,-1,58,35,-2,55,29,-3,54,24,-4,62,45,-3,57,36,-4,55,30,-5,54,25,-6,60,47,-5,57,40,-6,55,35,-6,54,31,-7,ATTACK
30,65,0,32,56,1,37,49,1,41,44,0,43,39,0,39,44,-2,48,45,-3,53,46,-4,57,46,-4,40,48,-3,50,50,-4,55,51,-4,58,51,-5,41,53,-4,50,54,-5,55,55,-5,58,55,-5,41,58,-6,49,59,-6,53,59,-6,56,59,-6,65,64,0,59,60,0,57,54,0,56,50,-1,56,47,-2,62,44,0,59,37,-1,57,31,-2,56,26,-3,63,44,-1,59,35,-3,56,28,-4,55,23,-5,62,45,-3,58,36,-4,56,30,-5,55,25,-5,60,46,-4,58,39,-5,56,35,-5,56,30,-6,ATTACK
30,65,0,32,56,1,37,49,1,41,44,0,43,39,0,39,44,-2,48,45,-3,53,46,-4,56,46,-4,40,48,-3,50,50,-4,55,51,-4,58,51,-5,41,53,-4,50,54,-5,55,55,-5,58,55,-5,41,58,-6,49,59,-6,53,59,-6,56,59,-6,65,64,0,59,60,0,57,54,0,56,50,0,55,46,-1,62,44,0,59,37,-1,57,31,-2,56,26,-2,63,44,-1,59,35,-2,57,28,-4,55,23,-5,62,45,-3,58,36,-4,56,30,-5,55,24,-6,60,46,-4,58,39,-5,56,34,-6,55,30,-6,ATTACK
29,65,0,32,56,0,37,49,0,41,44,0,43,39,-1,39,45,-2,48,46,-3,53,46,-4,57,46,-5,40,48,-3,50,50,-4,55,51,-4,59,51,-5,41,53,-5,50,54,-5,55,55,-5,58,55,-6,41,58,-6,49,59,-6,53,60,-6,56,59,-6,65,64,0,59,59,0,56,53,0,55,49,0,55,45,-1,62,44,0,59,36,-1,57,30,-2,56,25,-3,62,43,-1,59,34,-2,57,27,-4,56,22,-5,62,44,-2,59,35,-4,57,28,-5,56,23,-6,60,45,-4,58,38,-5,57,33,-6,56,29,-6,ATTACK
29,65,0,32,56,0,37,50,0,41,45,-1,43,40,-1,39,45,-3,48,46,-4,53,46,-5,57,46,-5,40,49,-4,50,51,-5,55,52,-5,59,52,-5,40,54,-5,50,55,-6,55,56,-6,59,55,-6,41,59,-6,49,60,-7,53,60,-6,56,60,-6,65,64,0,59,60,0,56,53,-1,55,49,-1,55,45,-2,61,43,0,59,35,-1,58,29,-2,57,24,-4,62,43,-1,59,33,-2,58,27,-4,57,21,-5,62,44,-2,59,34,-4,58,28,-5,57,23,-6,61,45,-4,59,38,-5,58,33,-6,57,29,-6,ATTACK
29,65,0,32,56,0,37,50,0,41,45,-1,43,40,-1,39,45,-3,48,46,-4,53,47,-5,57,47,-6,40,49,-4,50,51,-5,55,52,-5,59,52,-6,40,54,-5,50,55,-6,55,56,-6,59,56,-6,41,59,-6,49,60,-7,53,60,-7,56,60,-7,65,64,0,59,60,0,56,54,-1,55,50,-1,54,46,-2,60,43,0,59,35,-1,58,29,-3,58,23,-4,61,43,-1,59,33,-3,58,26,-4,58,20,-5,62,43,-3,60,34,-4,59,27,-6,58,22,-6,61,45,-4,59,37,-6,58,33,-6,58,28,-7,ATTACK
29,65,0,32,56,1,37,50,0,41,45,0,43,41,-1,39,46,-3,48,47,-4,54,47,-5,57,47,-6,40,49,-4,50,51,-5,56,52,-6,60,52,-6,40,54,-5,50,55,-6,55,56,-6,59,56,-7,41,59,-7,49,60,-7,53,60,-7,56,60,-7,65,64,0,59,60,0,56,53,0,55,49,0,54,45,-1,61,42,1,60,34,0,60,28,-1,60,23,-2,62,42,0,61,32,-2,60,26,-3,60,20,-4,63,43,-2,61,33,-4,60,27,-5,60,21,-6,62,44,-4,60,37,-5,59,32,-6,58,27,-7,ATTACK
29,65,0,32,56,1,37,50,0,42,45,0,43,41,-1,40,46,-2,49,47,-4,54,47,-5,57,47,-5,40,49,-4,50,51,-5,56,51,-5,60,51,-6,41,54,-5,51,55,-6,56,56,-6,60,55,-6,41,59,-6,49,60,-7,53,60,-7,57,60,-7,65,64,0,59,60,-1,57,53,-1,57,48,-2,57,44,-3,61,42,0,60,34,-1,60,28,-3,60,23,-4,62,42,-1,60,32,-2,60,26,-4,60,20,-5,62,43,-2,61,33,-4,60,27,-5,60,22,-6,62,44,-4,60,37,-5,59,32,-6,59,28,-7,ATTACK
29,65,0,32,56,1,37,50,1,41,45,0,43,41,0,40,46,-2,49,47,-4,54,47,-5,58,46,-5,40,50,-4,50,51,-5,56,51,-5,60,51,-6,41,54,-5,51,55,-6,56,55,-6,60,55,-7,41,59,-7,49,60,-7,53,60,-7,57,59,-7,65,64,0,59,59,0,57,52,0,57,47,-1,57,43,-2,60,42,1,60,34,0,60,28,-2,60,23,-3,62,42,-1,60,32,-2,60,26,-3,60,20,-4,62,42,-2,61,33,-4,60,27,-5,61,21,-5,62,44,-4,61,37,-5,60,32,-6,59,27,-6,ATTACK
29,65,0,32,56,1,37,50,1,41,45,1,43,41,0,40,46,-2,49,47,-3,54,46,-4,57,46,-5,41,50,-4,51,51,-4,56,51,-5,60,51,-5,41,54,-5,51,55,-6,56,55,-6,60,55,-6,41,59,-6,49,59,-7,53,59,-7,57,59,-7,65,63,0,59,59,0,57,52,0,57,47,-1,57,43,-1,60,42,1,60,34,0,60,28,-1,60,23,-2,61,42,0,61,32,-2,60,26,-3,61,20,-4,62,42,-2,61,33,-4,61,27,-4,61,21,-5,62,44,-4,61,36,-5,60,31,-5,60,26,-6,ATTACK
29,65,0,32,56,1,37,50,1,41,46,1,43,42,0,40,46,-2,49,47,-3,54,46,-4,57,46,-4,41,50,-3,51,50,-4,56,51,-5,60,50,-5,41,54,-5,51,55,-6,56,55,-6,60,54,-6,41,59,-6,49,59,-7,53,59,-6,57,58,-6,65,64,0,59,59,0,58,52,0,57,47,-1,58,42,-1,62,42,1,61,34,0,60,28,-1,61,23,-2,63,42,0,61,32,-2,61,26,-3,61,20,-4,63,43,-2,61,33,-4,61,27,-4,61,21,-5,62,44,-4,61,37,-5,60,31,-5,60,27,-6,ATTACK
29,64,0,32,56,2,37,50,2,41,47,1,43,43,0,40,47,-1,49,47,-3,54,46,-3,57,46,-4,41,50,-3,51,51,-4,56,51,-4,60,51,-5,41,54,-5,51,55,-6,56,55,-6,60,54,-6,41,60,-7,49,59,-7,53,59,-7,57,58,-6,65,64,0,59,59,0,57,52,0,57,48,-1,57,43,-1,62,42,1,61,34,0,60,28,-2,60,23,-2,63,42,-1,61,32,-2,61,26,-3,61,20,-4,63,43,-2,61,33,-4,61,27,-5,61,22,-5,62,44,-4,61,37,-5,60,32,-6,59,27,-6,ATTACK
29,64,0,32,56,1,37,51,1,41,47,1,43,43,0,40,47,-1,49,47,-3,54,46,-4,57,46,-4,40,50,-3,50,50,-4,56,51,-4,60,50,-5,41,54,-5,50,54,-6,56,55,-6,59,54,-6,41,59,-7,49,59,-7,53,58,-7,56,58,-6,65,64,0,59,59,0,57,52,0,57,47,-1,57,42,-2,62,42,1,61,34,-1,61,28,-2,60,24,-3,63,42,-1,62,32,-2,61,26,-4,61,21,-5,63,43,-3,61,34,-4,60,27,-5,60,22,-6,62,45,-4,60,37,-5,59,32,-6,59,28,-6,ATTACK
29,64,0,32,56,2,37,50,2,40,47,1,43,43,1,40,47,-1,49,47,-2,53,46,-3,57,45,-4,40,50,-3,50,50,-4,55,51,-4,59,50,-5,41,54,-5,50,54,-5,55,54,-6,59,54,-6,41,59,-6,49,59,-7,53,58,-6,56,57,-6,65,64,0,60,60,-1,58,53,-2,58,48,-2,58,44,-3,63,43,-1,62,35,-2,61,29,-4,61,24,-5,64,43,-2,62,33,-3,61,26,-5,60,20,-6,63,43,-3,61,34,-5,60,27,-6,60,22,-6,62,45,-4,60,37,-6,59,33,-6,59,28,-7,ATTACK
29,64,0,32,56,2,37,50,2,40,47,1,42,43,1,40,47,-1,48,46,-2,53,45,-3,56,44,-4,40,50,-3,50,50,-4,55,50,-4,59,50,-5,41,54,-5,50,54,-6,55,54,-6,59,54,-6,41,59,-7,49,59,-7,53,58,-7,56,58,-6,66,63,0,60,59,-1,58,52,-1,58,48,-2,58,43,-3,63,43,-1,62,35,-3,61,29,-4,61,24,-5,64,43,-2,61,33,-4,60,26,-5,60,20,-6,63,44,-3,61,34,-4,59,28,-5,59,22,-6,61,45,-4,59,38,-5,58,33,-6,58,28,-6,ATTACK
29,64,0,32,56,2,36,51,2,40,47,2,42,44,1,40,47,-1,48,46,-2,53,45,-3,56,44,-3,40,50,-3,50,50,-4,55,50,-4,59,50,-5,41,55,-5,50,54,-5,55,54,-6,59,54,-6,41,60,-7,49,59,-7,53,59,-7,56,58,-6,66,63,0,60,58,0,59,51,0,59,46,-1,58,42,-1,64,43,-1,62,35,-2,61,28,-3,60,23,-4,64,43,-2,61,33,-3,60,26,-4,59,20,-5,63,44,-3,60,34,-4,59,27,-5,58,22,-6,61,45,-4,59,38,-5,58,33,-6,57,29,-6,ATTACK
29,65,0,32,56,2,36,51,2,39,46,1,40,41,1,40,48,-1,48,47,-2,53,45,-3,56,44,-4,41,52,-3,50,51,-4,55,50,-4,59,50,-5,41,56,-5,51,55,-6,56,54,-6,60,54,-6,41,61,-6,49,60,-7,53,60,-7,57,60,-7,66,63,0,61,57,1,59,51,1,59,46,1,58,42,0,64,43,0,62,34,-2,61,28,-3,60,23,-4,64,43,-2,61,32,-4,60,26,-5,59,19,-6,63,44,-3,61,34,-5,59,27,-6,59,21,-6,61,45,-5,59,38,-6,58,33,-7,57,28,-7,ATTACK
29,64,0,32,56,1,36,50,1,39,45,0,40,40,0,40,49,-2,48,47,-3,53,46,-4,56,44,-4,41,52,-3,50,51,-4,55,51,-5,59,50,-5,41,56,-5,51,55,-6,56,54,-6,59,53,-7,41,61,-6,49,61,-7,53,61,-7,57,60,-7,66,63,0,60,58,0,58,51,0,58,46,0,57,42,-1,63,43,0,61,34,-2,60,28,-3,59,23,-4,64,42,-2,61,32,-4,60,26,-5,59,20,-6,63,44,-3,60,34,-5,59,27,-6,59,22,-6,61,45,-5,59,38,-6,58,33,-7,57,28,-7,ATTACK
29,65,0,31,57,1,35,51,1,38,46,0,39,41,0,40,49,-2,48,47,-3,53,45,-4,56,44,-4,41,52,-3,50,51,-4,55,50,-5,59,50,-5,41,56,-5,51,55,-6,56,54,-6,59,53,-7,41,61,-6,49,61,-7,53,61,-7,57,60,-8,66,62,0,61,56,1,59,50,1,59,45,1,59,41,0,63,42,0,61,34,-1,60,28,-2,60,22,-3,64,42,-1,61,32,-3,60,25,-4,59,19,-5,63,43,-3,60,33,-4,59,27,-5,58,21,-6,61,45,-4,59,37,-5,58,32,-6,57,28,-7,ATTACK
29,65,0,31,57,1,35,51,1,38,45,0,39,41,-1,40,49,-2,48,47,-3,53,46,-4,56,44,-4,41,52,-3,50,51,-4,55,50,-5,59,50,-5,41,56,-5,51,55,-6,56,54,-6,60,53,-7,41,61,-6,49,61,-7,53,61,-7,57,60,-8,66,62,0,60,57,1,59,51,1,59,46,1,58,42,0,64,42,0,62,34,-1,61,28,-2,60,23,-2,64,42,-1,61,32,-3,60,25,-4,59,20,-5,63,43,-3,61,33,-4,59,27,-5,59,21,-5,61,45,-4,59,37,-5,58,33,-6,57,28,-6,ATTACK
29,65,0,31,57,1,35,50,0,38,45,0,39,41,-1,40,49,-2,48,47,-3,53,46,-4,56,44,-4,41,52,-3,51,51,-4,56,50,-5,59,50,-5,42,56,-5,51,55,-6,56,55,-6,60,54,-7,42,61,-6,49,61,-7,53,61,-7,57,60,-7,66,62,0,60,57,0,59,51,0,58,46,0,58,41,-1,63,42,0,61,34,-2,60,27,-3,60,22,-4,64,42,-2,61,32,-3,60,25,-5,59,19,-6,63,43,-3,61,33,-4,59,27,-5,58,21,-6,61,44,-4,59,37,-6,58,32,-6,57,28,-7,ATTACK
29,65,0,31,57,0,35,51,0,38,45,-1,39,40,-2,40,49,-2,49,48,-4,53,46,-5,57,45,-5,41,52,-4,51,52,-5,56,51,-5,60,51,-6,42,57,-5,51,56,-6,56,56,-7,60,55,-7,42,62,-6,49,61,-7,53,61,-7,57,61,-8,66,62,0,60,56,1,59,50,1,59,45,0,58,41,0,64,42,0,62,33,-1,61,27,-2,60,21,-3,64,42,-1,61,31,-3,60,25,-4,59,19,-5,63,42,-3,61,33,-4,59,26,-4,59,20,-5,61,44,-4,59,36,-5,58,31,-5,57,27,-6,ATTACK
29,66,0,31,58,0,35,51,0,38,45,-1,39,40,-2,40,49,-2,49,48,-4,54,47,-5,57,46,-5,41,53,-4,51,52,-5,56,52,-5,60,52,-6,42,57,-5,51,57,-6,56,57,-6,60,56,-7,42,62,-6,49,62,-7,53,61,-7,57,61,-7,66,62,0,60,58,0,58,51,0,58,47,-1,58,43,-1,64,42,0,62,34,-1,61,28,-3,60,22,-3,64,42,-1,61,32,-3,60,25,-4,59,20,-5,63,43,-3,61,33,-4,59,26,-5,59,21,-6,61,44,-4,59,37,-5,58,32,-6,57,27,-6,ATTACK
29,66,0,31,58,0,34,51,0,38,45,-1,39,40,-2,40,49,-2,49,48,-4,54,48,-4,57,47,-5,41,53,-4,51,53,-4,56,52,-5,60,52,-5,42,57,-5,51,57,-6,56,57,-6,60,57,-6,42,62,-6,49,62,-7,54,61,-7,57,61,-7,66,62,0,60,57,1,59,51,1,58,46,0,58,42,0,64,42,1,62,34,0,61,28,-1,60,23,-2,64,42,-1,62,32,-2,60,25,-3,60,20,-4,64,43,-2,61,33,-3,60,26,-4,59,21,-5,61,44,-4,59,36,-5,58,31,-5,58,27,-6,ATTACK
29,66,0,31,57,0,34,50,0,38,45,-1,39,40,-2,40,49,-2,49,48,-3,54,48,-4,57,47,-5,41,53,-3,51,53,-4,56,53,-5,60,52,-5,42,57,-5,51,57,-5,56,57,-6,60,57,-6,42,62,-6,49,62,-6,53,62,-6,57,61,-6,66,63,0,60,58,0,58,51,0,58,46,-1,58,42,-1,64,42,0,62,34,-1,61,28,-2,60,23,-3,64,42,-1,62,32,-3,60,26,-4,60,20,-4,64,43,-3,61,33,-4,60,27,-5,59,21,-5,62,44,-4,60,37,-5,58,32,-5,58,27,-6,ATTACK
29,66,0,31,57,0,35,50,0,38,45,-1,39,40,-2,40,49,-2,49,48,-3,54,48,-4,57,47,-5,41,53,-3,51,53,-4,56,53,-5,60,52,-5,42,57,-5,51,57,-5,56,57,-6,59,57,-6,42,62,-6,49,62,-6,53,62,-6,57,61,-6,66,63,0,61,58,0,59,51,0,58,46,0,58,42,-1,64,42,0,62,34,-1,61,28,-2,60,23,-3,64,42,-1,62,32,-2,60,26,-3,59,20,-4,64,43,-3,61,33,-4,59,27,-4,59,21,-5,61,44,-4,59,37,-5,58,32,-5,58,27,-6,ATTACK
29,66,0,31,57,0,35,50,-1,38,44,-1,39,39,-2,40,49,-2,49,48,-4,54,48,-4,57,48,-5,41,52,-4,51,53,-4,56,53,-5,60,53,-5,42,57,-5,51,58,-5,56,58,-6,59,57,-6,42,62,-6,49,62,-6,53,62,-6,57,62,-6,66,63,0,60,59,0,59,52,0,58,48,-1,58,44,-1,64,43,0,62,34,-1,60,28,-2,60,23,-3,64,43,-1,62,33,-3,60,26,-4,59,21,-5,64,43,-3,61,34,-4,59,27,-5,59,22,-6,61,45,-4,60,37,-5,58,32,-5,58,28,-6,ATTACK
29,66,0,31,57,0,35,50,0,38,44,-1,39,39,-2,40,49,-2,49,49,-3,54,48,-4,57,48,-5,41,52,-3,51,53,-4,56,54,-4,60,54,-5,42,57,-5,51,58,-5,56,58,-6,59,58,-6,42,62,-6,49,62,-6,53,62,-6,57,62,-6,66,64,0,60,59,-1,58,53,-1,58,47,-2,58,43,-2,64,43,-1,62,35,-2,61,28,-4,59,23,-5,64,43,-2,62,33,-3,60,26,-5,59,21,-6,63,44,-3,61,34,-4,59,28,-5,58,22,-6,61,45,-4,59,38,-5,58,33,-6,57,28,-7,ATTACK
28,66,0,31,57,0,35,50,-1,38,44,-2,40,38,-3,40,48,-2,49,48,-4,53,48,-4,57,48,-5,41,52,-3,51,53,-4,56,54,-4,59,54,-5,42,57,-5,51,58,-5,55,58,-5,59,58,-6,42,62,-6,49,62,-6,53,62,-6,57,62,-6,66,64,0,60,59,0,58,53,0,58,48,0,57,44,-1,63,44,0,61,35,-1,59,29,-2,58,24,-3,64,44,-1,61,34,-3,59,27,-4,58,21,-5,63,44,-3,60,35,-4,58,28,-5,57,23,-5,61,46,-4,59,38,-5,58,34,-5,57,29,-6,ATTACK
28,65,0,31,57,0,35,49,-1,38,43,-1,40,38,-2,40,48,-2,48,48,-3,53,48,-4,57,48,-5,41,51,-3,50,53,-4,55,54,-4,59,54,-5,41,56,-4,50,58,-5,55,58,-5,59,58,-6,42,61,-6,49,62,-6,53,62,-6,56,62,-6,65,64,0,60,59,0,58,53,0,57,48,0,57,44,-1,63,44,0,60,36,-1,59,30,-2,58,25,-3,63,44,-1,60,34,-3,58,27,-4,57,22,-5,63,45,-3,60,35,-4,58,29,-5,57,23,-5,60,46,-4,58,39,-5,57,34,-5,57,30,-6,ATTACK
28,65,0,31,56,0,35,49,0,39,43,-1,40,38,-2,40,47,-2,48,48,-3,53,48,-4,57,48,-4,41,51,-3,50,53,-4,55,54,-4,59,55,-5,41,56,-4,50,58,-5,55,59,-5,59,59,-6,41,61,-5,49,62,-6,53,62,-6,56,62,-6,65,64,0,61,58,1,60,52,2,59,47,2,58,44,1,63,44,1,60,36,-1,58,30,-1,58,25,-2,63,44,-1,59,34,-3,58,27,-4,57,21,-5,62,45,-3,59,36,-4,57,29,-5,57,23,-5,60,47,-5,58,39,-5,57,35,-6,56,30,-6,ATTACK
28,64,0,31,56,0,36,49,-1,39,43,-1,41,38,-2,40,46,-2,48,48,-4,53,49,-5,57,49,-5,40,50,-4,50,53,-4,55,54,-5,59,55,-5,41,55,-5,50,57,-6,55,59,-6,58,59,-6,41,61,-6,48,62,-6,53,62,-6,56,62,-6,65,63,0,64,56,2,62,49,2,61,45,2,59,41,2,63,44,0,60,36,-1,58,29,-2,57,24,-3,63,45,-2,59,34,-4,57,27,-5,57,21,-6,62,46,-4,58,36,-5,57,29,-6,56,23,-6,60,48,-5,57,40,-6,56,35,-7,56,30,-8,ATTACK
28,64,0,31,56,0,36,48,-1,39,43,-1,41,38,-2,39,46,-2,48,48,-4,52,48,-5,56,49,-5,40,50,-3,50,53,-4,55,54,-5,59,55,-5,41,55,-4,50,57,-5,54,59,-6,58,59,-6,41,60,-5,48,61,-6,52,62,-6,56,62,-6,65,64,0,63,56,2,61,50,3,60,45,3,59,42,2,62,45,0,59,36,-1,58,30,-2,57,24,-3,62,45,-2,59,34,-4,57,27,-5,56,21,-6,61,46,-4,58,37,-5,57,30,-6,56,25,-6,59,48,-6,57,41,-7,56,36,-8,56,31,-8,ATTACK
28,64,0,31,55,0,36,48,-1,40,42,-1,41,37,-2,39,45,-3,48,47,-5,52,48,-5,56,49,-6,40,49,-4,49,52,-5,54,54,-6,58,55,-6,40,54,-5,49,57,-6,54,58,-6,58,59,-7,40,60,-6,48,61,-7,52,62,-7,56,62,-7,65,64,0,63,56,2,61,50,3,60,45,3,59,41,2,62,45,0,59,36,-1,58,29,-2,57,24,-3,62,45,-2,58,35,-4,57,27,-6,56,21,-7,61,47,-4,58,37,-6,57,30,-6,56,25,-7,59,49,-6,57,41,-7,56,36,-8,55,31,-8,ATTACK
28,65,0,31,56,-1,36,48,-2,40,42,-2,42,37,-3,38,45,-4,48,47,-6,53,48,-7,56,49,-7,39,49,-5,49,52,-6,54,53,-7,58,54,-7,39,54,-6,49,57,-7,54,58,-7,58,58,-7,40,60,-7,47,61,-7,52,61,-7,55,61,-7,65,66,0,60,60,1,58,54,2,57,49,1,57,44,1,62,46,0,58,37,-1,57,30,-2,56,25,-3,62,46,-2,58,36,-4,57,29,-6,56,22,-7,62,48,-3,58,38,-5,57,31,-5,56,25,-6,60,49,-5,58,42,-6,56,37,-6,56,32,-7,ATTACK
28,65,0,31,56,-1,36,49,-2,40,42,-3,42,37,-4,38,45,-4,48,47,-6,53,48,-7,56,49,-7,39,49,-5,49,52,-6,54,54,-7,58,54,-7,39,55,-6,49,57,-7,54,58,-7,58,58,-7,39,60,-6,47,61,-7,52,61,-7,55,61,-7,65,67,0,59,62,1,57,56,1,56,51,1,56,47,0,61,47,0,58,38,-1,57,31,-2,56,26,-3,62,47,-1,58,36,-3,57,29,-5,56,23,-7,61,48,-3,58,38,-4,57,31,-5,56,26,-6,60,49,-5,58,42,-6,57,37,-6,56,33,-7,ATTACK
28,65,0,31,57,-1,36,49,-2,40,42,-3,42,37,-4,38,45,-4,48,47,-6,53,48,-7,56,49,-7,39,49,-5,49,52,-6,54,54,-7,58,54,-7,39,55,-6,49,57,-7,54,58,-7,58,58,-7,39,60,-6,47,61,-7,52,62,-7,55,61,-7,65,68,0,58,63,0,56,56,0,54,52,-1,53,47,-1,60,47,1,58,38,-1,56,32,-2,56,26,-4,61,46,-1,58,36,-3,57,29,-4,56,23,-5,61,47,-3,58,37,-4,57,30,-5,56,25,-6,60,49,-4,59,41,-5,57,37,-6,56,32,-7,ATTACK
28,66,0,31,57,-1,36,49,-2,40,43,-3,42,37,-4,38,46,-4,48,47,-6,53,48,-7,56,48,-7,39,50,-5,49,52,-6,54,54,-7,58,54,-7,39,55,-6,49,57,-7,54,58,-7,58,58,-7,40,61,-6,47,61,-7,52,62,-7,56,61,-7,65,68,0,58,64,0,56,57,-1,54,53,-2,53,48,-3,59,47,0,57,38,-2,56,32,-4,56,26,-5,61,47,-2,58,37,-4,57,29,-5,56,23,-6,61,48,-3,59,38,-5,57,31,-6,57,26,-6,61,49,-5,59,42,-6,58,38,-7,57,33,-7,ATTACK
28,66,0,31,57,-1,36,49,-2,40,43,-3,43,37,-4,38,46,-4,48,47,-6,53,48,-7,56,48,-7,39,50,-5,49,52,-6,54,54,-7,58,54,-7,39,55,-6,49,57,-7,54,58,-7,58,58,-7,40,61,-6,47,62,-7,52,62,-7,55,61,-7,65,69,0,58,64,0,56,58,-1,54,53,-2,53,49,-3,58,48,0,57,39,-2,56,32,-3,56,26,-5,60,47,-2,57,37,-3,57,30,-5,56,23,-6,61,48,-3,58,38,-5,57,31,-6,57,25,-7,61,49,-5,59,42,-6,58,37,-7,57,33,-7,ATTACK
28,66,0,31,57,-1,36,50,-2,41,43,-3,43,38,-4,38,46,-4,47,47,-6,53,48,-7,56,49,-8,39,50,-5,49,52,-6,54,54,-7,58,54,-7,39,56,-6,49,57,-7,54,58,-7,58,58,-7,40,61,-6,47,62,-7,52,62,-7,55,62,-7,65,69,0,59,64,0,57,57,0,55,52,-1,54,48,-2,60,47,0,58,38,-2,57,32,-3,57,26,-4,61,47,-1,58,37,-3,57,29,-5,57,23,-6,62,48,-3,59,38,-5,58,31,-6,57,25,-7,61,50,-5,59,42,-6,58,37,-7,57,32,-7,ATTACK
28,66,0,31,57,-1,37,50,-2,41,44,-2,43,38,-3,38,46,-4,48,48,-6,53,48,-7,56,49,-7,39,51,-5,49,52,-6,54,54,-7,58,55,-7,39,56,-6,49,57,-7,54,58,-7,58,59,-7,39,61,-6,47,62,-7,52,62,-7,55,62,-7,66,68,0,60,62,2,59,55,2,58,51,2,57,47,2,62,47,1,59,38,-1,58,31,-2,57,26,-3,63,47,-2,59,36,-3,57,29,-5,57,22,-6,63,48,-4,59,37,-5,58,30,-6,57,24,-7,61,50,-5,59,42,-7,57,37,-8,57,32,-9,ATTACK
28,66,0,31,58,0,37,50,-1,41,44,-2,43,39,-3,39,47,-4,48,48,-5,52,49,-6,56,49,-7,39,51,-5,49,53,-6,54,54,-6,58,55,-7,39,56,-5,49,57,-7,54,59,-7,58,59,-7,39,61,-6,47,62,-7,51,62,-7,55,62,-7,65,67,0,63,59,3,61,53,3,59,48,3,58,44,3,63,47,0,60,38,-1,58,31,-2,57,26,-2,63,47,-2,59,36,-4,57,29,-5,56,23,-6,62,49,-4,58,38,-5,57,31,-6,56,25,-6,60,50,-6,57,43,-7,56,37,-8,56,32,-9,ATTACK
28,66,0,32,57,0,37,50,-1,42,45,-2,43,39,-2,39,47,-3,47,48,-4,52,49,-5,55,49,-6,39,51,-4,49,53,-5,54,54,-5,57,55,-6,40,56,-5,49,57,-6,54,58,-6,57,59,-6,40,61,-6,48,62,-6,52,62,-6,55,62,-6,66,66,0,65,57,3,64,51,4,62,46,4,61,43,4,63,46,1,60,37,-1,59,31,-1,58,26,-2,63,47,-2,59,35,-3,58,29,-4,57,23,-5,61,48,-4,58,37,-6,57,30,-6,56,24,-7,59,50,-6,57,42,-8,55,37,-9,55,31,-10,ATTACK
29,66,0,32,57,0,37,50,-1,42,45,-1,43,39,-2,39,47,-3,47,48,-4,52,49,-5,55,49,-5,39,51,-4,49,52,-5,54,54,-5,57,54,-5,40,56,-5,49,57,-6,54,58,-6,57,58,-6,40,61,-6,48,61,-6,52,62,-6,55,62,-6,66,66,0,66,57,3,64,50,4,63,46,4,61,43,3,64,46,1,60,36,-1,59,30,-1,58,25,-1,63,47,-2,59,35,-3,57,28,-3,57,23,-4,61,48,-4,58,37,-5,56,30,-5,56,25,-6,58,51,-6,56,42,-7,55,37,-8,54,32,-8,ATTACK
29,66,0,32,57,0,37,50,-1,42,45,-2,43,39,-3,39,47,-3,47,48,-4,52,49,-5,55,49,-6,39,50,-4,49,52,-5,54,53,-5,57,54,-6,40,55,-5,49,56,-6,54,57,-6,57,58,-6,40,61,-6,48,61,-6,52,61,-6,56,61,-6,65,66,0,66,58,3,65,51,4,64,48,5,62,45,5,64,46,1,61,36,0,59,30,-1,58,25,-1,63,47,-2,59,35,-3,57,28,-3,56,23,-3,61,48,-4,57,37,-5,56,31,-5,55,25,-6,58,51,-6,56,43,-7,54,37,-8,54,32,-9,ATTACK
29,66,0,32,57,0,37,50,-1,42,45,-2,43,39,-2,39,47,-3,47,48,-4,52,48,-5,55,49,-5,40,51,-4,49,52,-5,54,53,-5,57,53,-5,40,56,-5,49,56,-6,54,57,-6,57,57,-6,40,61,-6,48,61,-6,52,61,-6,56,61,-6,65,66,0,66,59,3,66,53,4,65,49,4,65,46,4,64,46,0,61,36,0,59,30,-1,58,25,-1,63,46,-2,59,35,-3,57,28,-3,56,23,-3,61,48,-4,57,37,-5,56,31,-5,55,25,-6,58,51,-6,55,42,-7,54,37,-8,54,32,-8,ATTACK
29,66,0,32,57,0,37,50,-1,42,45,-2,43,39,-2,39,47,-3,47,48,-4,52,48,-5,55,49,-5,40,50,-4,49,52,-5,54,53,-5,57,53,-5,40,55,-5,49,56,-6,54,57,-6,57,57,-6,40,61,-6,48,61,-6,52,61,-6,56,61,-6,65,67,0,66,59,3,66,53,4,65,49,4,66,46,5,64,46,0,60,36,-1,59,30,-1,58,25,-1,63,47,-2,59,35,-3,57,28,-4,56,23,-4,61,48,-4,57,37,-5,56,30,-6,55,25,-6,58,51,-6,55,42,-8,54,37,-8,54,32,-9,ATTACK
29,66,0,32,57,0,37,50,-1,41,45,-2,43,39,-2,39,47,-3,47,48,-4,52,48,-5,55,49,-5,40,50,-4,49,52,-5,54,53,-5,57,53,-5,40,55,-5,49,56,-6,54,57,-6,57,57,-6,41,61,-6,48,61,-6,52,61,-6,56,60,-6,65,67,0,66,59,3,66,53,4,65,49,4,66,46,4,64,46,0,61,37,-1,59,30,-1,58,25,-1,63,47,-2,59,35,-3,57,29,-4,56,23,-4,61,48,-4,57,37,-5,56,31,-6,55,25,-6,58,51,-6,55,42,-8,54,37,-9,54,32,-9,ATTACK
29,66,0,32,57,0,37,50,-1,42,44,-2,43,39,-2,39,47,-3,47,48,-4,52,48,-5,55,48,-5,40,50,-4,49,52,-5,54,53,-5,57,53,-5,40,55,-5,49,56,-6,54,57,-6,57,57,-6,41,61,-6,48,61,-6,52,61,-6,56,60,-6,65,67,0,66,58,3,66,52,4,65,48,4,65,46,5,64,46,1,60,37,0,59,31,-1,58,26,-1,63,47,-2,59,35,-3,57,29,-3,56,23,-3,61,48,-4,57,37,-5,56,31,-5,55,26,-6,58,51,-6,55,42,-7,54,37,-8,54,32,-8,ATTACK
29,66,0,32,57,0,37,50,-1,42,45,-1,43,39,-2,39,47,-3,47,48,-4,52,48,-5,55,48,-5,40,51,-4,49,52,-5,54,52,-5,57,52,-5,40,56,-5,49,56,-6,54,56,-6,57,56,-6,41,61,-6,48,61,-6,53,61,-6,56,60,-6,65,67,0,66,58,3,65,51,4,63,48,5,61,45,5,64,47,1,61,37,0,59,31,0,58,26,0,63,47,-2,59,35,-2,57,29,-3,56,23,-3,61,48,-4,57,37,-5,56,31,-5,55,25,-5,58,51,-6,56,42,-7,54,37,-7,54,32,-8,ATTACK
30,66,0,32,57,0,38,50,-1,42,45,-1,44,39,-2,39,47,-3,47,48,-4,52,48,-5,56,48,-5,40,51,-4,49,52,-5,54,53,-5,58,53,-6,41,56,-5,50,56,-6,54,57,-6,58,56,-6,41,61,-6,49,61,-6,53,61,-6,56,60,-6,66,66,0,66,57,3,65,51,4,63,47,4,61,44,4,64,46,1,61,37,0,59,31,-1,58,26,-1,63,47,-2,59,35,-3,58,29,-3,57,23,-4,61,48,-4,58,37,-5,56,30,-5,55,25,-6,58,51,-6,56,42,-7,55,37,-8,54,32,-8,ATTACK
30,66,0,33,57,0,38,50,-1,42,45,-2,44,40,-2,39,47,-3,48,48,-4,52,48,-5,56,48,-6,40,51,-4,49,52,-5,54,53,-5,58,53,-6,41,56,-5,50,57,-6,54,57,-6,58,57,-6,41,61,-6,49,61,-7,53,61,-6,56,61,-6,66,66,0,66,57,3,65,51,4,63,47,4,62,45,4,64,46,1,61,36,0,59,31,0,58,26,-1,63,46,-2,59,35,-3,58,29,-3,57,23,-3,61,48,-4,58,37,-5,56,31,-5,55,25,-6,58,50,-6,56,42,-7,55,37,-8,54,32,-8,ATTACK
30,66,0,33,58,0,38,51,-1,42,45,-2,44,40,-2,40,48,-3,48,48,-4,53,49,-5,56,49,-6,41,52,-4,50,53,-5,55,53,-5,59,53,-6,42,57,-5,51,57,-6,55,58,-6,59,58,-6,42,62,-6,50,62,-6,54,62,-6,57,61,-6,66,66,0,67,59,3,67,53,4,67,50,4,68,47,4,65,45,1,62,36,0,61,30,0,60,25,0,64,46,-1,60,35,-2,58,28,-2,57,23,-2,62,47,-3,58,37,-4,57,30,-4,56,25,-4,59,50,-5,57,41,-6,56,36,-6,55,31,-6,ATTACK
30,67,0,33,58,0,38,51,0,42,45,-1,44,40,-2,40,48,-3,49,48,-4,53,48,-5,57,48,-5,41,52,-4,50,53,-5,55,53,-5,59,53,-5,42,57,-5,51,57,-6,56,57,-6,59,57,-6,42,62,-6,50,62,-6,54,62,-6,58,61,-6,66,66,0,67,58,3,67,53,4,67,50,4,68,47,4,65,45,1,62,36,0,60,30,0,59,26,0,64,46,-2,60,35,-3,58,28,-2,57,23,-2,62,47,-4,58,37,-4,57,31,-4,56,26,-4,59,50,-5,56,41,-6,55,36,-7,55,32,-7,ATTACK
31,67,0,33,58,0,38,51,0,42,45,-1,44,41,-1,40,48,-2,49,48,-3,53,48,-4,57,48,-4,41,52,-4,51,52,-4,55,52,-4,59,52,-5,42,57,-5,51,57,-5,56,57,-5,59,56,-5,43,62,-6,50,61,-6,54,61,-6,58,60,-6,65,65,0,67,58,3,67,53,4,67,50,4,69,47,4,65,45,1,62,36,0,60,30,0,59,26,0,64,45,-1,60,35,-2,58,28,-2,57,23,-2,62,47,-3,58,36,-4,57,31,-4,56,26,-4,59,50,-5,56,41,-6,55,36,-6,55,32,-7,ATTACK
31,66,0,33,57,1,38,50,0,42,45,0,44,40,-1,41,47,-2,49,48,-3,53,48,-4,57,48,-4,42,51,-3,51,52,-4,55,52,-4,59,52,-4,42,56,-4,51,56,-5,56,56,-5,59,55,-5,43,62,-5,50,61,-6,54,60,-5,57,60,-5,65,65,0,67,58,3,67,53,3,67,50,4,69,47,4,65,45,1,62,36,0,60,31,0,59,26,0,64,45,-2,60,35,-2,58,29,-2,57,24,-3,62,47,-3,58,37,-4,56,31,-4,56,26,-5,59,50,-5,56,41,-6,55,36,-7,54,32,-7,ATTACK
31,66,0,33,57,0,38,50,0,42,45,0,44,40,-1,41,47,-2,49,48,-3,53,48,-4,57,48,-4,42,51,-3,51,51,-4,55,52,-4,59,51,-4,42,56,-4,51,55,-5,55,55,-5,59,55,-5,43,61,-5,50,60,-6,54,60,-5,57,59,-5,65,65,0,67,59,3,67,54,3,67,50,4,68,48,3,65,46,0,61,36,0,60,31,-1,59,27,-1,64,46,-2,59,35,-3,58,29,-3,57,24,-3,61,48,-4,58,37,-4,56,31,-5,55,26,-5,58,50,-5,56,42,-6,55,37,-7,54,32,-7,ATTACK
31,66,0,33,57,0,38,50,0,41,45,-1,43,40,-1,40,47,-2,49,47,-3,53,48,-4,57,48,-4,41,51,-3,50,51,-4,55,52,-4,59,51,-5,42,56,-5,51,55,-5,55,55,-5,59,55,-5,43,61,-6,50,60,-6,53,59,-6,57,59,-5,65,65,-1,67,59,3,67,54,4,67,50,4,68,48,4,65,46,1,61,37,0,60,31,0,59,27,0,63,46,-1,59,35,-2,58,29,-2,57,24,-2,61,48,-3,58,37,-4,56,31,-4,55,26,-4,58,50,-5,56,42,-6,55,37,-7,54,33,-7,ATTACK
30,66,0,33,57,0,38,50,0,42,45,-1,43,40,-1,40,47,-2,49,47,-3,54,47,-4,57,47,-5,41,51,-3,51,51,-4,55,51,-4,59,51,-5,42,55,-5,51,55,-5,55,55,-5,59,55,-5,43,61,-6,50,60,-6,54,59,-6,57,58,-6,65,65,0,67,59,3,67,54,4,67,50,4,68,48,4,65,46,1,61,37,0,60,31,0,59,27,0,64,46,-1,59,35,-2,58,29,-2,57,24,-2,61,48,-3,58,37,-4,56,31,-4,55,26,-4,58,50,-5,56,42,-6,55,37,-6,54,33,-7,ATTACK
31,66,0,33,57,0,38,50,0,42,45,-1,43,40,-1,40,47,-2,49,47,-3,54,47,-4,57,47,-5,41,51,-4,51,51,-4,55,51,-4,59,51,-5,42,55,-5,51,55,-5,56,55,-5,59,55,-5,43,61,-6,50,60,-6,54,59,-6,57,59,-6,65,65,0,67,59,2,67,54,3,67,50,4,68,48,3,65,46,0,62,36,0,60,31,0,59,26,-1,64,46,-2,60,35,-2,58,29,-3,57,24,-3,61,48,-4,58,37,-4,56,31,-4,55,26,-5,58,50,-5,56,42,-6,55,37,-7,54,32,-7,ATTACK
31,66,0,33,57,0,38,50,0,42,45,-1,43,40,-2,40,47,-2,49,47,-4,54,48,-4,57,47,-5,41,51,-4,51,51,-4,55,52,-4,59,51,-5,42,56,-5,51,56,-5,55,56,-5,59,55,-5,43,61,-6,50,60,-6,54,60,-6,57,59,-6,65,65,0,67,59,2,67,54,3,67,50,3,68,48,3,65,46,0,62,36,0,60,31,0,59,26,-1,64,46,-2,60,35,-2,58,29,-3,57,24,-3,61,48,-4,58,37,-4,56,31,-4,55,26,-5,58,50,-5,56,42,-6,55,37,-7,54,32,-7,ATTACK
31,66,0,33,57,0,38,50,0,42,44,-1,44,40,-1,40,47,-2,49,47,-3,53,48,-4,57,48,-5,41,51,-3,51,52,-4,55,52,-4,58,52,-5,42,56,-5,51,56,-5,55,56,-5,58,56,-5,43,61,-6,50,61,-6,54,60,-6,57,60,-5,65,65,0,67,58,2,67,53,3,67,50,3,68,47,3,65,45,0,62,36,-1,60,31,-1,59,26,-1,64,46,-2,60,35,-3,58,29,-3,57,24,-3,62,47,-4,58,37,-4,56,31,-5,55,26,-5,59,50,-5,56,42,-6,55,37,-7,54,32,-7,ATTACK
31,66,0,33,57,0,38,50,0,42,44,0,44,40,-1,41,47,-2,49,48,-3,53,48,-4,57,48,-4,42,51,-3,51,52,-4,55,52,-4,58,52,-4,43,56,-4,51,56,-5,55,56,-5,59,56,-5,43,62,-5,50,61,-5,54,61,-5,57,61,-5,65,65,0,67,58,2,67,53,3,68,50,3,68,47,3,65,45,0,62,36,-1,60,30,-1,59,26,-1,64,46,-2,60,35,-3,58,29,-3,57,23,-3,62,47,-4,58,37,-5,57,31,-5,56,26,-5,59,50,-5,56,41,-6,55,37,-7,55,32,-7,ATTACK
31,66,0,33,57,0,38,50,0,42,45,-1,44,40,-1,41,48,-2,49,48,-3,54,48,-4,57,48,-4,42,52,-3,51,52,-4,56,53,-4,59,52,-4,43,57,-4,52,57,-5,56,57,-5,59,56,-5,43,62,-5,51,61,-6,55,61,-5,58,61,-5,66,64,0,67,58,2,68,53,3,68,49,3,68,47,2,66,45,0,63,35,-1,61,30,-2,61,25,-2,65,45,-2,61,34,-3,59,28,-4,58,23,-4,63,47,-4,59,36,-5,58,30,-5,57,25,-5,60,49,-6,57,41,-7,56,36,-7,55,31,-7,ATTACK
32,67,0,34,58,0,38,51,0,42,45,0,44,40,-1,41,48,-2,50,48,-4,55,48,-4,58,48,-4,42,52,-4,52,52,-4,57,52,-4,60,52,-5,43,57,-5,52,57,-5,57,57,-5,60,56,-5,44,63,-6,51,61,-6,56,61,-6,59,60,-6,66,65,0,67,57,3,66,50,3,64,46,3,62,43,3,66,45,1,63,36,0,62,30,-1,61,25,-1,66,46,-2,62,35,-3,60,28,-3,59,23,-4,64,47,-4,61,36,-5,59,30,-5,58,24,-5,61,49,-6,59,40,-6,58,35,-7,57,30,-7,ATTACK
32,67,0,34,58,1,38,51,1,42,46,0,44,41,0,42,49,-2,50,48,-3,55,48,-3,58,48,-4,43,53,-3,52,53,-4,57,53,-4,60,53,-4,44,58,-5,52,57,-5,57,57,-5,60,56,-5,44,63,-6,51,62,-6,56,61,-6,59,60,-6,66,65,0,67,57,3,66,50,4,64,46,4,63,43,4,67,46,1,64,36,0,62,30,0,61,25,-1,66,46,-1,62,35,-2,61,29,-3,60,23,-3,65,47,-4,61,37,-4,60,31,-4,59,25,-5,62,49,-5,59,41,-6,58,36,-6,57,31,-7,ATTACK
32,67,0,34,58,1,39,51,0,42,46,0,44,41,-1,42,49,-2,51,48,-3,55,48,-4,59,47,-4,43,53,-4,52,53,-4,57,53,-4,61,52,-4,44,58,-5,53,57,-5,57,57,-5,61,56,-5,44,63,-6,51,62,-6,56,61,-6,59,60,-6,67,65,0,67,57,3,66,50,4,65,46,4,63,43,4,67,46,1,64,37,0,63,31,0,62,26,0,67,46,-1,63,35,-2,61,29,-3,60,23,-3,65,47,-3,62,37,-4,60,30,-4,59,25,-5,62,49,-5,60,40,-6,59,35,-6,58,30,-7,ATTACK
32,67,0,34,58,1,39,51,1,43,46,0,44,41,0,42,49,-2,51,48,-3,55,48,-3,59,47,-3,43,53,-3,52,53,-4,57,53,-4,61,52,-4,44,58,-5,53,57,-5,57,56,-5,61,55,-5,44,63,-6,51,62,-6,56,61,-6,59,60,-6,67,65,-1,67,57,3,66,51,4,65,46,4,63,43,4,67,46,1,64,37,0,63,31,0,62,26,0,67,46,-1,63,35,-2,62,29,-2,61,23,-3,65,47,-4,62,37,-4,60,30,-5,59,25,-5,62,49,-6,60,40,-6,59,35,-7,58,30,-7,ATTACK
32,67,0,34,58,1,39,51,1,43,46,0,44,41,0,42,49,-2,51,48,-3,55,48,-3,59,47,-3,43,53,-3,52,52,-4,57,52,-4,61,52,-4,44,58,-4,53,56,-5,58,56,-5,61,55,-5,44,63,-6,52,61,-6,56,60,-5,59,60,-5,67,65,0,67,57,3,66,51,4,65,46,4,63,43,4,67,46,1,64,37,0,63,31,0,62,26,-1,67,46,-1,63,35,-2,62,29,-3,61,23,-3,65,47,-4,62,37,-4,60,30,-5,60,25,-5,62,49,-6,60,40,-6,59,35,-7,58,30,-7,ATTACK
32,66,0,34,58,1,39,51,1,42,46,0,44,41,0,42,49,-2,50,48,-3,55,47,-3,58,47,-3,43,53,-3,52,52,-4,57,52,-4,60,52,-4,44,58,-5,53,56,-5,57,56,-5,61,55,-5,44,63,-6,51,61,-6,56,60,-6,59,59,-5,67,65,0,67,57,3,66,51,4,65,46,4,63,43,4,67,46,1,64,37,0,63,31,-1,62,26,-1,66,46,-1,63,35,-2,62,28,-3,61,23,-3,65,47,-4,62,36,-4,61,30,-5,60,24,-5,62,49,-5,60,40,-6,59,35,-7,58,30,-7,ATTACK
31,66,0,34,58,1,38,51,1,42,46,0,44,41,0,42,49,-2,50,48,-3,55,47,-3,58,46,-4,43,53,-3,52,52,-4,57,52,-4,60,51,-4,43,58,-5,52,56,-5,57,56,-5,60,55,-5,44,63,-6,51,61,-6,55,60,-6,59,59,-6,67,65,0,67,57,3,66,51,4,65,47,4,63,43,4,67,46,1,64,37,0,63,31,0,62,26,-1,66,46,-1,63,35,-3,62,28,-3,61,23,-4,65,47,-4,62,37,-5,61,30,-5,60,24,-5,62,49,-6,60,40,-7,59,35,-7,58,30,-8,ATTACK
31,66,0,33,57,1,38,51,1,42,46,0,43,41,0,41,49,-2,50,48,-3,54,47,-3,58,46,-4,42,52,-3,51,52,-4,56,52,-4,60,51,-4,43,57,-4,52,56,-5,57,55,-5,60,55,-5,44,62,-5,51,61,-6,55,60,-6,58,59,-6,67,65,0,67,57,3,66,51,4,65,46,5,63,43,5,67,46,1,64,37,0,63,31,0,62,25,-1,66,46,-2,63,35,-3,62,28,-3,61,22,-3,64,47,-4,62,37,-5,61,30,-5,60,24,-5,61,49,-6,59,41,-7,59,35,-7,58,30,-8,ATTACK
31,65,0,33,57,1,38,50,1,41,45,0,43,41,0,41,48,-2,49,47,-3,53,46,-3,57,45,-3,42,52,-3,51,51,-4,55,50,-4,59,49,-4,43,57,-4,51,55,-5,56,54,-5,59,52,-5,43,62,-5,50,60,-6,54,59,-6,58,57,-6,67,65,0,68,58,3,67,53,3,67,49,4,67,47,3,66,46,0,64,36,-1,63,30,-1,63,25,-1,66,46,-2,63,35,-3,61,28,-4,61,22,-4,64,48,-4,61,37,-5,60,30,-5,60,24,-6,61,49,-6,59,41,-7,58,36,-8,58,31,-8,ATTACK
31,65,0,33,57,1,37,50,1,41,46,0,43,41,0,41,48,-2,49,47,-3,53,46,-3,56,45,-4,42,52,-3,50,50,-4,55,49,-4,59,48,-4,42,57,-5,51,54,-5,56,53,-5,59,51,-6,43,62,-6,50,59,-6,54,58,-6,57,56,-6,67,66,0,68,58,3,68,53,3,67,50,3,68,47,3,66,46,0,64,36,-1,63,30,-1,62,25,-2,66,47,-2,63,35,-3,61,28,-4,61,22,-4,64,48,-4,61,37,-5,60,30,-6,60,24,-6,61,50,-6,59,41,-8,58,36,-8,58,31,-9,ATTACK
31,65,0,33,56,1,37,50,1,41,45,0,42,41,-1,41,48,-2,49,47,-3,53,46,-4,56,45,-4,42,52,-3,50,50,-4,55,49,-4,58,48,-5,42,56,-5,51,54,-5,55,53,-5,59,51,-6,43,61,-6,50,59,-6,54,58,-6,57,56,-6,67,66,0,68,58,3,68,53,4,68,50,4,68,47,4,66,46,0,64,36,-1,63,30,-1,62,25,-1,66,46,-2,62,35,-3,61,27,-4,60,22,-4,64,48,-4,61,36,-5,60,29,-6,59,24,-6,61,50,-6,59,41,-8,58,36,-9,57,31,-9,ATTACK
31,65,0,33,56,1,37,50,1,41,45,0,42,41,0,41,48,-2,48,47,-3,53,46,-3,56,45,-4,41,52,-3,50,50,-4,55,49,-4,58,48,-4,42,56,-4,50,54,-5,55,53,-5,58,51,-5,43,61,-6,49,59,-6,53,57,-6,57,56,-6,67,65,0,68,58,3,68,53,3,68,50,4,68,47,3,66,46,0,64,36,-1,63,30,-2,62,25,-2,65,46,-2,62,34,-4,61,28,-4,60,22,-4,64,48,-4,60,36,-5,59,30,-6,59,24,-6,61,50,-6,58,41,-8,57,36,-9,57,31,-9,ATTACK
31,64,0,33,56,1,37,50,0,41,45,0,42,41,-1,41,48,-2,48,47,-3,53,46,-3,56,45,-4,41,52,-3,50,50,-4,55,49,-4,58,48,-5,42,56,-4,50,54,-5,55,53,-5,58,51,-6,42,61,-6,49,59,-6,53,57,-6,57,56,-6,67,66,0,68,59,3,68,54,3,68,50,3,69,48,3,66,46,0,64,36,-1,62,30,-2,62,25,-2,66,46,-2,62,35,-4,61,28,-4,60,22,-4,64,48,-4,60,36,-5,59,30,-6,59,24,-6,61,50,-6,58,41,-7,57,36,-8,57,31,-9,ATTACK
31,65,0,33,56,1,37,50,1,41,45,0,42,41,0,41,48,-2,48,47,-3,53,46,-3,56,45,-4,41,52,-3,50,50,-4,55,49,-4,58,48,-4,42,56,-5,51,54,-5,55,53,-5,59,52,-5,43,61,-6,49,59,-6,53,57,-6,57,56,-6,67,65,0,68,58,3,68,53,3,68,50,3,69,47,3,66,45,0,64,36,-1,62,29,-2,62,24,-2,65,46,-2,62,34,-4,60,28,-4,60,22,-4,63,48,-4,60,37,-5,59,30,-6,58,25,-6,61,50,-6,58,42,-8,57,36,-8,57,32,-9,ATTACK
31,65,0,33,57,1,37,50,1,41,45,1,42,41,0,41,48,-2,48,47,-3,53,46,-3,56,45,-3,41,52,-3,50,51,-4,55,50,-4,58,49,-4,42,56,-4,51,55,-5,55,54,-5,58,53,-5,43,61,-6,49,59,-6,53,58,-6,57,56,-6,67,65,0,68,58,3,68,53,3,68,50,3,69,47,3,66,45,0,63,35,-1,62,29,-2,61,24,-2,65,46,-2,61,34,-4,60,28,-4,59,22,-4,63,47,-4,60,36,-5,58,30,-6,58,24,-6,60,50,-6,58,41,-8,57,36,-8,56,31,-9,ATTACK
31,65,0,33,57,1,37,50,1,41,45,0,42,41,0,41,48,-2,48,47,-3,53,46,-3,56,45,-3,41,52,-3,50,51,-4,55,50,-4,58,49,-4,42,56,-5,51,55,-5,55,54,-5,59,53,-5,43,61,-6,50,59,-6,54,58,-6,57,57,-6,66,64,0,68,58,3,68,53,3,68,50,3,69,47,3,66,45,0,63,35,-1,62,29,-2,61,24,-2,65,45,-2,61,34,-3,60,27,-4,59,22,-4,63,47,-4,60,36,-5,58,30,-6,57,24,-6,60,50,-6,58,41,-7,57,36,-8,56,31,-9,ATTACK
31,65,0,33,57,1,38,50,1,41,45,0,43,41,0,41,49,-2,48,47,-2,53,46,-3,56,45,-3,42,52,-3,50,51,-4,55,51,-4,58,50,-4,42,57,-4,51,55,-5,56,54,-5,59,54,-5,43,61,-5,50,59,-6,54,58,-6,57,57,-6,66,64,0,68,58,2,68,53,3,68,49,3,69,47,3,66,44,0,63,35,-1,62,29,-1,61,24,-2,65,45,-2,61,34,-3,59,27,-4,59,22,-4,63,47,-4,59,36,-5,58,30,-6,57,24,-6,60,49,-6,57,41,-7,56,36,-8,55,31,-9,ATTACK
31,65,0,33,57,1,38,50,0,41,45,0,43,41,-1,41,49,-2,49,47,-3,53,46,-4,56,45,-4,42,52,-3,51,51,-4,56,51,-4,59,50,-4,43,57,-5,51,55,-5,56,55,-5,59,54,-5,43,62,-6,50,60,-6,54,59,-6,58,58,-6,66,63,0,68,57,3,68,52,3,69,49,3,69,47,3,66,44,0,63,34,-1,61,29,-1,61,24,-2,65,45,-2,61,33,-3,59,27,-3,58,22,-4,62,46,-4,59,36,-5,58,30,-5,57,24,-6,60,49,-6,57,41,-7,56,36,-8,55,31,-8,ATTACK
31,65,0,33,57,1,38,50,0,41,45,0,43,41,-1,41,49,-2,49,47,-3,53,47,-3,56,46,-4,42,52,-3,51,52,-4,56,52,-4,59,51,-4,43,57,-5,51,56,-5,56,55,-5,60,54,-5,43,62,-6,50,60,-6,55,59,-6,58,58,-6,66,63,0,68,57,2,68,52,3,69,49,3,69,46,3,66,44,0,63,34,-1,61,29,-1,61,24,-1,64,44,-2,61,33,-3,59,27,-3,58,22,-3,62,46,-4,59,35,-5,57,29,-5,57,24,-5,59,48,-5,57,40,-7,56,35,-7,55,31,-7,ATTACK
31,65,0,34,57,1,38,50,0,42,45,0,43,41,-1,41,49,-1,49,48,-2,53,47,-3,57,46,-3,42,52,-3,51,52,-3,56,52,-3,59,51,-3,43,57,-4,52,56,-4,56,55,-4,59,55,-4,44,62,-5,51,60,-5,55,59,-5,58,58,-5,66,62,0,68,56,2,68,52,3,69,48,3,69,46,3,66,43,0,63,34,-1,61,29,-1,61,24,-1,64,44,-2,61,33,-3,59,27,-3,58,22,-3,62,45,-4,59,35,-4,57,29,-5,57,24,-5,59,48,-5,57,40,-6,56,35,-7,55,31,-7,ATTACK
31,65,0,34,57,1,38,50,1,42,45,0,43,41,-1,41,49,-1,49,48,-2,54,47,-2,57,46,-3,43,52,-3,51,52,-3,56,51,-3,59,50,-3,44,57,-4,52,55,-4,56,55,-4,60,54,-4,44,62,-5,51,60,-5,55,59,-5,58,58,-5,66,62,0,68,56,2,68,52,3,69,48,3,69,46,3,66,43,0,63,34,0,61,29,-1,61,24,-1,64,43,-2,60,33,-2,59,27,-3,58,22,-3,62,45,-4,59,35,-4,57,29,-5,57,24,-5,59,48,-5,57,40,-6,56,35,-7,55,31,-7,ATTACK
31,65,0,34,57,1,38,50,1,42,45,0,43,41,0,41,49,-1,49,48,-1,54,47,-2,57,46,-2,43,52,-2,51,52,-3,56,51,-3,59,50,-3,44,57,-4,52,55,-4,57,55,-4,60,54,-4,44,61,-5,51,60,-5,55,59,-5,58,58,-5,66,62,0,68,56,2,68,52,3,68,48,3,69,46,3,66,43,0,63,34,0,61,29,-1,60,24,-1,64,43,-2,60,33,-3,59,27,-3,58,22,-3,62,45,-4,59,35,-4,57,29,-5,57,24,-5,59,48,-5,57,40,-6,56,35,-7,55,31,-7,ATTACK
32,65,0,34,56,1,38,50,1,42,45,0,43,41,0,42,48,-1,49,47,-1,54,47,-2,57,46,-2,43,51,-2,51,51,-2,56,51,-3,59,50,-3,44,56,-3,52,54,-4,56,54,-4,60,53,-4,44,61,-5,51,59,-5,55,58,-5,58,57,-4,66,63,-1,67,57,3,68,52,4,67,49,4,68,47,4,65,44,1,62,35,0,60,30,0,59,26,0,64,44,-2,60,34,-2,58,28,-2,57,24,-2,62,46,-3,59,36,-4,57,30,-4,56,25,-5,59,48,-5,57,41,-6,56,36,-6,55,32,-7,ATTACK
32,65,0,34,56,1,38,50,1,42,45,1,43,40,0,42,48,-1,49,47,-1,53,47,-1,56,46,-2,43,51,-2,51,51,-2,55,51,-2,58,50,-2,44,56,-3,52,54,-3,56,54,-3,59,53,-3,44,61,-5,51,59,-5,55,58,-4,58,57,-4,66,63,0,67,57,2,68,53,3,68,50,3,68,47,3,66,44,1,62,36,0,60,31,0,59,27,0,64,45,-2,60,34,-2,58,29,-2,57,24,-2,62,46,-3,59,36,-4,57,30,-4,56,26,-4,59,48,-5,57,40,-6,56,36,-6,55,32,-6,ATTACK
32,64,0,34,56,1,38,50,1,42,45,1,43,40,0,41,48,-1,49,47,-1,53,46,-2,57,46,-2,43,51,-2,51,51,-3,56,50,-3,59,50,-3,44,56,-4,52,54,-4,56,54,-4,59,53,-4,44,61,-5,51,58,-5,55,58,-5,58,57,-4,66,63,-1,67,57,3,68,52,4,67,49,4,68,47,4,66,45,1,62,36,0,60,31,0,59,27,0,64,45,-1,60,34,-2,58,29,-2,57,24,-2,62,46,-3,59,36,-4,57,31,-4,56,26,-4,59,48,-5,57,41,-6,56,36,-6,55,32,-6,ATTACK
32,65,0,34,56,1,38,50,1,42,45,1,43,40,1,41,48,0,49,47,-1,53,46,-1,56,45,-1,43,51,-2,51,51,-2,55,50,-2,58,49,-2,44,56,-3,52,54,-3,56,54,-3,59,53,-3,44,60,-5,51,59,-5,55,58,-4,58,57,-4,66,63,0,68,57,3,68,52,4,67,49,4,67,47,4,66,45,1,62,36,0,61,31,0,60,27,0,64,45,-1,60,35,-2,58,29,-2,57,24,-2,62,46,-3,59,36,-4,57,31,-4,56,26,-4,60,48,-5,57,41,-6,56,36,-6,55,32,-6,ATTACK
32,65,0,34,56,1,38,50,1,42,45,1,43,40,1,42,48,0,49,47,-1,53,46,-1,56,46,-1,43,51,-2,51,51,-2,55,51,-2,58,50,-2,44,56,-3,52,55,-3,56,54,-3,59,53,-3,45,61,-4,51,59,-4,55,58,-4,58,57,-4,66,63,0,68,57,2,68,53,3,68,49,3,68,47,3,66,45,0,62,36,0,61,31,0,60,26,0,64,45,-2,60,35,-2,58,29,-2,57,24,-2,62,46,-3,59,36,-4,57,31,-4,56,26,-4,60,48,-5,57,41,-6,56,36,-6,55,32,-6,ATTACK
32,65,0,34,57,1,38,50,1,42,45,1,43,41,1,42,48,0,49,47,-1,53,47,-1,56,46,-1,43,52,-2,51,51,-2,55,51,-2,58,50,-2,44,56,-3,52,55,-3,56,54,-3,59,53,-3,45,61,-4,51,59,-4,55,58,-4,58,57,-4,66,63,0,68,57,2,68,52,3,68,49,3,68,47,3,66,45,0,62,36,0,61,31,0,60,26,0,65,45,-2,60,35,-2,58,29,-2,57,24,-3,62,46,-3,59,36,-4,57,31,-4,56,26,-4,60,49,-5,57,41,-6,56,36,-6,55,32,-6,ATTACK
32,65,0,34,57,1,38,51,1,42,46,0,43,41,0,42,49,-1,49,48,-2,53,47,-2,56,46,-2,43,52,-2,51,51,-3,56,50,-3,59,49,-3,44,57,-4,52,55,-4,56,54,-4,60,53,-4,44,62,-5,51,59,-5,55,59,-5,58,57,-5,66,63,0,68,57,2,68,53,3,68,49,2,68,47,2,66,45,0,63,35,-1,61,30,-1,60,25,-2,65,45,-2,61,34,-3,59,28,-3,58,23,-3,63,46,-4,59,36,-5,57,30,-5,56,26,-5,60,48,-5,57,41,-6,56,36,-7,55,31,-7,ATTACK
31,66,0,34,58,1,39,52,1,42,47,1,43,43,0,42,50,-1,50,48,-2,54,47,-2,57,46,-2,43,53,-2,52,52,-3,56,51,-3,59,49,-3,44,58,-4,52,56,-4,57,54,-4,60,53,-4,44,63,-5,51,60,-5,55,59,-5,59,58,-5,66,63,0,68,57,2,68,52,3,68,49,3,69,47,3,66,44,0,63,35,0,62,29,-1,62,24,-1,65,44,-2,61,34,-3,60,27,-3,59,22,-4,63,46,-4,60,35,-5,59,29,-5,58,23,-5,60,47,-6,58,39,-7,57,34,-7,57,29,-8,ATTACK
32,66,0,34,58,1,39,52,2,42,48,1,44,43,1,42,51,0,50,48,-1,54,47,-1,57,46,-1,43,54,-2,52,51,-2,56,50,-2,59,48,-3,44,58,-3,52,55,-4,57,54,-4,60,52,-4,45,63,-5,52,60,-5,56,59,-5,59,58,-5,66,63,0,68,56,2,68,52,3,68,49,2,68,46,2,66,44,0,64,35,-1,63,29,-1,63,24,-2,65,44,-2,62,33,-3,61,26,-4,61,21,-4,63,45,-4,61,35,-5,60,28,-6,60,22,-6,61,47,-6,59,39,-7,58,33,-8,57,28,-9,ATTACK
32,66,0,34,58,1,39,53,1,42,48,1,44,43,1,42,51,0,50,49,-1,54,47,-1,57,46,-1,44,54,-2,52,52,-2,56,50,-3,59,48,-3,44,58,-4,53,56,-4,57,54,-4,60,52,-4,45,63,-5,52,61,-5,56,60,-5,59,59,-5,66,62,0,67,56,2,68,51,3,68,48,2,68,46,2,66,44,0,64,34,-1,63,28,-2,63,23,-2,66,44,-2,62,33,-3,61,26,-4,61,20,-4,64,45,-4,61,35,-5,60,28,-6,60,23,-6,61,47,-6,59,39,-7,59,33,-8,58,28,-8,ATTACK
31,66,0,34,58,2,39,53,2,42,48,2,44,44,1,42,51,0,50,49,0,54,47,-1,57,46,-1,44,54,-2,52,52,-2,56,50,-2,59,48,-2,44,58,-3,53,56,-4,57,55,-4,60,53,-4,45,63,-5,52,61,-5,56,60,-5,59,59,-5,66,62,0,67,56,2,67,51,2,68,48,2,68,46,2,66,44,0,64,34,-1,63,28,-2,63,23,-2,66,44,-2,63,33,-4,62,26,-4,61,20,-5,64,45,-4,61,34,-5,60,28,-6,60,22,-6,61,47,-6,59,38,-8,58,33,-8,58,28,-9,ATTACK
31,67,0,34,59,2,39,53,2,42,48,2,44,44,2,43,51,0,50,49,0,54,47,0,57,46,0,44,54,-2,52,52,-2,57,50,-2,60,48,-2,44,58,-4,53,56,-4,58,54,-4,61,53,-4,45,63,-5,52,61,-5,56,60,-5,59,58,-5,66,62,0,67,56,2,67,51,3,68,48,3,68,46,2,66,44,0,64,34,-1,63,28,-2,63,23,-2,66,44,-2,62,33,-4,62,26,-4,61,20,-5,64,45,-4,61,34,-5,60,28,-6,60,22,-6,61,47,-6,59,38,-8,59,33,-8,58,28,-9,ATTACK
31,67,0,34,58,2,39,53,2,42,49,2,44,44,2,43,51,0,50,48,0,54,47,0,57,46,0,44,54,-2,52,52,-2,57,50,-2,60,49,-2,44,58,-4,53,56,-4,57,54,-4,61,53,-4,45,63,-5,51,61,-5,56,59,-5,59,58,-5,66,62,0,67,56,2,68,51,2,68,48,2,69,46,2,66,44,0,64,34,-1,63,28,-2,63,23,-2,65,44,-2,62,33,-4,61,26,-4,61,20,-5,64,45,-4,61,34,-5,60,28,-6,60,23,-6,61,47,-6,59,39,-7,59,33,-8,58,28,-8,ATTACK
31,66,0,34,58,2,39,53,3,42,49,3,44,44,2,43,51,1,50,48,0,54,47,0,57,46,0,44,54,-2,52,52,-2,57,50,-2,60,49,-2,44,58,-4,53,55,-4,57,54,-4,61,53,-4,44,63,-5,51,60,-5,55,59,-5,59,57,-5,66,62,0,67,56,2,67,51,3,68,48,2,69,46,2,66,44,0,64,34,-1,63,28,-2,63,23,-2,65,44,-2,62,33,-3,61,26,-4,61,20,-4,64,45,-4,61,34,-5,60,28,-6,60,22,-6,61,47,-6,59,39,-7,58,33,-8,58,28,-8,ATTACK
31,66,0,34,58,2,39,53,3,42,49,3,44,44,2,42,51,0,50,48,0,54,47,0,57,45,0,43,53,-2,52,51,-2,57,50,-2,60,49,-2,44,57,-4,52,55,-4,57,54,-4,61,52,-4,44,62,-5,51,60,-6,55,58,-6,59,57,-6,66,62,0,67,56,2,68,52,3,68,49,2,69,47,2,66,44,0,64,34,-1,63,29,-2,62,24,-2,65,44,-2,62,33,-3,61,26,-4,61,20,-4,64,45,-4,61,34,-5,60,28,-6,60,22,-6,61,47,-6,59,38,-7,58,33,-8,58,28,-8,ATTACK
31,66,0,34,58,2,38,52,2,42,48,2,43,44,2,42,50,0,50,48,0,54,46,0,57,45,-1,43,53,-2,52,51,-2,56,50,-2,60,49,-3,44,57,-4,52,55,-4,57,54,-4,60,52,-4,44,62,-5,51,59,-6,55,58,-5,58,57,-6,66,62,0,67,56,2,68,51,3,68,49,3,68,47,2,66,44,0,63,34,-1,63,29,-1,62,24,-2,65,44,-2,62,33,-3,61,26,-4,61,21,-4,63,45,-4,60,35,-5,60,28,-6,59,23,-6,61,47,-6,58,39,-7,58,34,-8,57,29,-8,ATTACK
31,65,0,34,57,2,38,52,2,42,48,2,43,43,1,42,50,0,49,48,-1,54,46,-1,57,44,-1,43,53,-2,51,51,-2,56,50,-3,59,48,-3,44,57,-4,52,55,-4,56,53,-4,60,52,-4,44,61,-5,51,59,-5,54,58,-5,58,56,-5,66,62,0,67,56,2,67,51,3,67,48,3,67,46,2,66,44,0,63,34,-1,62,29,-1,62,24,-2,65,44,-2,62,33,-3,60,27,-3,60,21,-4,63,45,-4,60,35,-5,59,28,-5,59,23,-6,60,47,-6,58,39,-7,57,34,-7,57,30,-8,ATTACK
31,65,0,34,57,1,38,52,2,42,48,1,43,43,1,42,49,0,49,47,-1,53,46,-1,56,44,-1,43,52,-2,51,50,-2,55,49,-2,58,47,-3,43,56,-3,51,54,-4,56,53,-4,59,51,-4,44,61,-5,50,58,-5,54,57,-5,57,56,-5,66,62,0,68,56,3,68,51,3,67,48,4,67,46,4,66,44,1,63,35,0,61,30,0,61,25,0,65,44,-1,61,34,-2,59,28,-2,59,22,-3,63,45,-3,59,35,-4,58,29,-5,57,24,-5,60,48,-5,57,40,-6,56,35,-7,56,31,-7,ATTACK
31,64,0,34,57,1,38,51,2,41,47,1,43,43,1,42,49,0,49,47,-1,53,45,-2,56,44,-2,43,52,-2,51,49,-3,55,48,-3,58,46,-3,43,56,-4,51,53,-4,56,52,-4,59,51,-5,44,60,-5,50,58,-5,54,56,-6,57,54,-5,66,63,-1,67,56,3,68,52,4,68,49,4,68,46,4,66,44,1,62,35,1,60,31,1,59,26,1,64,44,-1,60,34,-2,58,28,-2,57,24,-2,62,46,-3,59,36,-4,57,30,-4,56,25,-4,60,48,-5,57,40,-6,56,36,-6,55,32,-7,ATTACK
32,64,0,34,56,1,38,50,1,41,46,1,42,42,0,41,48,-1,48,46,-2,52,44,-2,55,43,-3,42,51,-3,50,49,-3,54,48,-3,58,46,-4,43,55,-4,51,52,-4,55,51,-5,58,50,-5,43,59,-5,50,57,-6,53,55,-6,56,54,-6,66,63,-1,67,57,3,68,52,4,68,49,5,68,47,5,65,44,1,61,36,1,59,31,1,58,27,1,64,44,-1,59,35,-1,57,30,-1,56,25,-1,62,46,-3,58,37,-3,56,32,-3,54,27,-3,59,48,-4,56,41,-5,55,37,-5,54,33,-5,ATTACK
31,64,0,33,56,1,37,50,1,40,45,1,42,41,1,40,47,-1,48,45,-2,52,44,-2,55,42,-2,42,50,-2,50,48,-3,54,46,-3,57,45,-3,43,54,-4,51,51,-4,55,50,-4,58,48,-4,43,59,-5,50,56,-5,54,54,-5,57,52,-5,66,63,-1,67,57,3,68,52,5,68,49,5,68,47,6,65,44,2,61,36,2,59,31,2,58,27,2,64,44,0,59,35,-1,57,30,0,56,26,0,62,46,-2,57,37,-3,55,32,-3,54,27,-3,59,48,-4,56,41,-5,54,37,-5,53,33,-5,ATTACK
31,63,0,33,55,1,37,49,2,40,45,1,41,41,1,40,47,0,47,45,-1,51,43,-2,54,42,-2,41,50,-2,50,47,-3,54,46,-3,57,44,-3,43,54,-4,51,51,-4,55,49,-4,58,47,-4,43,58,-5,50,55,-5,53,53,-5,56,51,-5,66,63,-1,67,57,3,68,53,5,68,49,5,68,47,6,65,44,2,61,36,2,59,31,2,58,28,2,64,44,0,59,35,0,57,30,0,56,26,0,62,46,-2,57,37,-3,55,32,-3,54,27,-3,59,49,-4,56,41,-5,54,37,-5,53,33,-5,ATTACK
31,63,0,33,55,2,37,49,2,40,44,2,41,40,2,40,46,0,47,44,0,50,43,0,53,41,0,41,49,-1,49,47,-2,53,46,-2,55,44,-2,43,53,-3,50,50,-3,54,49,-3,57,47,-3,44,58,-5,50,54,-5,53,52,-5,56,50,-4,65,63,-1,67,57,4,67,53,5,67,49,6,68,47,6,65,44,2,61,36,2,59,32,3,57,28,3,64,44,0,58,35,0,56,30,0,55,26,0,62,46,-2,57,37,-2,54,32,-2,53,28,-3,59,49,-4,55,41,-5,54,37,-5,52,34,-5,ATTACK
31,63,0,33,55,2,37,49,2,40,44,2,41,40,2,40,46,0,47,44,0,51,43,0,53,42,0,41,49,-1,49,47,-1,53,46,-1,56,45,-2,42,53,-3,50,50,-3,54,49,-3,57,47,-3,43,58,-5,50,55,-5,53,53,-4,56,51,-4,65,63,-1,67,57,3,68,53,5,68,50,5,69,47,5,65,44,2,61,36,2,58,32,2,57,28,2,63,44,0,58,35,0,56,30,0,55,26,0,61,46,-2,57,37,-3,54,32,-3,53,28,-3,59,49,-4,55,41,-5,53,37,-5,52,33,-5,ATTACK
31,64,0,33,55,2,37,49,3,40,44,2,41,40,2,40,46,0,47,44,0,51,43,0,54,42,0,41,49,-2,49,47,-1,53,47,-1,56,45,-1,42,53,-3,50,51,-3,54,50,-3,57,48,-3,43,58,-5,50,55,-5,53,54,-5,56,52,-4,65,63,-1,67,57,4,68,53,5,68,50,6,69,47,6,65,44,2,61,36,2,58,32,3,57,28,3,63,44,0,59,35,0,56,30,0,55,26,0,61,46,-2,57,37,-2,55,32,-2,53,27,-2,59,48,-4,55,41,-5,54,37,-5,52,33,-5,ATTACK
31,64,0,33,56,2,37,49,2,40,45,2,41,40,1,40,47,0,47,45,0,51,43,-1,54,42,-1,41,50,-2,50,48,-2,53,47,-2,56,46,-2,43,54,-3,50,52,-3,54,51,-3,57,49,-3,43,58,-5,50,56,-5,53,55,-4,56,53,-4,65,63,-1,67,57,3,68,53,5,68,49,5,69,47,5,65,44,2,61,36,2,59,32,2,57,28,2,63,44,0,59,35,0,56,30,0,55,26,0,61,46,-2,57,37,-3,55,32,-3,53,27,-3,58,48,-4,55,41,-5,54,37,-5,52,33,-5,ATTACK
32,64,0,34,56,1,37,49,1,40,45,1,41,40,1,40,47,0,47,45,-1,51,44,-1,54,43,-1,42,50,-2,50,48,-2,54,47,-2,56,46,-2,43,54,-3,51,52,-3,54,51,-3,57,50,-3,44,59,-4,50,56,-4,53,55,-4,56,54,-4,65,63,-1,67,57,3,68,53,4,68,49,5,70,47,5,65,43,2,61,36,2,59,31,2,58,28,2,64,44,0,59,35,0,56,30,0,55,26,0,61,45,-2,57,36,-3,55,31,-3,54,27,-3,59,48,-4,55,41,-5,54,37,-5,53,33,-5,ATTACK
32,64,0,34,56,1,37,49,1,40,45,1,41,40,0,40,47,0,48,45,-1,52,44,-1,55,43,-2,42,50,-2,50,48,-2,54,47,-2,57,46,-2,43,54,-4,51,52,-4,55,51,-4,58,49,-4,44,59,-5,50,56,-5,54,55,-5,56,54,-4,65,63,-1,67,57,3,68,53,4,69,49,4,70,46,4,65,43,2,61,35,2,59,31,2,58,27,2,64,44,-1,59,35,-1,57,30,-1,55,26,-1,61,45,-3,57,36,-3,55,31,-3,54,27,-3,59,48,-4,55,41,-5,54,37,-5,53,33,-5,ATTACK
32,65,0,34,56,1,38,50,1,41,45,1,42,41,0,41,47,0,48,46,-1,52,45,-1,55,44,-2,42,50,-2,50,49,-2,54,49,-2,57,48,-2,43,55,-3,51,53,-3,55,52,-3,58,51,-3,44,59,-5,50,57,-5,54,56,-4,57,55,-4,65,62,-1,67,57,2,68,53,3,69,49,3,70,46,3,66,43,1,61,35,1,60,31,1,58,27,1,64,43,-1,59,34,-1,57,29,-1,56,25,-1,62,45,-3,57,36,-3,55,31,-3,54,26,-3,59,47,-4,56,40,-5,54,36,-5,53,32,-5,ATTACK
32,66,0,34,57,1,38,51,2,41,46,1,42,41,1,42,49,0,49,47,0,53,47,0,56,46,-1,43,52,-1,51,51,-1,55,51,-1,58,51,-2,44,56,-3,52,55,-3,56,54,-3,58,54,-3,45,61,-4,51,59,-4,55,58,-4,57,57,-3,65,62,0,67,57,2,68,53,3,69,49,2,71,46,2,66,43,1,62,35,1,60,31,1,59,27,0,64,43,-1,60,34,-1,58,29,-1,57,25,-2,62,45,-3,58,36,-3,56,31,-3,55,26,-3,59,47,-4,56,40,-5,55,36,-5,54,32,-5,ATTACK
32,65,0,34,57,1,38,51,1,41,46,0,42,41,0,42,49,-1,49,48,-1,53,47,-2,56,46,-2,43,52,-2,51,52,-2,56,51,-2,59,51,-2,44,57,-3,52,56,-4,56,55,-4,59,54,-4,44,62,-5,51,60,-5,55,59,-4,58,58,-4,65,62,0,67,57,2,68,52,3,69,49,2,70,46,2,66,43,1,62,35,1,60,30,1,59,26,0,64,43,-1,60,34,-1,58,29,-1,57,25,-1,62,45,-3,58,36,-3,56,31,-3,55,27,-3,59,47,-4,56,40,-5,55,36,-5,54,32,-5,ATTACK
32,66,0,34,57,1,38,51,1,41,46,1,43,41,0,42,49,-1,49,48,-1,53,47,-1,56,46,-1,43,52,-2,52,52,-2,56,52,-2,59,51,-2,44,57,-4,52,56,-4,56,55,-4,59,54,-4,44,62,-5,51,60,-5,55,59,-5,58,58,-5,65,62,0,67,57,2,68,52,3,69,49,3,70,46,2,66,43,1,62,35,1,60,30,1,59,26,1,64,43,-1,60,34,-1,58,29,-1,57,25,-1,62,45,-3,58,36,-3,56,31,-3,55,27,-3,59,47,-4,56,40,-5,55,36,-5,54,32,-5,ATTACK
32,66,0,34,57,1,38,51,1,41,46,1,43,41,0,42,49,0,49,48,-1,53,47,-1,56,46,-2,43,52,-2,51,52,-2,56,52,-2,59,51,-3,44,57,-3,52,56,-4,56,56,-4,59,55,-4,44,62,-5,51,60,-5,55,60,-5,58,59,-5,65,62,0,67,57,2,68,52,3,69,49,3,70,46,2,66,43,1,62,35,1,61,30,1,59,26,0,64,43,-1,60,34,-1,58,29,-1,57,25,-2,62,45,-3,58,36,-3,57,31,-3,56,26,-3,59,47,-4,56,40,-5,55,36,-5,54,32,-5,ATTACK
32,66,0,34,57,1,38,51,1,42,46,0,43,42,0,42,50,-1,49,48,-2,53,47,-2,56,46,-2,43,53,-2,52,52,-3,56,52,-3,59,51,-3,44,57,-4,52,56,-4,56,56,-4,59,55,-4,44,62,-5,51,61,-5,55,60,-5,58,59,-5,65,62,-1,67,57,3,68,52,3,68,49,3,70,46,3,66,43,1,62,35,1,61,30,1,59,26,1,64,43,-1,60,34,-1,58,29,-1,57,24,-1,62,45,-3,59,36,-3,57,31,-3,56,26,-3,59,47,-4,57,40,-5,55,35,-5,54,31,-5,ATTACK
32,66,0,34,57,1,38,51,1,42,46,0,43,42,0,42,50,-1,50,48,-2,54,47,-2,57,47,-2,43,53,-2,52,52,-3,56,52,-3,59,51,-3,44,57,-4,52,56,-4,56,56,-4,59,55,-4,44,62,-5,51,61,-5,55,60,-5,58,60,-5,65,62,-1,67,56,3,68,52,4,68,49,4,69,46,4,66,43,1,62,35,1,61,30,1,60,26,1,65,44,-1,60,34,-1,59,29,-1,58,24,-1,62,45,-3,59,36,-3,57,31,-3,56,26,-3,59,47,-4,57,40,-5,56,36,-5,55,32,-5,ATTACK
32,66,0,34,58,1,39,52,1,42,47,0,43,42,0,42,50,-1,50,49,-2,54,48,-2,57,47,-2,43,53,-2,52,52,-3,56,52,-3,59,51,-3,44,57,-4,52,56,-4,56,56,-4,60,55,-4,44,62,-5,51,61,-5,55,60,-5,58,60,-5,65,62,-1,67,57,3,68,52,3,68,49,3,68,47,3,66,43,1,62,35,1,61,30,1,60,26,0,65,44,-1,61,34,-1,59,29,-2,58,24,-2,62,45,-3,59,36,-3,57,30,-3,56,26,-4,60,47,-5,57,39,-5,56,35,-6,55,31,-6,ATTACK
32,66,0,35,58,1,39,52,1,42,48,1,43,43,0,42,51,0,50,49,-1,54,48,-2,57,47,-2,43,54,-2,52,53,-2,56,52,-3,59,51,-3,44,58,-3,52,57,-4,56,56,-4,60,55,-4,44,63,-5,51,61,-5,55,60,-5,58,59,-4,65,63,-1,67,56,3,68,52,3,68,49,3,69,47,3,66,43,1,62,35,0,61,30,0,60,26,0,65,44,-1,61,34,-2,59,29,-2,58,24,-2,63,45,-3,59,36,-4,57,30,-4,56,26,-4,60,47,-5,57,39,-6,56,35,-6,55,31,-6,ATTACK
