40,70,-1,41,59,-3,45,45,-6,48,35,-8,47,26,-9,45,45,-10,58,43,-14,56,47,-16,51,48,-16,45,54,-11,60,52,-15,57,55,-14,51,56,-14,46,63,-12,60,61,-15,57,63,-13,52,64,-11,48,71,-13,59,69,-15,56,70,-13,52,71,-13,59,95,0,65,85,-8,69,76,-14,76,70,-18,85,67,-24,56,79,-13,49,77,-19,43,75,-23,38,74,-26,49,85,-12,41,82,-16,36,79,-19,31,77,-21,45,90,-11,37,87,-14,33,85,-16,28,83,-17,42,94,-10,36,91,-12,32,90,-13,28,88,-14,HELP
37,69,-1,38,58,-3,43,45,-6,46,35,-8,45,26,-9,42,45,-10,57,42,-14,55,47,-15,50,49,-16,42,53,-11,58,51,-14,55,55,-13,50,56,-13,43,62,-12,58,60,-14,55,63,-11,50,64,-10,44,70,-13,56,68,-14,54,70,-12,49,71,-11,56,95,0,62,85,-8,66,77,-14,73,70,-19,82,67,-24,54,81,-14,47,77,-20,41,75,-24,35,74,-26,47,86,-13,38,82,-17,32,79,-20,27,77,-21,42,90,-11,34,86,-15,29,83,-17,24,80,-18,39,93,-11,33,90,-13,28,87,-14,24,84,-14,HELP
34,69,-1,35,58,-3,40,45,-6,43,35,-9,42,26,-11,39,45,-12,54,41,-16,53,46,-17,48,48,-16,39,53,-12,56,50,-16,53,54,-14,48,56,-13,40,62,-13,56,59,-15,53,62,-12,49,64,-10,42,71,-14,54,68,-15,52,69,-13,48,70,-11,55,94,0,59,85,-9,63,76,-15,70,69,-20,79,66,-26,49,79,-15,42,76,-20,35,75,-24,29,74,-27,43,84,-13,34,82,-18,28,80,-20,22,79,-22,39,88,-11,30,86,-15,25,84,-16,20,82,-17,36,91,-10,29,89,-12,25,88,-13,21,85,-14,HELP
35,68,-1,36,57,-4,40,44,-7,41,35,-10,40,26,-13,37,44,-13,52,41,-18,51,45,-19,46,48,-19,37,54,-14,54,51,-18,51,54,-17,46,56,-16,38,63,-15,54,60,-17,51,63,-14,46,64,-13,40,71,-16,52,69,-17,49,70,-15,45,71,-14,50,95,0,57,86,-10,61,77,-17,67,70,-23,75,65,-28,47,81,-17,40,77,-23,34,75,-27,28,74,-30,40,86,-15,31,81,-20,25,78,-23,18,75,-25,35,89,-13,27,85,-17,21,81,-20,16,78,-21,32,92,-12,26,88,-15,21,85,-16,17,83,-17,HELP
34,68,0,37,56,-4,39,44,-8,40,35,-12,38,26,-15,35,45,-13,50,42,-18,50,47,-19,46,50,-19,34,55,-14,52,52,-18,50,56,-17,46,58,-16,36,64,-14,51,62,-17,49,65,-14,45,66,-13,37,72,-15,50,70,-17,48,72,-16,44,72,-15,49,96,0,55,87,-9,59,78,-16,64,71,-21,72,66,-26,44,81,-15,37,77,-21,30,75,-24,24,74,-27,38,86,-13,28,82,-18,21,78,-20,15,75,-22,33,90,-12,24,86,-15,19,82,-17,13,79,-19,31,93,-11,24,91,-13,19,88,-15,14,86,-15,HELP
35,71,-1,36,58,-3,37,44,-5,38,35,-6,36,27,-8,32,46,-7,48,42,-11,48,47,-12,44,47,-12,32,55,-7,49,51,-11,49,54,-10,45,54,-10,33,63,-8,49,60,-11,48,62,-9,45,62,-9,35,70,-10,47,68,-11,47,69,-10,44,69,-10,47,96,0,53,87,-10,57,78,-17,63,71,-23,70,66,-29,42,81,-17,34,77,-24,27,75,-28,21,75,-31,36,86,-16,26,81,-22,18,78,-25,11,75,-27,31,90,-14,22,85,-19,15,82,-21,9,79,-23,29,93,-13,22,89,-16,16,87,-18,11,85,-19,HELP
36,69,0,36,56,-4,35,44,-6,34,35,-7,33,26,-8,29,46,-7,44,42,-10,46,45,-11,44,45,-12,28,55,-7,45,53,-10,47,53,-9,47,53,-10,29,65,-8,44,62,-10,46,60,-10,46,58,-9,32,72,-8,42,70,-11,44,68,-11,44,66,-11,42,96,0,48,87,-12,52,79,-20,57,71,-27,65,65,-34,38,82,-21,30,79,-29,23,77,-34,16,76,-38,31,87,-19,21,83,-26,13,80,-30,5,77,-33,26,91,-16,16,86,-22,10,83,-25,3,80,-27,24,93,-15,17,89,-19,11,87,-21,6,84,-22,HELP
35,73,-1,36,59,-5,35,46,-8,33,37,-10,31,27,-12,25,44,-10,42,42,-15,49,45,-18,51,46,-19,24,54,-10,42,52,-14,49,53,-14,52,54,-15,25,64,-11,42,62,-15,49,61,-15,52,60,-14,28,73,-11,39,72,-15,42,71,-15,42,70,-15,41,97,0,48,88,-13,51,80,-22,56,72,-29,62,67,-37,36,82,-24,27,79,-32,19,76,-37,12,75,-41,29,88,-20,16,83,-29,7,79,-33,-2,76,-36,25,92,-17,13,86,-24,5,82,-28,-2,78,-30,22,94,-15,15,89,-20,9,85,-22,3,82,-24,HELP
32,72,-1,34,58,-4,33,46,-7,32,36,-9,29,26,-11,23,45,-10,41,44,-15,46,46,-18,46,47,-20,22,55,-10,42,53,-14,46,56,-14,47,55,-15,24,66,-11,41,63,-15,46,63,-15,47,61,-15,27,75,-12,35,74,-16,34,74,-17,31,73,-18,39,97,0,46,88,-14,49,80,-24,54,72,-31,60,67,-39,34,83,-26,25,78,-35,17,76,-41,9,74,-45,27,89,-23,15,83,-32,5,78,-36,-4,75,-40,23,92,-19,11,87,-26,3,82,-30,-4,79,-33,20,94,-16,13,89,-22,6,86,-24,1,83,-26,HELP
30,69,-1,32,57,-5,32,45,-8,30,36,-11,28,26,-13,22,44,-11,41,44,-16,44,48,-19,43,49,-20,20,54,-11,42,53,-15,45,56,-15,45,56,-15,22,64,-11,42,62,-15,45,63,-14,45,62,-14,25,73,-12,40,71,-16,42,71,-16,41,70,-16,38,96,0,44,87,-15,48,78,-25,53,71,-33,58,67,-41,30,82,-27,22,78,-37,14,75,-43,6,74,-47,24,88,-23,11,83,-32,1,78,-37,-7,74,-40,19,91,-19,8,86,-26,0,81,-30,-7,77,-32,18,93,-15,10,88,-20,3,85,-22,-2,81,-24,HELP
31,74,-1,33,59,-5,32,46,-8,30,36,-10,27,25,-13,22,44,-10,40,45,-15,44,48,-17,43,49,-19,21,54,-10,41,54,-13,45,57,-13,45,56,-14,22,64,-10,42,62,-14,45,63,-14,45,61,-14,25,73,-11,39,72,-16,41,72,-17,41,72,-17,37,96,0,44,87,-14,48,78,-24,53,71,-32,59,67,-40,30,81,-26,22,78,-36,14,76,-42,6,75,-46,23,87,-23,11,82,-31,2,78,-36,-6,74,-39,19,91,-19,8,86,-26,0,81,-30,-7,78,-32,16,93,-16,9,89,-21,3,86,-24,-3,83,-25,HELP
31,75,-1,33,61,-4,31,47,-7,30,36,-9,27,26,-11,20,44,-9,39,43,-14,42,49,-16,39,52,-18,19,53,-10,39,52,-13,41,59,-13,40,59,-13,20,64,-11,39,61,-15,40,65,-14,38,66,-14,24,74,-12,33,73,-17,31,74,-19,27,74,-20,38,97,0,44,87,-14,46,78,-23,51,70,-30,57,66,-37,29,80,-23,19,77,-31,11,76,-37,4,75,-41,23,86,-19,11,82,-27,1,78,-32,-7,76,-35,19,90,-16,8,87,-22,0,84,-26,-7,81,-28,17,94,-14,10,91,-19,3,90,-21,-2,88,-22,HELP
28,71,-1,30,59,-4,29,46,-7,28,36,-9,25,26,-11,18,44,-9,37,42,-14,39,48,-16,36,51,-17,17,53,-10,38,52,-13,39,58,-13,37,59,-14,19,63,-10,38,62,-14,38,66,-13,35,66,-13,22,72,-12,35,72,-16,34,73,-16,31,74,-17,38,97,0,43,86,-13,45,77,-22,49,69,-29,55,66,-35,29,81,-23,18,77,-31,9,75,-36,1,74,-39,23,87,-19,11,83,-27,0,79,-31,-8,76,-33,20,92,-16,8,88,-22,-1,84,-25,-8,82,-27,18,95,-13,9,92,-17,2,89,-19,-4,87,-20,HELP
28,72,-1,30,59,-4,28,46,-7,26,36,-9,24,26,-11,16,44,-9,34,43,-14,36,49,-15,32,52,-16,15,53,-10,36,53,-13,36,59,-13,32,60,-13,17,63,-11,36,61,-15,35,66,-14,30,67,-13,21,73,-12,32,71,-17,31,73,-18,28,74,-19,36,97,0,41,86,-12,43,76,-21,47,69,-28,52,65,-34,26,80,-22,14,77,-31,5,75,-36,-3,74,-39,21,87,-19,8,83,-26,-2,78,-29,-10,76,-32,17,92,-16,5,87,-21,-3,84,-24,-9,81,-25,16,95,-13,6,91,-17,0,88,-18,-5,85,-19,HELP
27,69,-1,28,58,-4,26,46,-6,24,36,-8,22,26,-9,15,44,-7,32,42,-11,32,47,-13,27,49,-15,14,53,-8,33,51,-11,32,55,-12,27,57,-13,16,62,-8,34,60,-12,32,64,-11,28,64,-10,19,71,-10,33,69,-13,33,70,-13,30,70,-14,37,95,0,41,84,-13,43,76,-22,47,69,-28,52,64,-35,25,80,-21,12,77,-29,3,76,-34,-5,75,-37,21,87,-18,8,85,-24,-2,82,-28,-9,81,-31,19,93,-14,7,91,-20,-1,89,-23,-8,87,-25,18,96,-12,8,95,-16,2,94,-18,-4,93,-19,HELP
27,67,-1,28,56,-4,25,44,-6,23,35,-7,21,26,-8,15,44,-6,29,42,-10,29,46,-13,25,47,-15,13,53,-7,31,51,-10,29,54,-11,25,54,-12,15,62,-8,32,60,-11,31,62,-10,27,62,-10,18,71,-9,32,69,-12,32,69,-13,29,69,-13,35,96,0,39,85,-11,41,76,-19,44,69,-25,49,64,-32,24,80,-20,11,77,-27,2,75,-32,-6,73,-35,19,88,-17,6,84,-23,-3,80,-26,-9,78,-28,16,94,-14,5,91,-19,-2,88,-21,-7,86,-22,15,98,-12,7,96,-15,1,94,-17,-4,92,-17,HELP
25,64,-1,25,53,-4,23,43,-6,21,34,-8,19,26,-10,13,44,-7,28,43,-12,28,46,-15,24,47,-17,12,53,-8,30,52,-11,28,54,-12,23,54,-13,13,62,-9,30,61,-12,29,62,-10,24,61,-10,16,71,-10,30,69,-13,29,68,-14,25,68,-14,32,95,0,36,85,-12,38,77,-20,42,70,-26,47,65,-33,21,81,-20,9,77,-28,0,75,-32,-8,74,-35,16,88,-17,4,84,-23,-5,80,-26,-11,77,-28,13,93,-14,2,90,-19,-5,87,-21,-10,84,-22,12,96,-12,3,93,-15,-3,91,-16,-7,89,-16,HELP
23,65,-1,23,54,-4,22,44,-6,20,35,-8,18,26,-9,12,44,-6,26,43,-11,25,46,-13,21,48,-15,10,53,-7,28,52,-10,26,54,-11,21,54,-12,12,62,-8,28,61,-11,27,62,-9,22,62,-9,14,71,-9,28,69,-12,27,69,-13,23,69,-13,32,97,0,35,87,-11,37,79,-18,40,71,-25,45,64,-31,20,81,-17,8,77,-24,0,75,-28,-6,74,-31,15,88,-14,4,85,-20,-4,81,-23,-10,79,-25,13,93,-12,2,91,-16,-4,89,-19,-9,87,-20,12,97,-10,4,96,-13,-2,94,-15,-6,92,-15,HELP
19,64,-1,20,53,-5,19,43,-7,17,35,-10,15,26,-11,9,44,-8,24,43,-13,25,46,-16,21,48,-18,7,53,-8,26,52,-12,25,54,-13,21,55,-14,9,62,-9,26,61,-12,26,62,-11,22,61,-10,11,70,-10,25,68,-13,25,68,-14,22,68,-13,30,96,0,33,88,-11,34,80,-19,38,72,-25,42,65,-31,17,82,-18,6,78,-25,-1,76,-29,-7,74,-32,13,89,-15,2,86,-19,-5,82,-22,-10,80,-24,11,94,-12,1,92,-15,-5,89,-17,-9,86,-18,10,98,-10,2,97,-12,-3,95,-13,-6,93,-14,HELP
15,65,-1,17,54,-4,17,44,-7,16,35,-9,14,26,-10,7,45,-8,22,43,-12,22,47,-15,19,48,-17,6,54,-8,24,53,-12,23,54,-13,18,55,-14,7,63,-9,24,62,-12,24,63,-11,21,63,-11,10,71,-10,23,70,-13,25,70,-14,23,69,-13,29,97,0,32,87,-10,33,79,-17,36,71,-22,40,63,-27,15,82,-14,5,79,-20,-2,76,-24,-7,74,-26,12,89,-12,2,87,-16,-5,84,-19,-10,81,-21,11,94,-9,1,93,-13,-5,91,-15,-9,88,-16,11,98,-8,3,98,-10,-2,96,-11,-6,94,-12,HELP
15,67,-1,16,56,-5,16,44,-7,15,35,-9,13,26,-11,5,46,-9,21,43,-14,20,47,-16,16,49,-18,4,55,-9,23,52,-13,20,55,-14,16,56,-14,6,64,-10,23,61,-13,21,63,-12,17,64,-11,9,72,-11,22,70,-14,21,70,-15,18,71,-15,27,96,0,30,86,-10,31,78,-16,34,70,-22,37,64,-27,14,81,-15,3,79,-21,-4,75,-25,-8,73,-27,10,88,-12,-1,85,-17,-7,81,-19,-11,78,-21,8,93,-10,-2,91,-13,-7,87,-16,-10,84,-17,7,97,-8,0,96,-11,-5,93,-12,-8,90,-12,HELP
15,66,-1,17,56,-5,15,44,-7,14,35,-9,12,26,-10,4,45,-8,20,43,-13,20,48,-15,16,51,-18,3,55,-8,21,52,-13,19,56,-13,14,57,-15,4,64,-9,22,62,-12,20,65,-11,15,66,-11,7,73,-10,20,70,-14,19,71,-15,15,72,-15,26,96,0,28,87,-10,29,79,-17,32,72,-22,36,66,-28,14,83,-15,3,79,-21,-4,77,-25,-9,74,-27,10,90,-13,0,87,-17,-7,84,-20,-11,81,-21,8,95,-10,-1,94,-14,-7,91,-16,-10,88,-17,8,99,-9,0,98,-11,-5,96,-12,-8,94,-12,HELP
15,66,-1,17,55,-4,15,44,-6,13,35,-8,12,25,-10,5,45,-8,20,43,-12,20,48,-15,16,50,-17,3,55,-8,21,52,-12,19,56,-13,14,57,-14,5,64,-9,21,62,-12,20,64,-11,15,65,-11,7,72,-11,20,70,-14,19,71,-15,15,72,-15,27,96,0,29,88,-10,30,80,-16,32,73,-21,34,67,-26,15,84,-15,4,80,-21,-3,76,-25,-8,72,-27,11,90,-13,0,88,-17,-6,84,-20,-10,80,-22,10,95,-10,0,93,-14,-6,90,-16,-10,87,-17,9,98,-9,1,97,-11,-4,95,-12,-7,93,-13,HELP
12,68,-1,13,57,-4,11,45,-6,9,36,-8,7,26,-9,1,45,-6,15,43,-10,14,47,-12,10,49,-14,-1,54,-6,17,52,-10,14,56,-10,9,57,-11,0,63,-7,17,62,-10,15,65,-9,10,65,-9,2,72,-9,16,70,-12,15,72,-12,11,73,-13,22,95,0,24,86,-8,24,77,-13,26,70,-17,30,64,-21,9,81,-11,0,77,-15,-4,73,-18,-6,70,-19,5,88,-9,-2,83,-12,-6,79,-13,-8,75,-14,4,92,-6,-4,88,-8,-7,84,-9,-9,81,-10,3,96,-5,-3,93,-6,-6,90,-6,-8,87,-6,HELP
9,66,-1,11,56,-4,10,44,-7,8,35,-9,6,26,-10,0,46,-8,14,44,-13,13,47,-15,9,49,-17,-2,55,-8,15,53,-12,13,55,-13,8,56,-14,-1,63,-9,16,62,-12,14,64,-11,10,65,-10,1,72,-10,15,70,-13,14,71,-14,10,72,-14,21,96,0,23,88,-8,24,79,-13,25,71,-17,29,65,-20,9,81,-10,0,78,-14,-5,75,-16,-8,72,-18,5,87,-8,-3,84,-10,-8,81,-12,-11,77,-13,4,92,-6,-4,90,-7,-8,86,-8,-11,83,-9,3,96,-4,-3,94,-5,-7,92,-5,-10,89,-5,HELP
10,67,-1,11,56,-4,10,44,-6,8,35,-8,6,26,-9,0,45,-8,13,44,-12,12,47,-15,8,48,-16,-2,55,-8,15,53,-12,13,55,-13,7,56,-14,-1,63,-9,16,62,-12,14,65,-11,9,65,-10,0,72,-10,14,70,-13,13,72,-14,9,73,-14,22,95,0,24,86,-9,24,78,-14,25,71,-19,28,65,-23,9,82,-12,0,79,-16,-5,76,-19,-9,72,-21,6,88,-9,-3,85,-13,-8,81,-15,-12,78,-16,4,93,-7,-4,91,-9,-9,87,-11,-12,84,-12,3,96,-5,-3,95,-7,-8,92,-7,-11,89,-8,HELP
10,69,-1,11,57,-4,9,45,-7,7,35,-8,6,26,-10,-1,46,-9,13,43,-13,12,47,-15,7,50,-17,-3,55,-9,15,52,-13,13,56,-13,7,58,-14,-2,64,-10,16,61,-13,13,65,-11,9,66,-11,0,72,-11,14,70,-14,13,72,-15,9,73,-15,21,95,0,23,86,-8,23,78,-13,24,70,-18,27,65,-22,9,81,-11,1,79,-15,-4,75,-18,-7,72,-19,6,88,-9,-2,85,-12,-6,80,-13,-9,77,-14,5,92,-7,-3,90,-9,-7,86,-10,-10,82,-10,4,95,-5,-2,93,-6,-6,91,-6,-9,88,-6,HELP
9,67,-1,11,55,-5,10,44,-8,8,35,-11,6,25,-13,-1,46,-12,13,44,-18,13,47,-20,8,49,-22,-2,55,-12,15,52,-18,13,55,-18,8,57,-19,-2,64,-13,15,61,-17,14,64,-15,9,65,-14,0,72,-13,14,69,-17,13,71,-18,9,72,-18,20,95,0,23,86,-8,23,78,-13,24,71,-16,26,65,-20,8,81,-9,-1,78,-13,-4,74,-15,-6,71,-16,5,87,-7,-3,83,-10,-6,79,-11,-7,75,-12,3,92,-5,-4,88,-7,-7,84,-8,-8,80,-8,3,96,-4,-3,93,-5,-5,89,-6,-7,86,-6,HELP
11,68,-1,12,56,-4,10,45,-6,8,36,-7,6,26,-9,0,46,-8,13,44,-12,13,47,-14,8,48,-15,-2,55,-8,15,53,-12,13,55,-12,8,56,-13,-1,64,-9,16,62,-12,14,64,-11,9,65,-10,1,73,-10,15,70,-13,13,71,-14,9,72,-14,22,94,0,23,86,-8,24,78,-13,25,71,-17,27,65,-21,9,80,-10,2,77,-13,-3,75,-15,-6,72,-16,6,86,-7,-1,84,-10,-5,81,-11,-8,78,-12,5,91,-6,-2,89,-8,-6,86,-9,-8,84,-9,5,95,-4,-1,93,-6,-4,91,-6,-7,89,-6,HELP
10,67,-1,12,56,-4,10,45,-6,8,36,-7,7,26,-9,1,45,-7,14,44,-10,13,47,-13,8,48,-14,-1,54,-7,16,53,-10,13,55,-11,8,56,-12,-1,62,-8,16,62,-10,14,64,-9,9,64,-9,1,71,-9,14,69,-11,13,71,-12,10,72,-12,21,94,0,24,86,-7,24,78,-12,25,71,-16,28,65,-20,10,80,-10,2,77,-14,-3,74,-17,-7,72,-18,7,86,-8,-1,83,-11,-6,80,-13,-9,77,-13,5,91,-6,-2,88,-9,-6,85,-10,-10,82,-11,4,94,-5,-2,93,-7,-5,90,-7,-8,87,-7,HELP
10,65,-1,12,54,-4,11,44,-7,9,35,-9,7,26,-10,1,45,-9,14,44,-13,13,47,-15,9,48,-17,-1,54,-9,16,53,-13,14,55,-13,9,55,-14,0,63,-9,16,61,-12,14,63,-11,10,64,-11,1,71,-10,14,70,-13,14,70,-14,10,71,-14,21,95,0,24,86,-8,24,78,-13,25,70,-18,28,64,-22,10,81,-11,1,78,-15,-5,74,-18,-8,71,-20,6,87,-9,-2,84,-12,-7,79,-13,-10,76,-14,5,91,-7,-3,88,-9,-7,84,-10,-10,80,-11,4,94,-5,-2,92,-6,-6,89,-7,-9,86,-7,HELP
11,65,-1,13,54,-3,11,44,-5,9,35,-7,7,26,-8,1,44,-6,14,43,-10,13,46,-13,9,47,-15,-1,53,-7,16,52,-10,14,54,-11,9,55,-13,0,61,-8,17,61,-11,15,63,-10,10,63,-9,2,70,-9,15,69,-12,15,70,-12,11,71,-13,22,94,0,24,85,-8,24,77,-14,26,69,-18,29,64,-22,11,81,-12,2,78,-17,-4,74,-20,-7,71,-21,8,87,-10,-1,84,-13,-6,80,-15,-9,77,-16,6,92,-8,-2,89,-10,-7,86,-12,-9,82,-12,5,95,-6,-2,93,-8,-5,90,-8,-8,87,-8,HELP
13,65,-1,14,55,-4,12,44,-6,10,35,-8,8,26,-9,2,44,-7,15,43,-11,15,46,-14,11,48,-16,0,53,-7,17,52,-11,16,54,-12,11,55,-13,1,62,-8,18,61,-12,16,63,-11,12,63,-10,3,71,-10,17,69,-13,16,70,-13,13,71,-14,23,95,0,25,86,-8,25,78,-13,27,70,-17,30,64,-21,12,82,-12,2,79,-16,-3,75,-19,-6,73,-20,8,88,-9,-1,85,-13,-5,82,-14,-8,79,-15,6,93,-7,-2,91,-10,-6,88,-11,-9,85,-11,6,97,-6,-1,95,-8,-5,93,-8,-8,91,-8,HELP
13,64,-1,14,54,-4,13,43,-6,10,34,-7,9,25,-9,2,44,-7,16,43,-11,16,46,-14,12,47,-16,0,53,-7,18,52,-11,16,54,-12,11,55,-13,2,62,-8,19,61,-11,17,63,-10,12,63,-10,4,71,-10,18,69,-13,17,70,-13,13,70,-13,24,96,0,26,87,-8,26,78,-13,28,70,-17,31,63,-21,11,81,-11,2,78,-16,-3,75,-19,-7,72,-21,8,88,-9,-1,85,-13,-6,81,-15,-10,77,-17,6,93,-8,-2,90,-11,-7,87,-12,-10,84,-13,6,97,-7,-1,95,-9,-5,93,-9,-9,90,-9,HELP
15,66,-1,16,55,-4,14,44,-6,12,35,-8,10,26,-10,3,44,-7,18,42,-11,19,46,-14,15,48,-17,2,53,-7,20,51,-11,18,54,-12,13,55,-13,3,62,-8,20,60,-11,18,63,-10,13,63,-9,5,71,-9,19,68,-12,18,70,-13,14,71,-13,26,95,0,28,86,-9,28,77,-14,30,68,-19,33,62,-23,11,79,-12,2,77,-17,-4,74,-20,-7,71,-22,8,86,-9,-1,85,-13,-6,82,-15,-9,79,-16,6,91,-7,-2,90,-10,-7,88,-12,-10,86,-13,6,95,-6,-1,95,-8,-5,94,-8,-8,92,-9,HELP
17,68,-1,18,56,-4,16,44,-5,13,35,-7,11,26,-8,4,44,-6,19,42,-10,19,46,-13,15,48,-15,3,53,-6,21,51,-10,19,55,-11,14,56,-12,4,61,-7,21,60,-10,20,63,-10,15,64,-9,7,70,-9,20,68,-12,20,70,-12,16,71,-13,26,95,0,29,86,-9,29,77,-15,31,69,-20,35,63,-25,12,78,-13,2,76,-18,-4,73,-22,-8,70,-24,8,85,-10,-2,83,-14,-7,81,-17,-10,78,-18,6,90,-8,-2,89,-11,-7,87,-13,-10,85,-14,6,94,-7,-1,95,-9,-6,93,-10,-8,92,-10,HELP
17,65,-1,19,54,-5,17,43,-7,14,34,-9,12,25,-10,6,45,-8,20,43,-12,20,46,-15,16,48,-18,5,54,-8,22,52,-12,20,54,-13,15,55,-15,6,63,-8,23,60,-12,21,63,-11,16,63,-11,9,71,-10,22,68,-13,21,69,-13,17,71,-14,28,94,0,30,85,-10,31,77,-17,33,69,-22,36,62,-27,13,78,-15,3,75,-20,-4,72,-24,-8,70,-26,10,85,-11,-1,82,-15,-6,79,-17,-9,76,-19,8,90,-9,-1,88,-12,-6,86,-13,-9,84,-14,8,93,-6,1,94,-8,-4,93,-9,-7,91,-10,HELP
19,64,-1,20,53,-4,18,42,-6,16,34,-8,14,25,-10,8,44,-8,22,42,-12,22,46,-14,18,48,-16,7,54,-8,24,51,-11,23,53,-12,18,54,-13,8,62,-8,25,60,-11,23,62,-10,18,62,-10,11,70,-10,24,68,-13,24,69,-13,20,70,-13,28,94,0,31,84,-11,33,76,-18,35,69,-23,37,63,-28,16,79,-16,5,76,-22,-2,73,-26,-6,70,-28,12,86,-13,1,84,-18,-5,80,-20,-7,77,-21,9,91,-10,0,90,-14,-5,87,-15,-7,84,-16,8,93,-7,1,93,-10,-4,91,-11,-6,88,-11,HELP
21,62,-1,21,52,-4,20,42,-6,18,34,-8,16,25,-10,10,43,-8,23,42,-12,23,45,-14,20,45,-16,8,52,-8,26,51,-11,24,52,-12,20,52,-13,10,61,-9,26,59,-12,25,60,-10,21,59,-10,12,69,-10,25,68,-13,26,67,-13,23,67,-13,30,95,0,33,86,-9,34,76,-15,37,67,-20,40,61,-25,18,79,-14,7,75,-20,0,72,-23,-5,69,-25,14,85,-12,3,82,-16,-3,78,-18,-7,74,-19,12,90,-9,2,88,-13,-3,84,-14,-7,81,-15,11,93,-8,3,91,-10,-2,89,-10,-5,86,-11,HELP
25,62,-1,26,51,-4,24,41,-7,21,33,-8,19,25,-10,13,43,-8,27,42,-12,27,44,-14,23,46,-16,12,53,-8,29,51,-11,28,52,-12,23,53,-13,14,61,-9,30,59,-11,28,60,-10,24,60,-10,17,69,-10,29,67,-13,28,67,-13,25,67,-13,34,95,0,37,85,-9,39,76,-16,41,68,-21,45,62,-26,23,78,-15,11,74,-21,3,73,-25,-3,71,-27,18,84,-13,7,81,-18,0,78,-21,-6,75,-23,16,90,-11,6,87,-15,0,85,-17,-5,83,-18,16,93,-10,8,93,-13,3,92,-14,-1,91,-15,HELP
26,61,-1,27,51,-4,25,41,-7,22,34,-8,20,25,-10,15,43,-8,29,43,-12,28,44,-15,24,44,-17,14,52,-8,32,52,-11,29,52,-12,24,53,-13,16,61,-9,32,60,-11,29,60,-10,25,60,-9,18,69,-10,31,68,-13,30,66,-13,26,66,-13,36,95,0,39,84,-12,40,75,-20,43,67,-26,48,61,-32,24,78,-20,12,74,-27,3,72,-32,-4,70,-35,19,85,-16,7,80,-22,-2,77,-26,-10,75,-28,17,90,-13,6,87,-18,-2,85,-20,-8,83,-21,16,93,-11,8,92,-14,2,91,-15,-2,91,-16,HELP
26,60,-1,26,51,-4,25,41,-7,22,34,-9,20,25,-10,15,43,-8,29,42,-12,28,44,-15,25,45,-17,14,52,-8,31,51,-11,29,52,-12,24,53,-13,16,61,-9,32,60,-11,30,60,-10,25,59,-9,19,69,-10,31,67,-13,30,66,-13,26,66,-13,37,95,0,40,84,-12,41,75,-20,44,67,-26,48,61,-32,24,78,-19,12,74,-26,4,72,-31,-3,70,-34,19,85,-15,8,81,-21,-1,78,-24,-7,76,-27,17,90,-12,7,87,-17,0,85,-19,-6,84,-20,17,93,-10,9,93,-13,3,92,-15,-1,91,-15,HELP
30,63,-1,30,53,-4,27,43,-6,24,34,-8,22,26,-9,17,43,-7,31,42,-11,31,45,-14,28,47,-16,16,52,-8,34,51,-11,32,53,-11,27,54,-12,18,61,-9,34,60,-11,33,61,-9,28,61,-9,20,69,-10,33,67,-13,33,67,-13,31,68,-12,37,95,0,41,85,-11,43,76,-19,46,68,-25,50,62,-31,25,77,-17,14,74,-24,6,72,-29,-1,71,-32,20,84,-15,9,80,-21,1,76,-24,-6,74,-27,18,89,-12,8,85,-17,1,83,-19,-5,81,-21,17,92,-10,10,90,-14,4,89,-15,0,87,-16,HELP
30,62,-1,31,52,-4,29,42,-6,26,34,-8,23,26,-9,19,43,-7,32,42,-11,32,45,-13,29,46,-15,18,52,-7,35,51,-10,33,53,-11,29,54,-12,19,60,-8,35,60,-11,34,61,-9,29,61,-9,22,68,-9,35,67,-12,35,67,-12,33,68,-12,39,96,0,43,85,-12,45,76,-19,48,68,-26,53,63,-32,28,78,-19,18,74,-27,9,72,-32,2,71,-35,23,85,-17,12,80,-23,2,77,-27,-6,75,-30,20,89,-14,10,86,-19,2,83,-22,-5,82,-24,19,92,-12,11,91,-15,5,90,-17,0,90,-18,HELP
32,64,-1,32,54,-4,30,44,-7,27,35,-9,25,26,-10,20,43,-7,34,43,-12,34,45,-15,32,45,-17,19,52,-8,37,52,-11,35,53,-12,31,53,-13,21,61,-9,37,60,-12,35,61,-10,31,61,-9,24,69,-10,36,68,-13,36,67,-13,33,67,-12,42,94,0,45,83,-11,46,74,-19,49,67,-25,54,63,-31,29,77,-18,18,74,-25,10,72,-30,3,71,-33,25,84,-16,12,80,-22,3,77,-26,-5,75,-29,22,89,-13,11,86,-18,3,84,-21,-4,83,-23,22,92,-11,14,92,-15,7,92,-17,2,91,-18,HELP
33,66,-1,34,55,-4,32,44,-6,29,35,-8,26,27,-9,22,43,-7,36,43,-11,37,45,-14,35,46,-16,21,52,-7,38,51,-10,38,53,-11,34,54,-12,22,61,-8,38,60,-11,37,62,-10,33,63,-10,25,70,-10,37,68,-13,37,69,-13,34,70,-13,41,95,0,46,85,-13,48,75,-22,52,67,-29,57,63,-37,32,79,-24,22,75,-33,14,73,-38,6,71,-42,26,85,-20,13,80,-29,3,74,-33,-6,70,-36,22,89,-17,10,84,-24,1,78,-28,-7,73,-30,21,91,-15,12,86,-19,5,82,-21,-1,77,-22,HELP
35,66,-1,36,54,-4,33,43,-6,31,35,-8,28,26,-9,23,44,-7,38,43,-12,42,45,-15,42,45,-17,23,53,-7,40,51,-11,44,53,-12,44,53,-13,24,61,-8,41,59,-12,43,60,-11,42,59,-11,27,69,-9,39,67,-12,41,68,-12,40,68,-12,42,95,0,47,85,-13,50,76,-22,54,68,-29,59,63,-37,34,79,-24,25,75,-33,17,72,-38,9,70,-42,28,85,-20,15,79,-29,5,74,-34,-4,70,-37,24,89,-17,13,83,-24,4,78,-28,-3,74,-30,22,91,-15,14,86,-20,7,82,-22,2,78,-23,HELP
37,65,-1,37,53,-4,35,43,-6,32,34,-8,30,26,-10,25,44,-7,39,43,-12,45,44,-16,47,44,-18,24,53,-7,41,51,-11,46,52,-13,48,51,-14,26,61,-8,41,59,-12,45,59,-12,46,58,-11,29,69,-9,41,67,-12,44,66,-12,45,65,-12,43,96,0,49,85,-12,52,76,-20,55,68,-27,60,64,-34,36,79,-21,26,75,-29,19,72,-34,11,70,-38,30,85,-18,18,79,-26,9,75,-30,1,71,-33,27,89,-16,16,83,-22,8,78,-25,1,74,-27,25,91,-14,17,86,-18,10,82,-20,5,78,-22,HELP
40,63,-1,40,52,-5,36,42,-7,33,34,-9,31,26,-11,27,43,-8,41,43,-14,45,44,-17,46,44,-19,26,52,-8,43,51,-12,46,52,-14,46,53,-15,28,61,-9,44,59,-13,46,59,-12,44,59,-12,31,69,-9,43,67,-13,45,66,-13,44,66,-13,45,95,0,50,85,-11,52,76,-18,56,68,-24,62,63,-29,37,78,-18,28,74,-24,21,72,-28,14,70,-31,32,84,-15,21,79,-21,13,74,-24,5,71,-27,28,88,-13,18,83,-18,11,79,-20,5,75,-22,26,91,-11,18,87,-15,12,84,-17,7,81,-18,HELP
42,64,-1,41,53,-4,38,43,-7,35,35,-8,32,26,-10,29,43,-7,42,42,-12,45,44,-15,44,45,-17,28,52,-8,46,51,-11,47,53,-12,44,54,-13,30,60,-8,46,59,-11,46,60,-10,43,60,-10,33,69,-9,44,67,-12,46,67,-12,44,66,-12,45,95,0,51,86,-11,54,77,-19,58,69,-25,64,64,-32,40,78,-20,31,74,-28,24,72,-33,18,71,-36,33,84,-17,23,79,-24,15,75,-28,8,71,-30,29,87,-15,19,82,-20,12,78,-23,6,74,-25,27,89,-13,19,85,-16,14,82,-18,9,79,-19,HELP
41,63,-1,41,53,-4,38,43,-6,36,35,-8,34,26,-10,30,43,-7,44,42,-12,45,44,-15,43,45,-17,29,52,-7,47,50,-11,47,52,-12,43,53,-13,31,60,-8,47,59,-11,47,60,-10,42,59,-9,34,69,-9,47,67,-12,47,66,-12,45,65,-12,48,95,0,53,86,-10,55,75,-17,59,65,-22,66,59,-28,42,79,-18,33,74,-24,26,71,-28,19,70,-31,35,84,-15,25,79,-21,18,74,-25,11,70,-27,31,88,-13,21,82,-18,15,78,-21,9,74,-22,28,90,-12,21,86,-15,15,83,-17,10,80,-18,HELP
47,70,-1,45,58,-4,42,45,-6,39,36,-8,36,26,-10,33,44,-8,47,40,-13,47,46,-16,43,49,-18,32,53,-9,49,50,-13,48,55,-14,43,56,-15,35,62,-10,48,59,-14,47,63,-12,44,64,-11,38,71,-11,40,70,-16,33,71,-16,26,72,-17,50,95,0,56,85,-11,59,76,-18,63,67,-24,70,61,-30,45,78,-18,37,74,-25,30,72,-30,23,70,-33,38,83,-16,29,79,-22,21,74,-25,15,71,-27,33,87,-13,25,82,-19,19,78,-21,13,74,-23,31,89,-12,24,85,-15,19,82,-17,15,79,-18,HELP
46,73,-1,45,60,-3,42,47,-6,39,37,-7,36,27,-8,32,44,-7,47,41,-11,47,47,-14,42,51,-16,32,53,-7,49,49,-11,47,55,-12,43,57,-14,34,62,-8,48,58,-12,46,63,-11,43,65,-11,37,72,-10,39,70,-14,32,71,-15,25,72,-16,50,94,0,55,84,-10,59,75,-18,63,65,-24,70,59,-30,46,79,-19,38,74,-27,30,72,-31,24,70,-34,39,84,-17,29,79,-24,22,75,-27,15,71,-29,35,88,-15,26,83,-21,19,79,-23,13,75,-25,32,90,-13,25,86,-17,19,83,-19,14,79,-20,HELP
47,73,-1,46,60,-3,43,47,-6,40,36,-7,37,26,-9,33,44,-7,49,41,-12,48,47,-14,43,51,-16,33,52,-8,50,49,-12,49,56,-12,44,58,-13,35,61,-9,49,58,-13,48,62,-12,44,65,-12,38,70,-11,39,69,-14,32,71,-16,25,72,-16,51,94,0,57,85,-11,60,76,-18,64,67,-24,72,60,-30,47,78,-19,39,74,-26,32,72,-30,25,70,-33,39,83,-16,31,78,-22,24,74,-25,17,71,-27,34,86,-14,26,82,-19,21,78,-21,15,75,-23,32,89,-12,25,85,-16,20,82,-17,15,79,-18,HELP
47,72,-1,46,59,-3,44,46,-6,41,36,-8,38,26,-10,35,44,-8,50,41,-12,50,47,-15,45,51,-16,34,52,-9,52,49,-12,50,56,-12,45,58,-13,36,62,-10,50,58,-14,49,62,-12,45,64,-12,39,71,-12,40,69,-16,33,71,-16,26,72,-17,53,94,0,59,85,-10,62,76,-18,66,67,-24,73,60,-29,49,78,-19,41,74,-26,34,72,-31,27,70,-33,42,83,-17,33,78,-23,26,74,-25,20,71,-27,37,87,-14,29,82,-19,23,78,-21,17,75,-22,34,89,-12,28,86,-16,23,83,-17,18,80,-18,HELP
47,71,-1,46,57,-3,44,45,-6,42,36,-8,39,26,-10,36,44,-9,52,40,-13,51,45,-15,47,49,-17,36,52,-10,53,49,-13,52,54,-14,47,56,-15,37,62,-11,51,58,-15,50,61,-14,47,63,-13,40,71,-12,41,70,-16,34,70,-17,27,70,-18,53,94,0,59,85,-9,63,75,-16,67,68,-21,75,63,-26,50,78,-17,42,74,-23,36,72,-27,29,70,-29,43,82,-15,34,78,-20,28,74,-22,21,71,-24,38,86,-13,30,82,-17,25,78,-19,20,75,-20,35,89,-11,29,85,-14,24,82,-16,20,79,-16,HELP
47,70,-1,46,57,-4,45,45,-7,43,36,-10,40,26,-13,37,44,-11,53,40,-15,53,45,-17,48,48,-18,37,53,-12,54,49,-15,53,54,-15,48,56,-15,39,62,-12,52,58,-16,52,61,-15,49,63,-14,41,70,-13,43,69,-18,37,70,-18,31,70,-19,54,92,0,60,83,-8,64,75,-15,70,67,-20,77,63,-25,52,78,-16,44,74,-22,38,72,-26,31,70,-29,45,83,-14,36,79,-20,29,75,-22,23,72,-24,41,86,-13,32,83,-17,27,79,-19,22,76,-20,38,89,-12,31,85,-15,26,82,-16,22,79,-16,HELP
49,69,-1,49,57,-4,47,45,-7,45,35,-9,41,26,-12,39,43,-10,55,40,-14,54,45,-16,49,49,-17,38,52,-11,55,49,-14,54,54,-14,49,56,-15,40,62,-11,53,58,-15,52,61,-14,49,63,-13,42,71,-13,44,69,-17,37,70,-18,31,70,-18,55,92,0,61,84,-9,65,75,-16,70,67,-21,78,62,-27,53,78,-17,45,74,-24,39,71,-28,32,69,-30,46,83,-15,37,78,-21,31,74,-23,25,71,-25,41,86,-13,34,82,-18,28,78,-20,23,74,-21,38,89,-12,32,85,-15,28,82,-16,24,79,-17,HELP
53,69,-1,51,57,-3,48,45,-6,46,35,-8,43,25,-10,40,43,-9,55,40,-13,54,45,-15,49,48,-17,40,51,-10,56,48,-13,54,53,-14,49,55,-15,41,61,-10,54,57,-14,53,61,-13,50,63,-13,44,69,-11,44,68,-16,36,69,-17,29,70,-18,56,92,0,62,83,-9,66,74,-15,72,66,-20,79,62,-26,55,78,-18,47,73,-24,41,71,-28,35,68,-30,48,83,-16,39,78,-21,33,74,-23,27,71,-25,43,86,-14,35,82,-18,30,78,-20,25,75,-21,40,88,-12,34,84,-15,29,81,-16,26,78,-17,HELP
53,69,-1,52,56,-3,49,45,-6,47,35,-8,44,26,-10,41,43,-8,57,39,-12,55,45,-15,50,48,-17,41,51,-9,58,48,-13,55,52,-14,51,55,-15,43,61,-10,56,56,-13,54,59,-13,51,61,-13,46,69,-11,47,68,-15,40,69,-16,33,70,-17,58,92,0,64,83,-8,68,74,-14,73,66,-19,81,62,-24,56,77,-15,49,72,-21,42,70,-25,36,68,-27,49,82,-13,41,77,-18,35,73,-21,29,70,-23,45,85,-12,37,81,-16,32,78,-18,27,75,-19,42,88,-11,35,84,-14,31,81,-15,28,78,-16,HELP
54,67,-1,53,56,-4,50,44,-7,48,35,-9,45,26,-11,42,43,-10,57,39,-14,56,44,-17,51,48,-19,42,52,-11,59,47,-14,56,52,-14,51,54,-16,44,61,-11,57,56,-15,55,59,-14,52,62,-13,48,70,-13,49,67,-17,43,68,-18,36,69,-19,59,92,0,65,83,-8,69,73,-14,75,66,-18,82,62,-23,57,77,-15,51,72,-20,45,69,-23,39,67,-25,50,81,-13,42,77,-18,37,73,-20,31,69,-22,45,85,-11,38,80,-15,34,76,-17,30,72,-18,42,87,-11,36,83,-13,33,80,-14,29,77,-15,HELP
55,68,-1,53,56,-4,51,44,-6,49,34,-9,46,25,-11,44,42,-8,58,39,-12,57,44,-15,52,48,-17,44,51,-9,59,47,-13,57,52,-14,52,54,-15,45,60,-10,57,56,-13,56,59,-12,53,61,-12,48,68,-11,48,67,-15,40,68,-16,33,68,-17,61,91,0,66,81,-7,70,72,-12,76,66,-17,84,62,-21,58,75,-13,51,71,-18,44,68,-22,38,66,-24,52,80,-12,44,75,-16,38,72,-17,33,68,-19,47,84,-10,40,80,-13,36,76,-14,32,73,-15,44,87,-10,39,83,-12,35,81,-12,32,77,-13,HELP
54,66,-1,53,55,-4,51,43,-7,50,34,-9,48,24,-12,43,42,-10,59,38,-15,58,43,-17,53,47,-19,43,50,-11,60,46,-15,58,52,-17,53,54,-18,45,59,-12,59,54,-16,58,59,-16,54,61,-15,48,68,-13,51,66,-17,45,67,-19,39,67,-19,61,90,0,67,81,-7,71,72,-13,77,65,-17,85,61,-22,60,75,-14,53,71,-19,48,68,-23,42,66,-25,53,80,-12,46,75,-17,40,71,-19,35,68,-21,48,83,-11,41,79,-15,38,75,-16,34,72,-17,44,85,-10,39,81,-13,36,79,-13,33,75,-14,HELP
57,64,-1,56,53,-4,54,42,-7,52,34,-10,49,24,-13,47,43,-12,60,37,-17,59,40,-20,55,43,-22,47,51,-13,62,45,-18,60,49,-18,56,52,-19,48,59,-14,60,53,-19,59,57,-17,56,60,-17,51,67,-15,53,65,-20,47,65,-21,42,66,-22,64,91,0,69,81,-7,74,71,-12,80,64,-16,88,60,-20,64,76,-13,58,70,-18,53,67,-22,47,64,-24,57,81,-12,50,75,-16,44,70,-19,39,66,-20,52,85,-11,45,78,-14,41,74,-16,37,69,-17,48,87,-11,43,82,-13,39,79,-13,37,75,-14,HELP
60,65,-1,58,54,-4,55,42,-7,52,33,-10,49,24,-12,47,41,-10,61,37,-14,60,42,-17,55,45,-18,46,50,-11,62,45,-15,61,50,-15,56,52,-16,48,58,-12,61,53,-16,60,57,-14,58,60,-14,51,66,-13,52,64,-17,46,64,-18,40,64,-19,63,91,0,69,81,-7,74,71,-12,80,63,-16,87,60,-21,64,75,-13,57,70,-18,52,66,-22,46,64,-24,57,80,-12,49,74,-16,44,70,-18,39,66,-20,52,84,-11,45,78,-14,41,74,-15,37,70,-16,48,87,-10,43,82,-12,39,79,-13,37,75,-14,HELP
58,60,-1,58,50,-3,57,40,-6,56,31,-8,53,23,-10,52,42,-8,65,39,-11,64,42,-14,60,45,-16,52,50,-8,67,46,-11,64,50,-12,60,52,-14,53,58,-9,66,54,-12,63,57,-11,59,58,-11,55,65,-10,61,63,-13,57,64,-13,53,65,-13,68,89,0,74,79,-6,78,70,-11,85,63,-15,92,60,-20,69,75,-13,63,69,-17,58,66,-20,53,63,-22,62,80,-12,55,74,-16,50,69,-17,45,65,-19,56,84,-11,50,78,-14,47,74,-15,43,70,-15,53,86,-11,47,82,-12,45,78,-13,42,75,-13,HELP
59,61,-1,58,50,-3,58,40,-5,56,32,-7,54,24,-8,53,41,-7,67,38,-10,65,42,-12,61,44,-14,53,50,-7,69,47,-10,66,50,-11,61,51,-12,55,58,-8,68,55,-11,65,57,-10,62,58,-10,57,65,-9,65,64,-12,62,65,-12,58,67,-12,69,89,0,75,80,-6,79,70,-11,86,64,-15,93,61,-19,70,75,-12,65,70,-17,60,67,-20,55,64,-22,64,80,-11,57,74,-15,52,69,-17,47,65,-19,58,84,-11,52,78,-14,48,74,-15,45,69,-15,55,87,-10,49,82,-12,46,79,-13,44,75,-13,HELP
61,64,-1,59,53,-3,58,41,-5,57,32,-7,56,24,-9,53,42,-7,68,38,-11,67,42,-13,61,45,-15,54,50,-8,70,47,-11,67,50,-12,62,51,-13,56,58,-9,70,55,-12,66,57,-11,62,58,-11,58,66,-11,66,64,-14,62,65,-14,57,65,-15,70,89,0,76,79,-6,80,70,-10,86,64,-14,94,61,-19,72,75,-12,67,70,-17,62,67,-20,57,64,-23,65,80,-11,58,74,-16,53,70,-18,49,65,-19,60,84,-11,54,78,-14,50,74,-16,46,69,-17,56,87,-11,51,83,-13,48,79,-14,45,75,-15,HELP
63,69,-1,61,56,-3,59,43,-5,58,33,-6,57,25,-8,54,43,-7,69,38,-11,68,43,-13,62,46,-14,55,51,-8,71,46,-11,68,51,-12,64,53,-13,58,59,-9,71,55,-13,68,58,-12,64,60,-12,61,67,-11,68,65,-14,64,66,-14,60,67,-15,71,90,0,77,81,-6,82,71,-10,87,64,-14,94,62,-18,73,76,-11,69,71,-16,64,68,-19,60,65,-21,66,80,-10,60,75,-14,55,70,-16,51,66,-18,60,84,-10,55,79,-13,51,75,-14,48,70,-15,57,86,-10,52,82,-12,49,79,-13,46,74,-13,HELP
65,69,-1,62,56,-3,60,43,-4,58,33,-6,57,25,-7,55,42,-6,70,39,-9,69,44,-11,64,46,-13,57,50,-7,72,47,-10,69,51,-11,65,53,-11,59,58,-8,72,55,-11,68,59,-11,65,60,-11,62,66,-10,69,65,-13,65,66,-14,60,67,-14,73,91,0,79,81,-6,83,71,-10,89,64,-14,96,62,-18,74,76,-11,70,71,-16,65,68,-20,60,65,-22,67,81,-11,61,75,-15,56,71,-17,52,66,-19,62,85,-11,56,80,-14,52,75,-15,49,70,-16,58,88,-11,53,83,-13,50,79,-13,47,75,-14,HELP
65,69,-1,62,56,-2,60,43,-4,59,34,-6,58,25,-7,56,42,-6,71,39,-9,69,43,-11,64,45,-13,58,50,-7,73,47,-10,70,51,-11,65,52,-12,61,58,-8,73,55,-11,69,59,-11,65,60,-11,64,66,-10,70,65,-13,67,66,-14,62,67,-14,74,92,0,80,82,-5,84,72,-9,90,65,-13,97,62,-16,76,77,-10,71,72,-14,67,68,-18,62,65,-20,69,82,-10,63,76,-14,58,71,-16,54,67,-17,64,85,-9,58,80,-13,54,75,-14,50,71,-15,60,88,-10,55,83,-12,52,80,-13,49,76,-13,HELP
63,68,-1,62,55,-2,61,43,-4,60,33,-6,59,24,-7,58,42,-5,73,40,-9,71,44,-11,66,46,-12,59,50,-6,74,48,-9,71,52,-10,67,53,-11,61,59,-8,75,56,-11,72,60,-10,68,60,-10,63,66,-9,74,65,-12,71,67,-12,66,68,-13,74,92,0,80,82,-5,85,73,-9,91,66,-12,98,63,-16,77,76,-10,73,72,-14,68,68,-17,64,65,-19,70,81,-9,64,76,-13,59,71,-15,55,67,-17,64,84,-9,59,80,-12,55,76,-14,52,71,-15,61,87,-10,56,83,-11,53,80,-12,50,76,-13,HELP
63,71,-1,61,58,-2,61,44,-3,62,34,-5,61,25,-6,59,43,-5,73,39,-9,73,44,-10,68,46,-11,61,51,-6,76,48,-9,73,52,-9,69,53,-10,63,59,-8,76,56,-11,73,60,-10,69,61,-10,66,67,-10,75,65,-12,72,67,-12,68,69,-11,76,92,0,82,83,-5,86,73,-8,92,66,-11,100,63,-15,78,77,-10,74,72,-14,70,68,-17,65,65,-19,71,82,-9,65,76,-13,61,71,-15,57,67,-17,66,85,-9,60,80,-12,57,76,-13,53,72,-14,62,88,-10,57,83,-12,54,80,-12,52,77,-13,HELP
63,70,-1,61,57,-2,62,44,-4,63,34,-5,62,25,-6,60,43,-5,75,40,-9,73,44,-11,69,45,-12,62,51,-6,77,48,-10,74,52,-10,69,53,-11,64,60,-8,77,57,-11,74,60,-10,69,61,-10,67,67,-9,76,66,-11,73,68,-11,69,68,-11,78,92,0,83,82,-4,88,72,-8,94,66,-11,102,64,-14,80,78,-9,76,72,-13,71,68,-16,67,65,-18,73,82,-9,67,75,-13,62,70,-14,58,66,-16,67,86,-9,62,80,-12,58,76,-13,55,71,-14,63,89,-10,59,84,-11,56,80,-12,54,76,-12,HELP
60,70,-1,60,57,-2,62,44,-3,63,34,-5,62,25,-6,62,43,-5,76,40,-9,75,45,-11,70,46,-12,63,50,-7,78,48,-10,75,52,-10,71,53,-10,65,59,-8,78,56,-11,75,60,-10,71,60,-10,67,66,-10,77,65,-12,74,67,-11,69,68,-11,79,92,0,84,82,-4,89,72,-8,95,66,-11,103,63,-15,81,76,-9,77,71,-14,73,68,-16,68,65,-19,74,81,-9,68,75,-13,64,70,-15,60,66,-17,69,85,-10,64,80,-13,60,76,-13,57,72,-14,66,89,-10,61,84,-12,57,81,-12,55,77,-13,HELP
59,69,-1,59,57,-3,62,44,-4,64,34,-6,64,25,-6,63,43,-6,77,40,-10,75,45,-12,70,46,-13,64,50,-7,79,49,-10,76,53,-10,71,53,-10,66,58,-9,79,57,-11,75,60,-10,71,60,-9,68,65,-10,78,64,-11,75,66,-10,70,67,-10,79,92,0,85,83,-5,90,73,-8,96,66,-12,105,63,-15,83,78,-11,79,72,-15,75,68,-18,71,65,-20,75,82,-11,70,76,-15,66,71,-16,62,66,-18,70,86,-10,65,80,-14,61,76,-15,58,71,-16,66,89,-11,61,84,-13,58,81,-14,56,77,-15,HELP
59,67,-1,60,57,-3,63,43,-5,65,33,-7,64,25,-8,64,42,-8,78,40,-12,76,44,-14,72,46,-14,65,50,-9,80,48,-12,77,52,-12,72,53,-11,67,58,-10,80,57,-12,77,60,-10,72,60,-9,69,65,-11,79,64,-12,76,66,-11,72,67,-10,80,93,0,86,83,-5,91,73,-8,98,66,-12,106,63,-15,83,79,-11,80,72,-16,76,68,-19,72,64,-21,76,83,-11,71,75,-15,67,70,-17,63,65,-19,71,86,-11,66,80,-14,62,75,-15,59,71,-16,67,89,-11,63,84,-13,60,80,-14,57,76,-14,HELP
60,67,-1,60,56,-3,64,42,-5,66,33,-6,65,24,-8,65,42,-8,78,40,-12,77,44,-13,72,46,-13,66,50,-9,80,48,-12,77,52,-11,73,53,-11,68,58,-10,81,57,-12,77,59,-10,73,60,-8,70,66,-11,80,64,-12,76,66,-10,72,67,-9,80,90,0,86,82,-5,91,72,-9,99,67,-12,106,64,-15,84,79,-11,81,73,-16,78,69,-19,73,65,-21,77,83,-11,72,76,-15,68,71,-16,64,66,-18,71,86,-10,66,81,-14,63,76,-15,60,72,-16,67,88,-11,63,83,-13,60,80,-13,58,76,-14,HELP
60,66,-1,60,56,-3,64,42,-5,66,32,-7,65,24,-8,66,42,-8,79,40,-12,77,44,-13,73,46,-14,67,50,-9,81,48,-12,78,52,-11,73,53,-11,68,58,-10,81,57,-12,78,59,-10,73,60,-8,70,66,-11,80,64,-12,77,66,-10,73,66,-9,80,90,0,86,82,-5,91,72,-8,99,66,-12,107,64,-15,84,78,-11,82,72,-16,79,68,-19,75,65,-21,77,82,-11,73,75,-15,69,70,-17,65,65,-18,72,86,-11,67,80,-14,64,75,-15,61,70,-15,68,88,-11,64,84,-13,61,80,-14,58,75,-14,HELP
60,66,-1,61,55,-2,64,42,-5,66,32,-7,65,24,-9,65,42,-9,79,40,-13,78,44,-14,73,46,-14,67,50,-10,81,48,-13,79,52,-12,73,53,-12,68,58,-11,82,56,-13,78,59,-11,74,60,-9,70,66,-12,80,65,-13,77,66,-12,73,67,-11,81,92,0,86,83,-4,91,74,-7,96,67,-10,101,63,-13,84,79,-10,82,72,-15,78,68,-17,74,64,-19,77,83,-10,73,75,-14,69,70,-15,66,65,-17,71,86,-10,67,80,-13,64,75,-13,61,70,-14,67,88,-10,63,83,-12,60,79,-12,59,75,-13,HELP
60,66,-1,61,55,-3,65,42,-5,67,32,-7,65,24,-9,65,42,-9,79,40,-13,78,44,-14,73,46,-14,67,50,-10,82,48,-13,79,52,-12,73,53,-12,69,59,-11,82,57,-13,78,59,-11,74,60,-9,71,66,-12,81,65,-13,78,66,-11,73,67,-10,80,91,0,86,83,-5,91,72,-9,98,66,-12,107,64,-16,85,79,-12,82,72,-17,79,69,-20,75,65,-22,78,83,-12,73,76,-16,69,70,-18,66,65,-20,72,86,-12,68,80,-15,64,75,-16,61,70,-17,68,89,-12,64,84,-14,61,80,-15,59,75,-16,HELP
60,66,-1,60,55,-3,64,42,-5,66,33,-7,65,24,-9,65,42,-9,79,40,-13,78,44,-14,73,45,-14,67,50,-10,82,48,-13,79,52,-12,73,53,-12,69,59,-11,82,57,-13,78,59,-11,74,60,-9,71,66,-12,80,65,-13,77,67,-12,73,67,-10,80,92,0,86,84,-5,91,74,-9,98,67,-12,106,64,-15,84,79,-11,82,72,-16,78,68,-19,74,65,-21,77,83,-11,73,75,-15,69,70,-17,65,66,-18,71,86,-11,67,80,-13,64,75,-14,61,71,-15,67,88,-11,63,83,-12,60,80,-13,58,76,-14,HELP
60,66,-1,61,55,-2,64,42,-5,66,33,-7,65,24,-9,65,42,-9,79,40,-13,78,44,-14,73,45,-14,66,50,-10,81,48,-13,79,52,-12,73,53,-11,68,59,-11,81,57,-13,78,59,-10,73,60,-9,70,66,-12,80,65,-13,77,66,-11,73,67,-10,80,91,0,86,83,-5,91,73,-9,98,67,-13,106,64,-16,84,79,-12,82,72,-17,79,68,-20,75,65,-23,77,82,-12,73,75,-16,69,69,-18,66,65,-20,71,85,-11,67,79,-14,64,75,-15,61,70,-16,67,88,-11,63,83,-13,61,79,-14,58,75,-15,HELP
60,66,-1,60,55,-3,64,42,-5,66,32,-7,65,24,-9,65,42,-9,79,40,-13,77,44,-14,73,45,-14,66,50,-10,81,48,-13,78,52,-12,73,53,-12,68,58,-11,81,57,-13,78,59,-10,73,60,-9,70,66,-12,79,64,-13,77,66,-11,72,66,-10,80,91,0,86,82,-4,90,73,-8,97,67,-11,103,64,-14,84,78,-10,81,72,-14,77,68,-17,73,64,-19,77,82,-10,72,75,-14,68,70,-15,64,65,-17,71,85,-10,67,80,-13,63,75,-14,60,71,-14,67,88,-10,63,84,-12,60,80,-13,58,76,-13,HELP
59,66,-1,60,56,-2,63,43,-5,65,33,-7,65,25,-8,64,42,-8,78,40,-12,76,44,-14,72,46,-14,66,50,-9,80,48,-12,77,52,-12,72,53,-11,67,58,-10,80,56,-12,77,59,-10,72,60,-8,69,65,-11,79,64,-12,76,66,-11,71,66,-9,80,92,0,85,84,-5,90,73,-9,96,66,-12,104,62,-15,83,79,-12,81,72,-17,77,67,-20,73,63,-22,76,83,-12,71,75,-16,67,70,-18,64,65,-19,71,86,-11,66,80,-14,62,75,-15,59,71,-16,67,88,-11,62,83,-13,59,80,-14,56,75,-15,HELP
58,66,-1,59,55,-2,63,42,-5,65,32,-7,64,24,-8,63,42,-8,77,39,-12,75,44,-14,71,45,-14,64,50,-9,79,48,-12,76,51,-12,71,52,-11,66,58,-10,79,56,-12,76,58,-10,72,59,-8,68,65,-11,78,63,-12,76,65,-10,71,66,-9,79,93,0,84,83,-5,88,73,-8,94,65,-11,101,62,-14,82,77,-10,78,71,-14,74,67,-17,70,63,-19,75,82,-10,70,74,-14,66,70,-15,62,65,-17,70,85,-10,65,79,-13,61,75,-13,58,71,-14,66,88,-10,62,83,-12,58,80,-12,56,76,-13,HELP
58,65,-1,59,55,-2,62,42,-4,64,32,-6,63,24,-8,62,42,-8,76,39,-12,74,43,-13,70,45,-13,64,49,-9,78,47,-12,75,51,-11,70,52,-11,65,57,-10,78,55,-12,75,58,-10,70,59,-8,68,64,-11,77,62,-12,74,64,-10,70,65,-9,78,90,0,83,82,-4,87,73,-8,92,66,-10,98,63,-14,80,77,-9,77,70,-13,73,66,-16,69,62,-18,74,81,-9,68,74,-13,64,69,-14,61,64,-16,69,84,-9,63,79,-12,60,74,-13,57,70,-14,65,87,-9,60,82,-12,57,79,-12,55,75,-13,HELP
57,63,-1,58,53,-2,61,41,-4,63,32,-6,62,24,-8,62,41,-8,75,38,-12,73,42,-13,69,44,-13,63,48,-9,77,47,-12,73,50,-11,69,51,-11,64,56,-10,77,55,-12,73,57,-10,69,58,-9,66,62,-11,76,62,-12,73,63,-11,68,64,-10,76,90,0,82,82,-4,86,71,-7,92,65,-10,99,61,-13,79,75,-9,75,69,-13,71,66,-15,67,62,-17,72,78,-9,67,73,-12,63,68,-14,59,63,-16,67,82,-9,62,77,-12,58,73,-13,55,69,-13,64,85,-9,59,81,-11,56,78,-12,53,74,-12,HELP
56,62,-1,57,52,-2,60,40,-4,62,31,-6,61,23,-8,61,40,-8,74,37,-12,72,42,-13,68,43,-13,62,47,-9,75,45,-12,72,49,-11,68,50,-11,63,55,-10,75,53,-12,72,56,-10,68,57,-9,65,62,-11,74,61,-13,71,63,-11,67,63,-10,75,91,0,81,82,-5,85,71,-8,91,64,-11,98,60,-14,77,75,-9,74,69,-13,70,65,-15,66,60,-17,71,79,-9,65,72,-12,61,67,-14,57,62,-15,65,82,-9,60,76,-11,56,72,-12,53,67,-13,62,85,-9,57,80,-11,54,77,-11,52,72,-12,HELP
54,62,-1,55,52,-2,59,40,-4,60,31,-6,60,23,-7,59,39,-7,72,37,-11,70,42,-13,66,43,-13,60,47,-8,74,45,-12,71,49,-11,66,50,-10,62,54,-10,74,53,-12,71,56,-10,66,56,-8,64,61,-11,73,60,-12,70,62,-10,66,62,-9,74,89,0,79,80,-5,84,70,-8,89,62,-11,96,58,-14,76,74,-9,73,68,-13,68,64,-16,64,60,-18,69,77,-9,63,71,-13,59,65,-14,55,60,-16,64,81,-9,58,75,-12,55,71,-13,51,66,-13,60,83,-9,55,79,-11,52,76,-11,50,72,-12,HELP
54,61,-1,54,51,-2,57,39,-4,59,30,-6,58,22,-8,58,39,-8,71,36,-13,69,40,-13,65,42,-14,59,46,-9,72,44,-13,69,47,-12,65,49,-11,60,54,-11,73,52,-13,69,54,-11,65,55,-9,62,61,-12,71,59,-13,68,61,-12,64,61,-10,72,89,0,78,79,-5,82,69,-8,87,61,-11,95,57,-14,74,73,-9,70,66,-12,66,62,-15,62,59,-17,67,77,-9,61,70,-12,57,65,-14,53,60,-15,62,81,-9,56,75,-12,52,70,-12,49,66,-13,59,84,-9,54,79,-11,50,75,-11,47,71,-12,HELP
52,60,-1,53,51,-2,56,38,-4,57,30,-6,57,22,-8,56,38,-8,69,35,-12,67,40,-13,63,41,-13,56,45,-9,71,44,-12,68,47,-12,63,48,-11,58,53,-10,71,52,-13,68,54,-11,63,54,-9,59,60,-11,69,59,-13,66,60,-11,62,60,-10,71,90,0,76,79,-5,80,69,-8,86,61,-11,93,57,-14,71,71,-8,67,64,-11,62,61,-14,58,58,-16,65,75,-8,59,69,-11,54,64,-13,50,59,-15,60,80,-8,54,73,-11,50,70,-12,47,65,-12,57,83,-8,52,78,-10,48,74,-11,45,70,-11,HELP
49,59,-1,51,50,-3,54,38,-5,56,29,-6,56,22,-7,54,37,-7,67,36,-11,66,40,-13,61,41,-13,55,45,-8,69,44,-12,66,47,-11,61,47,-11,56,52,-9,68,52,-12,65,54,-10,61,54,-9,57,59,-10,66,59,-12,64,60,-11,60,59,-10,69,88,0,74,78,-5,78,68,-8,84,60,-11,92,56,-15,69,71,-9,64,64,-12,59,60,-15,55,57,-17,63,76,-9,56,68,-12,51,63,-14,47,58,-16,59,80,-9,53,73,-11,48,69,-12,44,64,-13,55,83,-9,50,77,-11,47,74,-11,43,70,-12,HELP
48,59,-1,49,50,-2,53,38,-4,55,29,-6,54,22,-7,53,37,-7,66,36,-11,64,40,-13,60,41,-13,54,44,-8,67,44,-12,64,47,-11,59,48,-11,55,52,-9,66,52,-12,63,54,-10,59,54,-9,56,59,-11,64,59,-12,61,60,-11,56,60,-10,67,87,0,72,77,-5,77,67,-9,82,60,-12,89,56,-15,66,69,-9,61,63,-12,57,59,-15,52,56,-17,60,74,-8,54,67,-12,49,63,-13,44,59,-15,56,78,-8,50,72,-11,46,68,-12,42,64,-13,52,81,-8,47,76,-10,44,73,-11,41,70,-11,HELP
45,59,-1,46,50,-2,50,38,-4,53,29,-6,52,22,-7,51,37,-7,64,35,-11,62,40,-12,58,41,-13,52,44,-8,66,43,-12,63,47,-11,58,47,-11,53,52,-10,65,51,-12,63,54,-10,59,54,-9,54,59,-11,64,58,-12,62,60,-11,59,60,-10,65,87,0,71,77,-5,75,66,-9,81,59,-12,87,55,-16,65,69,-10,59,63,-13,54,59,-16,50,56,-18,59,74,-9,52,68,-13,46,63,-14,42,60,-16,54,78,-9,47,72,-11,43,68,-12,39,64,-13,50,81,-8,45,76,-10,42,73,-11,39,70,-11,HELP
43,60,-1,44,51,-2,49,39,-4,52,29,-6,51,21,-7,49,38,-7,62,35,-12,60,39,-13,56,41,-13,50,45,-9,64,43,-12,60,47,-12,55,48,-11,52,52,-10,64,51,-13,60,54,-11,56,55,-9,53,60,-12,62,58,-13,59,60,-12,55,60,-11,63,88,0,69,78,-6,73,67,-10,79,59,-13,85,55,-17,63,70,-10,57,63,-15,52,59,-17,47,57,-19,56,74,-10,49,68,-13,44,64,-15,39,60,-17,51,78,-9,45,72,-12,41,68,-13,37,65,-14,48,81,-9,43,76,-11,40,74,-11,36,71,-12,HELP
42,61,-1,43,51,-2,48,39,-4,50,30,-6,49,22,-8,48,38,-7,60,36,-11,58,40,-13,55,42,-13,48,45,-8,62,43,-12,59,47,-11,55,48,-11,50,52,-10,62,51,-12,59,54,-10,55,55,-8,51,59,-12,61,57,-12,59,60,-10,55,61,-9,61,87,0,67,78,-5,71,67,-9,77,59,-13,84,55,-16,60,70,-10,55,63,-14,50,60,-17,45,57,-19,54,74,-9,47,68,-13,42,63,-14,38,60,-16,48,78,-9,43,72,-11,39,68,-12,36,64,-13,45,80,-8,40,76,-10,38,73,-10,35,70,-11,HELP
42,61,-1,43,51,-2,47,39,-5,49,30,-7,48,22,-8,46,38,-8,59,36,-12,58,41,-14,54,42,-14,47,45,-9,61,44,-12,58,48,-12,54,49,-11,48,53,-10,61,52,-13,58,55,-11,54,55,-9,50,60,-12,59,58,-13,57,61,-11,53,61,-10,60,89,0,66,78,-6,70,67,-10,75,60,-13,82,56,-17,59,70,-11,53,63,-15,48,60,-18,43,57,-20,53,75,-10,46,68,-14,41,64,-15,36,60,-17,48,78,-9,42,73,-12,38,68,-13,34,64,-14,45,82,-9,39,76,-11,36,73,-11,34,69,-11,HELP
40,60,-1,41,51,-3,45,39,-5,48,30,-7,47,22,-8,45,38,-8,58,37,-12,57,42,-14,52,43,-14,46,46,-9,60,45,-12,57,49,-12,52,49,-11,47,53,-10,59,53,-12,57,56,-11,52,56,-9,48,61,-11,57,60,-13,55,62,-11,51,62,-10,59,89,0,65,79,-6,68,68,-10,74,60,-13,81,56,-17,57,70,-10,51,64,-14,45,60,-17,40,58,-19,51,75,-9,43,69,-12,38,64,-14,33,60,-16,46,79,-8,40,73,-11,36,69,-12,32,65,-13,43,82,-8,38,76,-10,34,73,-10,32,70,-10,HELP
39,61,-1,40,52,-2,44,40,-5,47,31,-7,46,23,-8,44,39,-9,56,36,-13,56,41,-14,51,43,-14,44,46,-10,58,44,-13,56,49,-12,51,50,-11,45,54,-11,58,53,-13,56,56,-11,51,56,-9,46,61,-12,57,60,-13,55,62,-11,51,62,-10,57,88,0,63,78,-6,67,68,-10,72,61,-14,79,57,-18,56,72,-11,49,65,-16,44,62,-18,39,59,-20,49,76,-10,42,69,-14,36,64,-15,32,60,-17,44,80,-9,38,73,-12,34,68,-13,30,64,-14,41,82,-9,35,76,-10,32,73,-11,30,69,-11,HELP
36,61,-1,37,51,-3,41,39,-6,42,30,-9,41,22,-11,38,39,-11,52,35,-15,52,40,-15,48,43,-15,39,46,-12,54,43,-15,53,47,-13,49,49,-12,41,54,-12,55,52,-14,53,55,-11,48,56,-10,43,61,-13,53,60,-14,51,61,-13,47,61,-12,54,87,0,59,77,-6,62,66,-11,66,58,-15,73,55,-18,52,71,-12,44,65,-17,38,61,-20,32,59,-22,45,76,-11,36,69,-16,30,64,-18,25,59,-19,41,80,-11,33,73,-14,28,68,-15,23,63,-16,38,82,-10,31,76,-12,27,72,-13,24,68,-14,HELP
35,59,-1,36,50,-3,40,38,-6,41,29,-8,40,21,-9,37,37,-10,51,34,-14,51,39,-14,47,41,-14,38,45,-10,53,42,-14,52,46,-13,48,49,-12,39,52,-11,53,50,-14,52,53,-12,49,55,-10,41,59,-12,52,57,-13,51,60,-12,47,61,-12,52,85,0,57,75,-6,61,65,-11,65,57,-15,71,54,-19,49,69,-12,42,63,-16,36,59,-19,31,56,-21,43,74,-11,35,67,-15,29,62,-17,24,56,-19,39,78,-10,31,71,-13,27,66,-15,22,62,-16,36,80,-9,30,75,-12,26,71,-13,23,68,-14,HELP
35,58,-1,37,48,-4,39,37,-6,41,28,-8,40,20,-10,36,36,-10,50,33,-14,50,39,-14,47,41,-14,37,43,-10,52,41,-14,52,46,-13,49,48,-12,38,51,-11,52,49,-14,52,52,-12,49,54,-10,40,58,-11,51,56,-13,50,58,-12,47,59,-12,51,84,0,57,74,-7,60,64,-12,64,56,-16,70,52,-20,49,69,-13,42,63,-18,36,59,-21,31,55,-23,43,74,-12,34,66,-17,28,60,-19,23,55,-21,39,77,-11,31,70,-15,26,65,-17,21,59,-18,37,79,-11,30,74,-13,26,70,-14,22,66,-15,HELP
34,56,-1,36,47,-3,39,36,-5,40,27,-7,39,19,-9,36,34,-9,49,32,-13,50,37,-13,46,40,-13,36,42,-10,51,40,-13,51,45,-12,49,47,-11,37,50,-10,52,48,-13,52,52,-12,49,54,-11,39,57,-11,50,56,-13,50,58,-13,48,59,-12,50,82,0,55,72,-6,59,62,-11,63,54,-16,69,50,-20,48,66,-13,41,60,-18,35,56,-21,29,52,-23,42,71,-12,33,64,-16,28,58,-18,22,53,-20,37,74,-11,30,68,-15,25,62,-16,21,58,-17,35,77,-11,29,72,-13,25,68,-14,21,64,-15,HELP
34,55,-1,35,46,-3,38,34,-5,40,26,-6,39,18,-8,36,33,-8,48,31,-12,48,36,-13,44,37,-13,36,40,-9,50,39,-12,49,43,-11,46,45,-11,37,48,-10,51,47,-13,50,50,-11,47,52,-11,40,55,-11,50,55,-13,49,57,-12,47,58,-12,50,81,0,55,70,-6,59,60,-11,63,52,-15,69,48,-20,48,64,-13,40,58,-18,34,53,-20,28,49,-22,42,69,-12,33,61,-16,27,55,-18,21,50,-20,38,73,-11,30,65,-14,25,60,-16,20,55,-17,35,76,-10,29,70,-13,25,66,-14,21,63,-14,HELP
33,55,-1,34,45,-3,37,33,-4,39,25,-6,39,17,-7,35,31,-7,48,31,-11,47,35,-12,43,36,-12,36,38,-8,50,38,-11,48,42,-11,44,43,-11,37,46,-9,51,46,-12,49,49,-10,45,50,-10,39,53,-10,49,53,-12,48,55,-11,45,56,-11,49,78,0,55,69,-7,58,59,-12,62,50,-16,68,47,-20,47,62,-14,39,56,-19,33,51,-22,28,47,-24,41,67,-13,32,59,-17,26,53,-19,20,48,-21,36,71,-11,29,63,-15,24,57,-17,19,52,-18,33,73,-11,27,67,-13,23,63,-14,20,59,-15,HELP
31,53,-1,33,44,-3,36,32,-5,38,23,-6,38,15,-7,35,30,-7,47,28,-10,46,33,-12,42,34,-12,36,36,-7,49,36,-10,47,40,-10,43,40,-10,37,44,-8,50,43,-11,47,46,-9,44,47,-9,39,50,-9,49,50,-11,48,53,-10,44,53,-9,49,77,0,54,67,-7,58,56,-12,62,48,-16,68,44,-21,47,60,-14,39,53,-19,33,48,-22,27,44,-24,41,65,-13,32,57,-18,26,50,-20,20,45,-22,37,69,-12,29,61,-16,23,55,-18,19,49,-19,34,72,-11,27,66,-14,23,61,-16,19,57,-17,HELP
31,51,-1,32,42,-3,36,31,-4,38,21,-6,37,13,-7,35,28,-7,47,27,-11,46,32,-12,41,33,-13,36,35,-8,49,34,-11,46,39,-10,42,39,-10,37,42,-9,49,42,-11,46,45,-10,43,45,-9,39,49,-10,49,49,-11,47,52,-10,44,52,-9,48,75,0,54,65,-8,57,55,-13,62,46,-18,68,42,-22,46,58,-16,39,51,-22,33,46,-25,27,42,-27,40,63,-15,31,54,-20,25,47,-22,19,42,-24,35,66,-13,28,58,-17,23,52,-19,19,47,-21,33,69,-12,27,63,-15,23,59,-17,19,55,-18,HELP
31,48,-1,32,40,-2,36,29,-4,38,20,-6,37,12,-7,35,26,-6,46,23,-10,45,29,-12,41,30,-12,36,32,-7,48,31,-11,45,35,-10,41,36,-10,37,39,-9,49,38,-11,46,42,-9,42,42,-8,39,46,-10,48,46,-11,46,48,-10,43,49,-9,48,73,0,53,62,-6,57,52,-11,62,44,-15,67,40,-19,46,55,-13,38,48,-18,32,43,-21,27,39,-23,40,61,-13,31,51,-17,25,44,-19,19,39,-20,36,65,-12,28,56,-15,23,50,-17,18,44,-18,34,68,-12,27,62,-14,23,57,-15,20,53,-16,HELP
30,46,-1,32,38,-2,35,27,-4,38,18,-6,37,10,-7,34,24,-7,46,22,-11,45,27,-12,41,28,-13,36,30,-8,48,29,-11,45,34,-11,41,35,-11,37,38,-9,48,37,-12,46,41,-10,42,41,-9,39,45,-10,48,44,-12,46,47,-11,43,47,-10,49,71,0,53,61,-6,57,50,-11,61,42,-16,67,38,-20,46,53,-14,38,45,-19,32,40,-22,27,36,-24,41,58,-14,31,49,-18,24,42,-21,19,36,-22,36,62,-13,28,54,-17,22,47,-19,18,41,-20,34,65,-13,27,59,-16,23,54,-17,19,50,-18,HELP
32,44,-1,32,36,-2,36,25,-4,38,17,-6,37,9,-7,35,22,-7,46,19,-11,44,24,-12,41,26,-12,36,28,-8,48,26,-11,45,31,-10,41,32,-10,37,35,-9,49,34,-11,46,38,-10,42,39,-8,40,42,-10,48,42,-11,46,45,-10,43,45,-9,49,70,0,53,59,-6,57,49,-12,61,40,-16,67,36,-21,46,52,-15,38,43,-20,32,37,-23,27,33,-25,41,57,-14,31,46,-19,24,39,-21,19,33,-23,36,61,-13,28,51,-17,22,44,-19,18,38,-20,33,64,-13,27,56,-16,22,51,-17,18,47,-18,HELP
31,42,-1,32,34,-2,35,23,-3,37,15,-5,37,7,-6,34,20,-6,46,18,-10,44,23,-11,40,24,-11,35,26,-7,48,25,-10,45,29,-10,41,30,-10,37,33,-9,49,32,-11,46,36,-10,42,36,-8,39,40,-10,48,40,-12,46,43,-10,43,44,-9,48,67,0,53,57,-7,57,47,-12,61,38,-17,67,33,-21,46,49,-15,38,40,-20,32,35,-23,26,30,-25,40,54,-14,31,44,-19,24,36,-22,19,30,-23,35,58,-13,27,49,-17,22,42,-19,18,36,-20,33,61,-12,26,54,-16,22,49,-17,18,44,-18,HELP
33,41,-1,32,32,-2,35,21,-4,38,12,-6,37,5,-8,35,19,-8,46,16,-12,44,20,-13,40,21,-14,37,26,-9,48,24,-13,45,27,-13,41,28,-13,39,34,-10,49,32,-14,46,35,-13,43,35,-12,41,42,-12,49,42,-15,50,43,-15,50,43,-14,48,65,0,53,55,-6,56,44,-12,61,35,-16,67,31,-21,46,46,-15,38,37,-20,31,32,-23,26,27,-25,40,52,-14,31,41,-19,24,33,-21,18,27,-23,36,56,-13,27,46,-17,22,39,-19,17,33,-20,33,59,-13,26,52,-16,22,47,-17,18,41,-18,HELP
34,39,-1,32,30,-3,35,19,-5,38,11,-7,37,3,-8,36,17,-8,45,14,-12,43,18,-13,39,19,-14,38,23,-9,48,22,-13,45,25,-13,40,25,-13,40,31,-10,48,31,-14,46,33,-13,43,33,-12,42,39,-11,49,40,-14,50,41,-14,50,41,-14,48,63,0,53,53,-7,57,43,-12,61,33,-16,66,28,-21,46,44,-15,37,35,-20,31,29,-23,25,24,-25,40,49,-14,30,38,-19,24,30,-21,18,24,-23,35,54,-13,27,43,-17,21,36,-19,17,30,-20,32,57,-13,26,49,-16,22,44,-17,18,39,-18,HELP
36,37,-1,33,29,-3,35,18,-5,38,11,-7,37,3,-9,39,14,-8,44,12,-12,40,15,-15,36,16,-16,41,21,-9,47,20,-14,42,23,-15,37,22,-15,43,29,-10,48,29,-15,44,31,-14,41,31,-13,43,38,-12,49,39,-16,48,39,-15,47,39,-15,48,62,0,53,52,-7,56,42,-12,60,32,-17,66,26,-22,46,43,-15,38,33,-21,31,26,-24,25,21,-26,40,48,-15,30,36,-20,23,27,-23,17,20,-25,35,52,-14,26,41,-18,21,33,-20,16,27,-21,31,55,-13,25,47,-16,21,41,-18,17,35,-19,HELP
35,34,-1,33,25,-4,35,16,-6,37,8,-8,36,2,-10,40,14,-9,40,12,-14,36,15,-16,32,16,-17,42,20,-10,45,20,-15,40,22,-16,36,21,-16,43,28,-11,47,28,-16,43,29,-16,40,28,-15,44,36,-12,49,37,-16,49,38,-16,50,37,-16,47,59,0,52,50,-6,56,39,-12,60,30,-16,65,24,-20,45,40,-14,37,30,-20,31,24,-23,25,19,-25,39,45,-14,30,33,-19,23,25,-21,17,18,-23,34,50,-13,26,39,-17,21,31,-19,16,25,-20,31,53,-13,25,45,-16,21,40,-17,18,35,-18,HELP
30,33,-1,32,28,-3,38,20,-5,44,14,-8,48,9,-10,35,14,-7,44,10,-11,43,13,-13,39,15,-13,36,18,-8,46,16,-11,44,20,-11,40,20,-11,38,24,-9,47,23,-11,45,25,-9,41,26,-8,39,30,-11,47,30,-12,46,32,-10,43,32,-9,47,59,0,53,48,-7,56,37,-12,60,27,-16,65,22,-21,46,38,-15,37,28,-21,30,22,-24,25,16,-26,39,44,-15,30,31,-20,23,23,-23,17,15,-25,35,48,-14,26,37,-18,21,29,-20,16,22,-22,32,52,-14,25,43,-17,21,37,-18,17,32,-19,HELP
31,31,-1,31,24,-2,34,16,-4,37,10,-6,38,6,-7,36,11,-6,44,7,-10,41,11,-11,37,12,-12,38,16,-8,46,15,-11,43,17,-12,38,17,-11,39,23,-9,48,22,-13,44,24,-12,40,24,-11,40,31,-11,48,33,-14,49,34,-14,50,34,-14,48,57,0,53,47,-6,56,36,-12,60,26,-16,65,20,-21,46,37,-16,37,26,-21,30,19,-24,24,14,-26,40,43,-15,29,29,-21,22,20,-23,17,13,-25,35,47,-15,26,35,-19,20,27,-21,16,20,-22,32,51,-14,25,42,-18,20,36,-19,17,30,-20,HELP
30,29,-1,32,24,-2,36,17,-4,40,13,-7,43,12,-9,35,11,-7,44,6,-10,42,9,-11,38,11,-11,37,15,-8,46,12,-11,43,16,-10,39,16,-10,38,20,-10,47,18,-11,44,21,-9,40,22,-8,39,26,-11,46,26,-12,45,28,-10,42,28,-9,48,57,0,53,46,-7,56,35,-12,60,25,-16,65,19,-21,46,36,-16,37,24,-22,30,17,-25,25,12,-27,39,41,-16,29,28,-21,22,19,-24,16,11,-26,35,46,-15,26,34,-19,20,25,-21,16,18,-23,31,49,-14,25,40,-18,21,34,-19,17,29,-20,HELP
29,28,-1,31,22,0,35,15,-2,38,11,-5,40,9,-7,33,10,-6,43,5,-8,42,9,-9,38,10,-9,35,14,-8,46,12,-10,44,16,-9,40,16,-9,36,20,-9,47,19,-11,45,22,-9,41,22,-8,38,26,-11,46,26,-12,46,29,-10,44,30,-9,47,56,0,53,45,-7,56,34,-12,59,24,-16,65,18,-21,45,34,-16,36,23,-21,30,16,-24,24,10,-26,39,39,-15,29,26,-21,22,17,-23,16,9,-25,34,44,-14,26,32,-19,20,23,-21,16,16,-22,31,47,-14,24,38,-17,20,32,-19,17,26,-20,HELP
30,28,-1,31,21,-1,34,13,-3,36,8,-5,35,8,-7,34,8,-6,43,5,-8,41,8,-9,37,9,-9,37,13,-7,46,11,-9,43,14,-9,39,15,-9,38,19,-9,47,17,-10,45,20,-9,41,21,-8,40,25,-10,47,25,-11,46,27,-9,44,28,-8,47,55,0,52,44,-6,55,33,-11,59,22,-15,65,16,-20,45,33,-15,37,22,-21,30,15,-24,25,9,-26,39,38,-15,29,25,-20,22,15,-23,16,8,-25,34,43,-14,26,31,-19,20,22,-21,15,15,-22,31,47,-14,25,38,-17,21,32,-19,17,26,-20,HELP
30,27,0,31,19,-2,33,11,-5,34,7,-7,32,7,-10,34,7,-7,43,3,-11,42,6,-12,38,8,-12,36,13,-9,46,10,-12,44,13,-11,39,14,-11,38,20,-10,47,18,-12,45,20,-11,42,21,-9,40,27,-11,47,27,-13,47,29,-11,46,30,-10,47,55,0,52,43,-6,56,32,-12,59,22,-16,65,16,-21,45,32,-16,35,20,-21,29,13,-24,24,7,-26,38,37,-15,28,23,-21,22,14,-23,16,6,-25,34,42,-15,25,30,-19,20,21,-21,15,14,-23,30,46,-14,24,37,-18,20,31,-19,17,25,-20,HELP
56,92,0,62,84,-8,66,75,-14,72,68,-19,80,65,-24,56,80,-17,49,76,-23,43,73,-27,36,72,-29,49,85,-15,40,80,-20,34,76,-23,28,74,-25,44,87,-13,36,83,-18,31,79,-20,26,76,-21,40,89,-12,34,85,-15,30,82,-16,26,79,-17,46,73,-1,46,61,-3,47,47,-7,50,35,-10,51,25,-13,45,48,-8,55,42,-11,53,45,-11,50,46,-10,46,56,-9,56,50,-11,54,53,-10,51,55,-10,48,64,-10,58,59,-12,56,62,-10,52,63,-9,50,71,-12,58,68,-13,57,70,-12,54,71,-12,HELP
56,92,0,62,84,-8,66,75,-14,72,68,-19,80,66,-24,56,81,-16,49,77,-23,43,75,-27,36,73,-29,49,85,-15,40,80,-20,35,77,-22,29,74,-24,44,88,-13,36,83,-17,31,79,-19,26,77,-20,40,89,-12,34,85,-14,30,82,-15,27,79,-16,42,72,-1,43,58,-2,45,44,-5,46,34,-7,46,24,-8,40,44,-6,56,41,-11,54,47,-12,49,47,-13,40,53,-8,57,51,-12,54,55,-11,49,55,-12,42,62,-9,57,59,-12,54,63,-11,49,63,-11,44,69,-11,55,68,-13,52,70,-12,48,71,-12,HELP
55,92,0,62,84,-9,66,76,-16,73,69,-21,80,66,-26,55,80,-17,48,77,-23,42,75,-27,36,74,-30,48,84,-15,40,80,-20,34,77,-23,29,75,-25,43,87,-13,36,83,-17,31,80,-19,26,77,-20,40,89,-12,34,85,-14,31,83,-15,27,81,-16,42,71,-1,43,56,-3,45,43,-6,46,33,-8,45,24,-10,40,44,-8,56,42,-13,54,47,-14,49,46,-15,41,54,-9,58,52,-14,54,55,-14,50,55,-14,42,63,-11,58,61,-14,54,64,-13,50,65,-13,44,71,-12,56,70,-15,53,72,-15,49,72,-15,HELP
56,93,0,63,85,-9,67,76,-15,73,69,-20,80,66,-25,55,80,-16,49,77,-22,43,76,-26,37,75,-29,49,84,-14,41,80,-19,35,78,-22,29,75,-24,44,87,-12,37,83,-17,32,81,-18,27,78,-20,41,89,-11,35,86,-14,31,84,-15,27,81,-16,42,72,-1,43,58,-3,45,44,-5,46,34,-8,45,24,-9,41,45,-8,57,42,-13,55,47,-15,49,48,-16,41,54,-10,58,52,-14,54,56,-14,50,56,-15,43,64,-11,58,62,-15,54,65,-14,50,65,-14,45,72,-13,55,71,-16,52,72,-16,47,73,-16,HELP
57,95,0,63,86,-8,67,77,-13,73,70,-18,80,67,-23,56,82,-15,50,78,-21,44,76,-25,38,75,-28,50,87,-14,41,82,-19,36,79,-21,30,76,-23,45,90,-12,37,85,-16,33,82,-18,28,79,-19,41,92,-11,36,87,-14,32,84,-15,29,81,-16,42,72,-1,43,58,-3,45,45,-5,46,35,-7,46,25,-9,41,45,-7,57,43,-12,55,48,-14,50,48,-14,42,55,-9,59,53,-13,55,57,-13,50,57,-13,43,64,-10,58,62,-14,55,66,-13,50,66,-12,45,72,-12,56,71,-14,53,73,-14,49,73,-14,HELP
57,94,0,63,86,-8,67,77,-14,73,71,-19,81,68,-24,57,82,-15,50,79,-20,45,77,-24,39,76,-26,50,87,-13,42,82,-18,36,79,-21,31,76,-23,45,90,-12,38,85,-16,33,82,-18,28,79,-19,42,92,-11,36,88,-14,32,85,-15,29,83,-16,42,73,-1,43,59,-2,46,45,-4,47,35,-6,46,25,-8,42,46,-7,57,43,-11,55,48,-13,50,48,-14,42,55,-8,59,54,-12,55,57,-13,50,57,-13,44,65,-10,59,63,-13,55,65,-12,50,65,-12,46,72,-12,57,71,-14,53,73,-13,49,73,-13,HELP
57,94,0,64,87,-9,68,79,-15,74,72,-20,81,68,-25,56,82,-16,51,79,-22,45,78,-26,39,77,-28,50,86,-14,42,82,-19,37,79,-22,31,77,-24,45,89,-12,38,85,-17,33,82,-18,29,79,-20,42,92,-11,36,88,-14,32,86,-15,29,83,-16,42,73,-1,43,59,-3,46,46,-5,47,36,-7,46,26,-8,42,47,-8,57,44,-12,55,49,-14,50,49,-15,43,56,-9,59,54,-13,55,58,-13,51,57,-14,44,65,-10,59,64,-14,55,66,-13,51,66,-12,46,73,-12,57,72,-14,53,73,-14,49,73,-14,HELP
59,96,0,64,88,-8,68,79,-14,74,73,-19,81,70,-24,57,84,-15,50,81,-21,45,80,-25,39,79,-27,50,88,-13,42,84,-18,37,81,-21,32,79,-23,45,91,-12,38,87,-16,34,84,-17,29,82,-19,42,93,-11,37,89,-13,33,87,-14,30,85,-15,42,74,-1,43,60,-3,46,47,-5,47,37,-7,46,27,-9,43,48,-8,58,46,-13,56,50,-14,51,50,-16,44,57,-9,59,55,-13,56,58,-13,51,58,-14,45,66,-10,59,64,-14,56,67,-12,51,67,-12,47,74,-12,57,73,-14,54,75,-14,50,75,-13,HELP
58,95,0,64,88,-9,68,80,-15,74,74,-19,81,72,-24,57,85,-16,51,82,-22,46,81,-25,40,80,-28,50,88,-14,43,84,-19,38,82,-21,32,80,-22,45,91,-12,38,87,-16,34,85,-18,29,83,-19,42,93,-11,36,90,-13,33,88,-14,30,86,-15,41,75,-1,43,62,-3,46,49,-6,48,38,-8,47,28,-9,43,49,-9,58,47,-13,56,51,-15,51,52,-16,44,59,-9,60,57,-13,56,60,-13,52,60,-13,45,68,-11,60,66,-14,56,68,-12,52,69,-11,47,75,-12,58,74,-14,55,76,-13,51,76,-13,HELP
56,95,0,63,89,-9,68,82,-15,74,75,-21,81,73,-26,57,85,-16,51,83,-22,45,82,-26,40,83,-29,50,89,-14,43,85,-19,38,83,-22,33,82,-23,44,91,-13,38,88,-16,34,86,-18,30,84,-19,41,94,-11,36,91,-14,33,89,-15,30,87,-16,41,75,-1,42,63,-3,46,49,-6,48,38,-7,47,29,-9,44,50,-9,58,47,-14,56,52,-15,51,53,-15,44,59,-10,59,56,-13,56,60,-13,52,61,-12,46,67,-11,59,65,-13,56,68,-11,52,68,-11,48,74,-12,58,73,-13,55,75,-12,51,76,-12,HELP
57,98,0,64,90,-9,69,82,-15,75,76,-20,82,73,-25,58,86,-16,52,84,-22,46,83,-26,41,83,-29,51,91,-14,43,87,-19,38,85,-22,33,83,-24,46,94,-13,39,91,-17,35,88,-18,30,87,-20,43,98,-12,38,95,-14,34,93,-15,31,91,-16,42,74,-1,42,62,-4,46,49,-6,48,39,-8,47,30,-10,44,51,-11,58,48,-15,56,52,-15,52,53,-15,45,61,-11,60,57,-15,57,60,-14,52,61,-13,46,69,-12,60,66,-14,57,68,-12,52,68,-11,48,76,-12,59,74,-14,56,75,-12,51,76,-12,HELP
59,99,0,64,90,-8,68,81,-15,75,76,-20,83,74,-25,59,87,-17,53,84,-24,47,83,-28,41,83,-31,53,93,-15,44,89,-21,38,87,-23,33,86,-26,48,97,-14,40,93,-18,35,91,-20,30,89,-22,44,100,-13,39,97,-15,35,94,-17,31,92,-18,42,74,-1,43,62,-4,46,49,-7,48,39,-9,47,30,-10,44,51,-11,58,48,-16,56,52,-16,52,52,-17,44,60,-12,60,58,-15,56,60,-14,52,61,-14,46,69,-12,60,67,-15,57,68,-13,52,69,-11,48,76,-13,59,74,-14,56,75,-13,52,76,-13,HELP
58,99,0,64,91,-9,68,82,-15,74,76,-20,83,74,-25,60,88,-17,53,85,-24,47,84,-28,41,84,-30,53,93,-16,44,89,-21,38,87,-24,32,86,-26,48,97,-14,40,93,-18,35,91,-20,30,89,-21,44,100,-13,39,96,-16,35,94,-17,31,92,-18,42,74,-1,43,63,-4,46,50,-6,48,39,-8,47,30,-9,45,52,-10,58,49,-14,56,53,-15,52,54,-16,45,61,-10,60,58,-14,57,61,-13,52,62,-13,47,69,-11,60,67,-14,57,69,-12,53,69,-11,49,76,-12,59,75,-13,56,76,-12,52,76,-12,HELP
58,99,0,64,90,-7,69,81,-13,75,76,-18,83,75,-23,60,87,-15,53,86,-22,46,84,-26,40,84,-29,53,93,-14,44,90,-19,38,88,-22,32,87,-25,48,97,-13,40,94,-17,34,91,-19,29,90,-20,45,100,-12,39,97,-15,35,94,-16,31,92,-17,43,74,-1,43,63,-4,46,49,-6,48,39,-8,47,30,-10,44,52,-11,58,49,-16,56,52,-16,52,53,-16,44,62,-12,60,59,-15,56,61,-14,52,62,-14,46,70,-12,60,68,-15,57,69,-12,52,70,-11,48,77,-13,59,75,-14,56,76,-13,52,77,-12,HELP
59,98,0,65,89,-8,69,81,-14,75,76,-18,83,75,-23,61,87,-15,53,85,-21,46,84,-26,40,84,-28,54,93,-14,44,89,-19,38,88,-22,33,88,-24,49,97,-13,41,93,-16,35,91,-18,30,91,-20,46,99,-12,39,96,-14,35,94,-15,31,93,-16,42,75,-1,43,64,-4,46,50,-6,48,39,-8,47,30,-9,45,52,-10,59,50,-14,56,54,-16,52,54,-16,45,62,-10,60,59,-14,57,61,-13,52,62,-13,46,70,-11,60,68,-14,56,70,-12,52,70,-11,48,77,-12,59,75,-14,56,77,-13,51,77,-12,HELP
58,99,0,64,92,-9,68,83,-15,75,76,-20,83,74,-25,60,88,-17,53,85,-24,47,83,-28,41,83,-30,53,94,-16,44,90,-21,38,87,-23,33,86,-26,48,98,-14,40,94,-18,35,91,-20,30,90,-21,45,101,-13,39,97,-16,35,95,-17,30,93,-18,42,75,-1,43,63,-4,46,50,-6,48,39,-8,47,30,-10,45,52,-10,59,49,-14,56,54,-16,52,54,-16,45,61,-10,60,58,-14,57,61,-13,52,62,-13,47,69,-11,60,67,-14,57,70,-12,52,70,-11,49,76,-12,59,75,-13,56,76,-12,52,77,-12,HELP
57,99,0,63,91,-9,68,82,-15,75,76,-20,83,75,-26,60,88,-18,53,84,-25,48,83,-29,42,83,-32,53,93,-16,44,88,-22,38,86,-25,33,86,-27,47,96,-15,39,92,-19,34,90,-21,30,89,-23,43,99,-14,37,95,-16,34,94,-17,30,92,-19,42,74,-1,43,62,-4,47,49,-6,49,39,-8,47,30,-10,45,51,-11,59,49,-15,57,53,-16,52,53,-16,45,60,-11,60,58,-15,57,60,-14,52,61,-13,46,69,-12,60,67,-14,57,69,-12,52,69,-11,48,76,-13,59,75,-14,56,76,-13,52,76,-13,HELP
56,96,0,63,88,-7,68,81,-13,75,76,-18,83,75,-24,62,88,-17,55,85,-24,48,84,-29,42,84,-32,54,92,-16,45,88,-22,39,86,-25,34,87,-27,48,96,-15,40,91,-20,35,89,-21,30,88,-23,44,98,-15,39,94,-18,35,92,-18,31,91,-19,42,74,-1,43,63,-4,47,49,-6,48,39,-8,47,30,-10,44,52,-11,58,49,-15,56,52,-16,52,53,-16,45,61,-11,60,58,-15,57,60,-14,52,61,-13,47,69,-12,60,67,-14,57,68,-12,52,69,-11,49,76,-12,59,74,-14,56,75,-12,52,76,-11,HELP
59,102,-1,64,90,-5,68,80,-10,74,74,-16,83,73,-22,57,82,-13,52,81,-21,47,81,-26,41,81,-30,53,87,-15,45,86,-22,39,86,-26,33,86,-29,50,91,-17,42,89,-23,37,89,-26,31,89,-27,49,95,-18,43,93,-25,37,92,-28,31,92,-30,43,74,-1,43,63,-4,47,49,-6,48,39,-8,47,30,-10,44,51,-11,58,49,-15,56,52,-16,52,53,-16,45,61,-11,60,58,-15,57,60,-14,52,61,-13,46,69,-12,60,67,-14,57,69,-12,52,69,-11,48,76,-13,59,75,-14,56,76,-13,52,76,-12,HELP
57,100,0,63,90,-6,68,81,-11,74,76,-15,81,74,-19,60,88,-12,54,85,-18,48,83,-22,42,82,-25,53,92,-12,44,88,-17,39,87,-20,34,86,-22,47,95,-11,40,91,-15,35,88,-17,30,86,-19,44,97,-11,38,93,-14,34,91,-15,30,89,-16,43,74,-1,44,63,-4,47,49,-6,48,38,-8,47,29,-10,45,52,-11,59,49,-15,57,53,-16,52,53,-16,45,61,-11,60,58,-15,57,61,-14,52,62,-13,47,70,-11,60,67,-14,57,69,-12,52,69,-11,49,77,-12,59,75,-14,56,76,-13,52,76,-12,HELP
57,100,0,63,90,-6,68,81,-11,74,75,-15,81,75,-19,60,88,-13,53,85,-19,47,83,-23,41,82,-26,53,93,-13,44,89,-17,38,87,-20,33,86,-22,47,97,-12,40,93,-16,35,90,-18,30,87,-19,44,100,-12,39,95,-14,35,92,-15,31,90,-16,42,75,-1,43,63,-4,47,50,-6,48,39,-8,47,29,-9,45,51,-9,59,50,-14,57,54,-15,52,54,-16,45,61,-10,60,59,-14,57,61,-13,52,62,-13,46,69,-11,60,68,-14,57,70,-12,52,70,-11,48,77,-12,59,76,-14,56,77,-13,52,77,-13,HELP
59,102,0,64,91,-5,68,81,-11,74,75,-15,82,75,-20,59,87,-12,53,85,-18,47,84,-22,41,83,-25,54,92,-12,44,89,-18,38,87,-21,33,87,-23,49,95,-13,41,92,-17,35,89,-19,30,87,-21,46,99,-13,41,95,-16,36,92,-17,32,90,-18,42,75,-1,43,63,-4,46,49,-6,48,39,-8,47,30,-9,45,52,-9,59,49,-14,56,53,-15,52,54,-15,45,61,-10,60,58,-13,56,61,-12,52,62,-12,47,69,-11,60,67,-13,56,69,-11,52,69,-10,49,76,-12,59,74,-13,56,76,-12,52,76,-11,HELP
59,101,0,65,91,-7,69,82,-13,74,76,-18,82,74,-23,60,89,-15,54,86,-21,47,84,-26,41,83,-29,54,93,-14,45,90,-20,39,87,-23,33,87,-26,49,97,-14,41,93,-18,36,90,-20,30,88,-22,46,99,-14,40,95,-17,35,93,-18,31,91,-19,43,74,-1,43,63,-4,47,49,-6,48,39,-8,47,30,-9,45,52,-10,59,50,-15,56,53,-16,52,54,-16,45,61,-11,60,59,-14,57,61,-13,52,62,-13,47,70,-11,60,68,-14,57,69,-12,52,70,-11,49,77,-12,59,75,-14,56,76,-13,52,76,-12,HELP
59,100,0,64,90,-7,68,81,-12,74,76,-16,81,76,-21,61,87,-14,53,85,-20,47,84,-25,41,83,-27,54,93,-13,44,89,-18,38,87,-21,33,87,-23,48,96,-12,40,93,-16,35,91,-18,30,89,-19,45,99,-12,39,96,-14,35,94,-15,32,93,-16,43,75,-1,44,63,-4,47,50,-6,49,39,-8,48,30,-10,45,52,-10,59,50,-15,57,54,-16,52,54,-16,45,62,-11,60,59,-14,57,61,-13,52,62,-13,46,70,-11,60,68,-14,57,69,-12,52,70,-11,49,77,-12,59,75,-13,56,76,-12,52,76,-12,HELP
58,101,0,64,91,-7,69,81,-12,75,76,-16,82,76,-20,60,87,-13,53,86,-19,46,85,-23,40,85,-26,53,93,-12,43,90,-17,38,88,-19,33,88,-22,48,97,-11,40,94,-15,35,92,-16,30,90,-18,44,100,-11,39,96,-12,35,95,-13,31,93,-14,43,76,-1,44,65,-4,47,50,-6,49,39,-8,48,30,-9,44,53,-10,59,50,-14,57,54,-16,52,54,-16,45,62,-10,60,60,-14,57,62,-13,52,62,-13,46,71,-11,60,68,-14,57,70,-12,52,70,-11,48,78,-12,59,76,-14,56,77,-13,52,78,-12,HELP
58,102,0,64,92,-6,68,82,-11,74,76,-16,82,75,-21,59,88,-14,53,86,-19,47,84,-24,41,84,-26,52,92,-13,43,90,-18,37,89,-21,32,89,-23,47,96,-13,39,93,-17,34,91,-19,29,90,-20,44,99,-13,38,95,-15,34,94,-16,30,93,-17,42,76,-1,43,64,-4,46,51,-6,48,39,-8,48,30,-10,44,52,-9,59,50,-14,57,54,-15,52,54,-16,45,62,-10,60,60,-14,57,62,-13,52,63,-13,46,70,-11,60,68,-14,56,71,-12,52,71,-11,48,77,-12,59,76,-14,56,77,-13,52,78,-12,HELP
59,103,0,64,91,-6,68,81,-11,74,76,-15,81,76,-20,61,89,-12,53,85,-18,47,84,-22,41,83,-25,54,95,-12,44,90,-17,38,88,-20,33,87,-23,48,99,-11,40,94,-15,35,91,-17,30,89,-19,45,101,-12,39,96,-13,35,94,-14,31,91,-15,42,75,-1,43,64,-4,47,50,-6,49,39,-8,47,30,-10,44,52,-11,58,49,-15,56,53,-15,52,54,-15,45,61,-11,60,58,-14,56,61,-13,52,62,-13,46,69,-11,60,67,-14,56,69,-12,52,69,-10,48,76,-12,59,74,-13,56,76,-12,52,76,-11,HELP
58,101,0,63,91,-6,68,81,-11,73,75,-15,81,74,-20,60,88,-12,53,85,-18,46,83,-22,40,83,-25,53,93,-12,44,90,-17,38,88,-20,33,86,-22,48,97,-11,40,94,-15,34,91,-17,30,88,-18,44,100,-11,38,96,-13,35,93,-14,31,91,-15,43,74,-1,44,62,-4,47,49,-6,48,38,-8,47,29,-10,44,52,-10,58,50,-14,56,53,-15,52,53,-15,45,61,-10,60,59,-14,56,61,-13,52,61,-13,46,70,-11,60,68,-14,56,69,-12,52,69,-11,48,76,-12,59,75,-13,56,76,-12,51,76,-12,HELP
60,101,0,65,91,-7,68,81,-13,74,75,-17,81,74,-22,60,87,-14,53,84,-21,47,82,-25,41,81,-28,53,93,-13,44,89,-19,38,86,-22,33,85,-24,48,96,-12,40,92,-16,34,89,-18,29,87,-20,45,99,-12,39,95,-14,35,91,-15,31,88,-16,43,74,-1,43,62,-4,47,49,-6,48,38,-8,47,29,-9,44,51,-9,59,49,-13,56,53,-15,52,53,-15,45,61,-10,60,59,-13,56,61,-13,51,61,-13,46,69,-11,60,67,-14,56,69,-12,51,70,-11,48,76,-12,58,75,-14,55,77,-13,51,77,-13,HELP
59,98,0,64,89,-8,68,80,-13,74,74,-18,81,73,-22,59,86,-15,52,83,-21,46,82,-25,40,81,-28,52,92,-13,43,87,-18,38,85,-21,33,84,-23,47,95,-12,39,91,-16,34,88,-18,30,85,-20,44,98,-11,38,94,-14,35,90,-15,32,87,-16,42,74,-1,43,62,-4,46,49,-6,48,38,-8,47,29,-9,44,51,-9,58,49,-14,56,53,-15,51,53,-16,44,60,-10,60,58,-14,56,60,-13,51,61,-13,45,69,-11,59,67,-14,56,69,-12,51,69,-11,47,76,-12,58,75,-14,55,76,-13,50,76,-13,HELP
57,95,0,63,88,-9,68,80,-16,74,74,-21,81,72,-26,57,86,-18,51,83,-24,46,81,-28,41,81,-31,50,89,-15,43,86,-21,38,83,-23,33,82,-25,45,92,-14,38,88,-18,34,86,-19,30,84,-21,41,94,-12,36,91,-15,33,89,-16,30,86,-17,42,74,-1,43,63,-4,46,49,-6,48,38,-8,47,29,-9,44,50,-9,58,48,-14,56,53,-15,51,53,-15,44,60,-10,59,57,-13,56,61,-13,51,61,-13,46,68,-11,59,66,-14,56,69,-12,51,69,-11,47,75,-12,58,74,-13,55,76,-12,51,76,-12,HELP
56,95,0,63,89,-9,68,81,-16,73,75,-21,80,72,-26,57,85,-17,51,81,-23,46,80,-27,40,81,-30,50,88,-15,43,85,-20,38,82,-23,33,80,-25,45,91,-13,39,87,-17,35,85,-20,30,84,-21,41,93,-12,37,90,-15,33,88,-16,30,86,-17,42,74,-1,43,62,-4,46,49,-6,48,38,-8,47,29,-9,44,51,-9,58,48,-14,56,52,-15,51,52,-15,44,59,-10,59,56,-13,56,59,-12,51,60,-12,46,67,-10,59,65,-13,56,67,-11,51,68,-10,48,74,-11,58,72,-13,55,74,-12,50,75,-11,HELP
58,96,0,64,88,-9,67,80,-15,73,74,-20,81,70,-25,56,85,-16,51,81,-23,45,79,-27,40,79,-29,50,89,-15,43,84,-20,37,81,-23,32,79,-25,45,91,-13,39,87,-17,34,84,-19,30,82,-21,42,94,-12,37,90,-14,33,88,-16,30,85,-17,41,74,-1,42,63,-3,45,49,-5,47,38,-7,47,29,-8,43,50,-9,57,47,-13,55,52,-14,51,52,-15,44,58,-9,59,56,-13,56,59,-12,51,60,-12,45,66,-10,59,64,-13,55,67,-11,51,67,-10,47,73,-11,58,72,-13,55,74,-12,50,74,-12,HELP
57,95,0,63,88,-9,67,80,-15,73,74,-19,79,70,-24,56,84,-15,50,80,-21,45,79,-24,40,79,-26,50,88,-13,43,84,-18,38,81,-21,32,79,-23,45,91,-12,39,88,-16,35,85,-18,30,82,-19,42,94,-11,37,91,-13,33,88,-15,30,86,-16,41,73,-1,42,62,-4,45,48,-6,47,38,-8,47,29,-10,43,50,-10,58,47,-14,56,51,-15,51,51,-15,44,58,-10,59,55,-14,56,58,-13,52,59,-12,45,66,-11,59,64,-14,56,66,-11,51,67,-10,47,73,-12,58,72,-13,55,74,-12,50,74,-12,HELP
57,94,0,63,88,-9,67,79,-15,73,73,-20,80,70,-25,56,84,-15,51,80,-21,45,78,-25,40,78,-27,50,88,-14,43,83,-19,38,80,-21,32,78,-23,45,91,-12,39,87,-16,34,84,-18,30,81,-19,42,93,-11,37,89,-13,33,87,-14,30,85,-15,42,72,-1,43,60,-4,46,47,-6,47,37,-8,46,28,-9,43,49,-9,58,47,-14,55,50,-15,50,50,-15,43,58,-10,59,55,-14,55,58,-13,51,59,-13,45,66,-11,59,64,-14,55,66,-12,50,67,-11,47,73,-12,57,72,-14,54,74,-13,49,74,-12,HELP
58,95,0,63,87,-9,67,79,-15,73,72,-20,81,69,-25,57,84,-16,51,80,-22,45,78,-26,40,77,-28,51,88,-14,43,83,-19,37,80,-22,32,77,-24,46,91,-13,39,87,-17,34,83,-19,30,80,-20,42,93,-12,37,89,-14,33,87,-16,29,84,-17,42,72,-1,42,60,-4,45,47,-6,47,37,-8,46,28,-9,43,48,-9,58,46,-13,55,50,-14,51,51,-15,44,57,-10,59,55,-13,55,58,-13,51,59,-12,45,65,-10,58,63,-13,55,66,-11,51,66,-10,46,72,-11,57,71,-13,54,72,-12,50,73,-12,HELP
57,94,0,63,87,-9,68,79,-15,73,72,-20,80,69,-25,57,83,-17,51,79,-23,45,78,-27,40,77,-29,51,87,-15,43,83,-20,37,80,-23,32,78,-25,46,90,-13,39,86,-17,34,83,-19,30,80,-21,42,93,-12,37,89,-15,33,86,-16,29,83,-17,41,72,-1,42,60,-4,45,47,-6,47,37,-8,46,28,-9,43,48,-10,57,46,-14,55,50,-15,50,50,-16,43,57,-10,59,55,-14,55,58,-13,50,58,-13,45,66,-11,58,64,-14,55,66,-12,50,66,-11,46,73,-12,57,71,-14,54,73,-13,49,73,-13,HELP
56,95,0,63,87,-9,67,79,-16,73,72,-21,81,69,-27,56,83,-17,50,79,-24,45,77,-28,39,77,-30,49,87,-15,42,82,-21,37,79,-24,32,77,-26,44,90,-14,38,85,-18,34,82,-20,29,80,-22,40,92,-12,35,88,-15,32,86,-17,29,83,-18,42,71,-1,42,59,-4,45,47,-6,47,36,-8,46,27,-10,43,48,-10,57,46,-15,55,50,-16,50,51,-16,43,57,-11,59,55,-15,55,58,-14,51,59,-13,45,65,-12,59,64,-15,55,66,-13,51,66,-12,46,72,-13,57,72,-15,54,73,-14,50,73,-13,HELP
56,93,0,62,86,-9,67,78,-16,73,72,-21,81,68,-26,56,83,-17,51,78,-24,45,76,-28,39,76,-30,50,86,-15,42,81,-21,37,78,-24,31,76,-26,44,89,-14,38,84,-18,34,81,-20,29,79,-22,41,92,-12,36,88,-15,32,85,-17,29,83,-18,42,71,-1,42,59,-4,45,46,-6,47,36,-8,46,27,-9,43,48,-10,57,46,-15,55,50,-15,50,50,-16,43,57,-11,58,55,-15,55,57,-14,50,58,-13,45,65,-12,58,63,-15,55,66,-13,51,66,-12,47,72,-12,57,71,-14,54,72,-13,50,73,-13,HELP
57,95,0,63,87,-8,67,78,-14,73,71,-19,80,68,-24,57,83,-15,51,79,-21,45,77,-25,40,75,-27,50,87,-14,43,82,-19,37,79,-21,32,77,-23,45,90,-12,38,85,-16,34,82,-18,29,79,-19,41,92,-11,36,88,-14,32,85,-15,30,82,-16,42,72,-1,42,59,-3,45,46,-5,47,36,-7,46,27,-8,43,47,-8,57,45,-13,55,49,-14,50,49,-15,43,56,-9,59,54,-13,55,57,-13,51,58,-12,45,64,-11,59,63,-14,55,65,-12,51,66,-11,47,72,-12,57,71,-14,54,72,-13,49,73,-13,HELP
57,93,0,63,85,-9,67,77,-15,73,70,-21,81,67,-26,57,83,-18,51,78,-24,45,76,-28,40,75,-31,50,86,-16,42,82,-21,37,78,-24,32,76,-26,45,89,-14,38,85,-18,34,81,-20,30,78,-22,41,91,-13,36,87,-16,32,84,-17,30,81,-19,42,71,-1,43,58,-3,46,45,-5,47,35,-7,46,26,-9,43,47,-9,57,45,-13,55,48,-15,50,48,-15,43,55,-10,59,54,-14,55,56,-13,51,57,-13,44,64,-11,59,62,-14,55,64,-12,51,65,-11,46,71,-12,57,70,-14,54,72,-13,50,72,-13,HELP
57,93,0,63,85,-8,68,77,-14,73,70,-19,80,67,-24,57,81,-16,51,77,-21,45,75,-25,40,74,-28,50,85,-14,43,81,-19,37,77,-22,32,75,-24,45,88,-12,38,83,-16,34,80,-19,29,78,-20,42,90,-11,36,86,-14,33,83,-15,30,81,-16,42,71,-1,42,58,-3,45,45,-5,47,35,-7,46,26,-8,43,46,-8,57,44,-12,55,48,-14,50,48,-14,43,55,-9,59,53,-13,55,56,-12,50,56,-12,44,63,-10,58,61,-13,55,64,-12,50,64,-11,46,70,-11,57,69,-13,54,71,-13,49,71,-12,HELP
57,93,0,63,85,-8,67,76,-14,73,70,-19,80,66,-23,58,82,-16,52,77,-23,46,75,-26,40,73,-29,51,87,-15,43,81,-20,38,77,-23,32,74,-25,46,90,-13,39,84,-18,34,81,-20,30,77,-21,42,92,-13,37,87,-15,33,84,-17,30,80,-18,43,71,-1,43,59,-3,46,45,-5,47,35,-7,46,26,-8,43,46,-9,57,43,-13,55,48,-14,50,48,-15,43,55,-9,58,52,-13,55,56,-13,50,56,-13,44,63,-10,58,61,-14,55,63,-12,50,64,-11,46,70,-12,57,69,-13,54,70,-13,49,71,-12,HELP
56,92,0,63,84,-9,67,76,-15,73,69,-19,80,66,-24,57,80,-16,51,76,-23,46,74,-26,40,72,-29,50,84,-15,43,79,-20,37,75,-23,32,72,-25,45,87,-13,39,83,-18,34,79,-20,30,76,-21,41,90,-12,36,86,-15,33,83,-17,30,80,-18,45,71,-1,45,57,-3,46,44,-5,47,34,-7,46,25,-9,43,45,-8,57,43,-12,55,48,-14,50,48,-15,43,54,-9,59,52,-12,55,55,-12,51,56,-12,45,63,-10,59,60,-13,55,63,-12,51,64,-11,47,71,-12,57,69,-14,54,71,-13,49,71,-13,HELP
57,92,0,63,84,-8,67,75,-15,74,69,-20,81,66,-25,57,81,-17,51,76,-24,45,73,-28,40,71,-31,50,85,-15,43,79,-21,37,75,-24,32,72,-26,45,88,-14,39,82,-18,34,79,-20,30,75,-22,41,90,-13,36,86,-16,33,83,-17,29,79,-19,44,72,-1,45,58,-3,46,45,-5,47,34,-6,46,25,-7,43,45,-6,57,43,-11,55,48,-12,50,48,-14,43,53,-7,59,51,-11,56,55,-12,51,55,-13,44,62,-9,58,60,-12,55,64,-12,51,64,-11,46,70,-10,56,69,-13,53,71,-13,49,72,-13,HELP
57,92,0,63,85,-8,67,75,-14,73,68,-19,80,65,-24,57,80,-16,51,76,-22,46,74,-26,40,72,-28,51,85,-14,43,79,-20,37,75,-22,32,72,-25,46,88,-13,39,83,-17,34,79,-19,30,76,-21,42,90,-12,37,86,-15,33,83,-16,30,80,-17,43,71,-1,44,57,-3,46,44,-5,47,34,-7,46,25,-9,42,44,-7,57,43,-12,55,48,-13,50,48,-14,43,53,-8,59,52,-12,55,56,-13,51,56,-13,44,63,-10,58,61,-13,55,64,-12,51,65,-12,46,70,-11,55,70,-14,52,72,-14,47,72,-15,HELP
58,92,0,64,84,-8,68,75,-14,74,68,-19,81,65,-24,58,81,-16,51,76,-22,46,73,-26,40,72,-29,51,85,-15,43,79,-20,38,75,-22,32,72,-25,46,88,-13,39,83,-17,34,79,-19,30,75,-21,42,90,-12,37,86,-15,33,83,-16,30,79,-18,43,72,-1,44,58,-3,46,45,-5,47,35,-7,46,25,-8,43,44,-7,58,43,-12,56,48,-13,51,48,-14,43,53,-8,59,52,-12,56,56,-12,51,56,-13,44,62,-10,58,61,-13,55,64,-12,51,65,-12,46,70,-11,56,70,-14,52,72,-14,47,72,-14,HELP
57,93,0,63,85,-9,67,76,-15,73,68,-20,81,65,-25,58,81,-18,52,76,-24,46,74,-28,40,72,-30,51,85,-16,43,80,-21,37,76,-24,32,73,-26,45,89,-14,39,83,-19,34,79,-21,30,76,-23,42,90,-13,36,86,-16,33,83,-17,30,80,-19,42,71,-1,43,57,-3,46,44,-5,47,34,-7,46,24,-8,42,45,-8,58,43,-13,55,48,-14,50,48,-15,43,54,-9,59,52,-13,56,55,-13,51,56,-13,44,63,-10,59,60,-14,55,64,-12,51,64,-12,46,70,-12,56,69,-14,53,71,-14,49,72,-14,HELP
58,93,0,63,85,-8,67,76,-14,74,69,-19,81,65,-24,58,82,-17,52,77,-23,46,74,-27,40,72,-30,52,86,-15,43,80,-21,37,75,-24,32,72,-26,47,90,-14,39,83,-18,34,79,-20,30,75,-22,43,92,-13,37,87,-16,33,83,-17,30,80,-19,43,71,-1,44,58,-3,46,44,-5,47,34,-7,46,25,-8,42,45,-8,57,43,-12,55,47,-14,50,47,-15,43,53,-9,59,52,-13,55,55,-13,51,55,-13,44,62,-10,59,60,-14,55,63,-13,51,64,-12,46,70,-12,56,69,-14,53,71,-14,48,71,-14,HELP
58,93,0,64,85,-8,68,76,-14,74,69,-19,81,66,-24,58,81,-16,52,77,-22,46,74,-26,40,72,-28,51,86,-15,43,80,-20,38,76,-22,32,72,-24,46,89,-13,39,84,-17,34,80,-19,30,76,-21,43,91,-12,37,86,-15,33,83,-16,30,80,-17,43,71,-1,44,58,-3,46,44,-5,47,34,-7,46,25,-8,42,45,-7,57,42,-12,55,47,-14,50,47,-15,43,53,-8,59,52,-12,55,55,-12,51,55,-13,44,62,-10,59,60,-13,55,63,-12,50,64,-12,46,70,-11,56,69,-14,52,71,-14,47,71,-14,HELP
58,93,0,64,85,-9,68,76,-15,74,69,-20,81,65,-25,58,81,-17,52,77,-24,46,74,-27,40,72,-30,52,86,-16,44,80,-21,38,76,-24,32,72,-26,46,89,-14,39,83,-19,35,79,-21,30,76,-23,43,91,-13,37,86,-16,34,83,-18,30,80,-19,43,71,-1,44,58,-3,46,44,-5,47,34,-7,46,25,-8,43,45,-8,58,43,-13,55,48,-14,50,48,-15,43,54,-9,59,52,-13,55,55,-13,51,56,-13,44,63,-10,59,61,-14,55,63,-13,50,64,-12,46,70,-12,56,69,-14,53,71,-14,48,71,-14,HELP
58,93,0,63,84,-8,67,75,-13,73,68,-18,81,66,-23,58,81,-15,52,76,-21,46,74,-24,40,72,-27,51,85,-13,44,80,-19,38,76,-22,32,72,-24,46,89,-12,39,83,-17,35,79,-19,30,76,-21,43,91,-12,37,86,-14,34,83,-16,30,80,-17,44,72,-1,44,58,-3,46,44,-5,47,34,-7,46,25,-8,43,45,-7,57,42,-12,55,48,-14,50,48,-15,43,54,-9,59,52,-13,56,56,-13,51,56,-13,44,63,-10,59,61,-14,55,64,-13,51,65,-12,46,71,-12,56,70,-14,53,72,-14,49,72,-14,HELP
57,92,0,63,84,-9,68,75,-15,74,68,-21,81,65,-26,59,81,-19,52,76,-26,46,74,-30,40,72,-33,52,85,-17,44,80,-23,38,76,-26,32,73,-28,46,89,-15,39,83,-20,34,79,-23,30,76,-24,42,91,-14,37,86,-18,33,83,-20,30,80,-21,44,71,-1,45,56,-3,46,43,-5,47,34,-7,46,24,-9,42,45,-8,57,43,-12,55,47,-14,50,48,-15,43,55,-9,59,51,-13,56,55,-13,51,56,-13,44,64,-11,59,60,-14,55,64,-13,50,64,-12,47,71,-12,56,70,-15,53,71,-14,48,71,-14,HELP
58,92,0,64,84,-9,68,75,-15,74,69,-20,81,66,-25,58,81,-17,52,77,-24,46,74,-28,40,72,-31,51,85,-15,44,79,-21,38,75,-24,33,72,-26,45,88,-14,39,82,-18,35,78,-20,31,74,-22,41,90,-13,36,86,-16,33,82,-17,30,79,-19,44,72,-1,45,58,-3,46,45,-5,47,34,-7,46,25,-8,43,44,-7,58,42,-12,56,47,-14,51,48,-15,43,53,-8,59,51,-13,56,55,-13,52,56,-13,44,62,-10,59,60,-14,56,64,-13,51,64,-12,47,70,-11,57,69,-14,54,71,-14,50,71,-14,HELP
57,93,0,63,85,-8,68,76,-14,74,69,-19,81,65,-24,57,80,-15,51,76,-21,46,74,-25,41,73,-27,50,84,-14,43,79,-19,37,75,-21,32,72,-23,45,88,-12,39,82,-16,34,78,-18,30,75,-19,41,90,-11,36,85,-14,33,83,-15,30,80,-16,45,71,-1,46,58,-3,47,44,-5,47,34,-7,46,25,-8,42,45,-7,58,42,-11,56,48,-12,51,48,-13,43,54,-8,59,52,-12,56,55,-12,51,56,-13,44,63,-9,58,61,-13,55,64,-12,51,64,-11,46,70,-11,55,69,-13,52,71,-13,47,71,-13,HELP
58,93,0,64,84,-8,68,75,-14,74,68,-19,81,66,-24,58,81,-17,52,76,-24,46,74,-27,40,72,-30,51,86,-15,44,80,-21,38,76,-24,33,72,-26,46,89,-14,39,83,-18,35,79,-20,31,75,-22,43,91,-13,37,86,-16,33,83,-17,30,79,-19,45,70,-1,45,56,-3,46,44,-5,46,35,-7,46,25,-9,42,44,-8,58,41,-12,56,46,-13,50,47,-14,43,53,-9,59,50,-13,56,54,-13,51,55,-14,44,62,-11,58,60,-15,55,63,-14,50,64,-14,47,70,-12,54,71,-16,50,73,-17,44,74,-17,HELP
58,93,0,64,84,-8,68,75,-14,74,68,-19,81,66,-24,58,81,-16,52,76,-22,46,74,-26,41,72,-29,52,86,-15,44,80,-20,38,76,-23,33,73,-25,46,89,-13,40,83,-18,35,79,-20,31,76,-21,43,91,-13,37,86,-16,34,83,-17,31,79,-18,44,71,-1,45,58,-3,46,44,-5,47,34,-7,47,25,-8,42,44,-7,58,42,-11,56,47,-12,51,47,-13,43,54,-8,59,51,-12,56,55,-12,51,55,-13,44,63,-9,59,60,-13,55,64,-12,51,64,-12,47,70,-11,56,70,-14,53,72,-14,48,72,-14,HELP
58,93,0,64,85,-8,68,75,-14,74,68,-19,81,65,-24,59,81,-17,53,76,-23,47,74,-27,41,73,-29,52,86,-15,44,80,-20,38,76,-23,33,73,-25,47,90,-14,40,83,-18,35,79,-20,31,76,-22,43,92,-13,37,86,-16,34,83,-17,31,80,-18,44,72,-1,45,59,-3,46,45,-5,47,35,-7,46,25,-8,43,44,-7,58,43,-11,56,48,-13,51,48,-14,43,53,-8,59,52,-12,56,56,-12,51,55,-13,44,63,-10,59,61,-13,55,64,-12,51,64,-12,47,70,-11,56,70,-14,53,72,-14,48,72,-14,HELP
58,93,0,64,84,-8,68,76,-15,74,69,-20,82,66,-25,58,82,-17,52,77,-24,47,74,-28,41,72,-31,51,86,-16,44,80,-21,38,76,-24,33,72,-26,46,89,-14,40,83,-19,35,79,-21,31,75,-22,42,90,-13,37,86,-16,34,83,-18,31,79,-19,43,72,-1,44,58,-3,46,45,-5,47,34,-7,47,25,-8,43,45,-7,58,43,-12,56,48,-14,51,48,-15,43,54,-8,59,52,-12,56,56,-13,52,57,-13,44,63,-10,59,61,-13,56,64,-12,52,65,-12,47,70,-11,57,70,-14,54,72,-14,50,72,-14,HELP
58,93,0,64,86,-8,68,76,-14,74,68,-19,81,65,-24,58,81,-16,53,77,-22,47,75,-26,41,73,-28,52,86,-14,44,82,-20,38,78,-22,33,75,-24,46,89,-13,40,85,-17,35,81,-19,31,78,-20,43,92,-12,37,87,-15,34,84,-16,31,81,-17,43,72,-1,44,58,-3,47,44,-5,47,34,-7,46,25,-8,43,45,-8,58,43,-12,56,48,-14,51,48,-15,44,54,-9,60,52,-13,56,56,-12,51,56,-13,45,63,-10,59,61,-14,56,63,-12,51,64,-12,47,70,-12,57,70,-14,53,72,-14,49,72,-14,HELP
58,94,0,64,85,-8,68,76,-14,75,69,-20,82,66,-25,59,83,-17,53,78,-24,47,75,-28,41,73,-31,52,87,-16,45,81,-22,39,77,-24,34,73,-26,47,90,-15,40,84,-19,36,80,-21,31,76,-22,43,92,-14,38,87,-17,34,84,-18,31,80,-19,43,72,-1,44,59,-3,47,45,-5,48,34,-7,46,25,-8,43,46,-8,58,43,-12,56,48,-14,51,49,-15,44,55,-9,60,53,-12,56,57,-12,51,57,-13,45,64,-10,59,62,-13,56,65,-12,51,65,-12,47,71,-12,57,70,-14,54,72,-13,50,72,-13,HELP
57,93,0,63,85,-9,68,76,-15,74,69,-20,82,66,-25,59,82,-17,53,78,-23,47,75,-27,41,73,-30,51,86,-15,44,80,-21,39,76,-23,34,73,-25,46,89,-14,40,83,-18,35,79,-20,31,75,-22,42,91,-13,37,87,-16,34,84,-17,31,80,-18,43,73,-1,44,59,-3,47,45,-5,48,35,-7,46,25,-8,43,46,-7,58,43,-12,56,48,-14,51,48,-14,44,54,-8,60,52,-12,56,56,-12,51,57,-12,45,63,-10,59,61,-13,56,64,-12,51,64,-11,47,70,-11,57,69,-13,54,72,-13,49,72,-13,HELP
58,94,0,64,86,-8,68,76,-14,74,69,-19,82,66,-24,58,82,-16,52,77,-23,47,75,-27,41,73,-30,51,86,-15,43,81,-20,38,77,-23,33,74,-25,46,89,-13,39,84,-18,35,80,-20,31,77,-21,42,91,-12,37,87,-15,34,83,-17,31,80,-18,44,73,-1,45,59,-3,47,45,-5,48,35,-7,47,25,-9,43,46,-8,58,43,-13,56,48,-14,51,48,-15,44,55,-9,60,53,-13,56,56,-13,52,57,-13,45,64,-11,60,61,-14,56,64,-13,52,65,-12,47,71,-12,58,70,-14,54,72,-14,50,72,-14,HELP
58,93,0,64,86,-9,68,77,-15,74,70,-20,82,66,-25,58,82,-17,52,78,-23,47,76,-27,41,74,-30,51,86,-15,44,81,-20,38,77,-23,33,75,-25,46,89,-13,40,84,-18,35,81,-19,31,78,-20,42,91,-12,37,87,-15,34,85,-16,31,81,-17,42,73,-1,44,59,-3,46,46,-5,47,35,-7,47,25,-8,43,45,-7,58,43,-12,56,49,-14,51,49,-15,43,54,-8,60,53,-12,56,57,-13,52,57,-13,44,63,-10,59,62,-13,56,66,-12,52,66,-12,46,71,-11,57,71,-13,54,73,-13,50,73,-13,HELP
57,92,0,63,85,-8,68,76,-14,74,70,-19,82,67,-24,58,82,-16,52,78,-22,47,76,-26,41,74,-29,51,86,-15,44,81,-20,38,78,-22,33,75,-24,46,89,-13,40,84,-17,35,81,-19,31,78,-20,42,91,-12,37,87,-15,34,84,-16,31,81,-17,43,73,-1,44,59,-3,47,45,-5,48,35,-7,47,25,-9,43,46,-8,58,44,-13,56,49,-14,52,49,-15,44,55,-9,60,53,-13,57,56,-12,52,57,-13,45,64,-10,60,61,-13,56,64,-12,52,65,-11,47,71,-12,58,70,-14,55,72,-13,50,72,-13,HELP
57,93,0,64,86,-9,68,77,-15,74,70,-20,82,67,-25,58,82,-17,52,78,-24,47,76,-28,41,74,-30,51,86,-16,44,81,-21,38,78,-23,33,75,-25,45,89,-14,39,84,-18,35,81,-20,31,78,-22,41,91,-13,37,87,-15,33,84,-17,31,81,-18,45,73,-1,45,60,-3,47,46,-5,48,35,-7,47,26,-8,43,47,-8,58,44,-13,56,49,-14,51,49,-15,44,56,-9,60,53,-13,56,57,-13,51,57,-13,45,65,-10,60,62,-14,56,65,-12,52,65,-12,48,72,-12,58,71,-14,55,73,-14,50,73,-14,HELP
57,93,0,64,86,-9,68,77,-16,75,70,-21,82,67,-27,58,82,-18,52,78,-25,47,76,-29,41,75,-32,51,86,-17,44,81,-22,38,78,-25,32,76,-27,46,89,-15,39,84,-19,35,82,-21,30,79,-23,42,91,-13,37,87,-17,33,85,-18,30,82,-19,43,74,-1,44,60,-3,46,46,-5,48,35,-7,47,26,-9,43,46,-8,58,44,-12,56,50,-14,51,50,-15,43,55,-9,60,53,-13,56,58,-13,52,58,-14,45,64,-10,60,63,-14,56,66,-13,52,67,-12,47,72,-12,57,72,-14,54,74,-14,49,74,-14,HELP
58,94,0,64,86,-8,68,77,-14,74,70,-19,82,67,-24,58,83,-16,52,78,-22,47,76,-26,41,74,-28,51,87,-14,44,81,-20,38,78,-22,33,76,-24,46,90,-13,40,84,-17,35,81,-19,31,78,-20,42,92,-12,37,88,-15,34,85,-16,31,82,-17,43,73,-1,44,60,-3,46,46,-5,48,35,-7,47,26,-8,43,47,-8,58,43,-12,56,48,-14,51,48,-14,43,56,-9,60,52,-12,56,56,-12,51,57,-12,45,64,-10,59,61,-13,56,64,-12,51,65,-11,47,72,-12,57,70,-14,55,72,-13,50,73,-13,HELP
58,94,0,64,87,-9,68,78,-15,74,71,-20,82,68,-25,59,83,-17,53,79,-24,47,77,-28,41,75,-30,52,87,-16,44,82,-21,38,79,-24,33,77,-26,47,90,-14,40,86,-18,35,82,-21,30,80,-22,43,92,-13,37,88,-16,34,85,-17,30,82,-19,43,73,-1,44,59,-3,47,45,-5,48,35,-7,47,25,-8,43,46,-8,58,44,-12,56,49,-14,51,49,-15,43,55,-9,60,53,-13,56,57,-12,52,57,-13,45,64,-10,59,62,-14,56,65,-13,52,65,-12,47,72,-12,57,71,-14,54,73,-14,49,73,-14,HELP
59,95,0,65,86,-8,68,77,-14,74,71,-19,82,68,-24,58,83,-16,53,79,-22,47,76,-26,41,75,-28,52,88,-15,44,82,-20,39,79,-22,33,75,-24,46,90,-13,40,86,-17,35,82,-19,31,78,-21,43,92,-12,37,88,-15,34,85,-16,31,82,-18,44,73,-1,45,59,-3,47,45,-5,48,34,-7,46,25,-8,43,46,-8,58,43,-12,56,48,-14,51,48,-14,43,56,-9,60,52,-13,56,56,-12,51,57,-12,45,65,-10,59,61,-13,56,64,-12,51,65,-11,47,72,-12,58,70,-14,55,72,-13,50,73,-13,HELP
58,93,0,64,86,-9,69,77,-15,74,71,-20,82,68,-25,58,83,-17,52,78,-23,47,76,-26,41,76,-29,51,87,-15,44,82,-20,38,78,-23,33,76,-25,46,90,-13,40,85,-17,35,82,-19,31,79,-21,43,92,-12,38,87,-14,34,85,-16,31,83,-17,45,73,-1,45,59,-3,46,45,-5,47,35,-7,46,25,-9,43,46,-8,58,43,-12,56,48,-14,51,49,-15,43,55,-9,59,52,-13,56,56,-13,51,57,-13,45,65,-11,59,62,-14,55,65,-13,51,66,-13,47,73,-12,55,72,-15,52,74,-15,47,75,-15,HELP
57,93,0,64,86,-9,68,77,-15,74,71,-20,82,68,-25,58,82,-16,52,78,-22,47,76,-26,41,76,-29,51,86,-14,44,81,-20,38,77,-22,33,75,-24,46,89,-13,39,84,-17,35,81,-19,31,78,-20,42,91,-12,37,87,-14,34,84,-16,31,82,-17,43,73,-1,44,58,-3,46,45,-5,47,35,-6,46,25,-8,42,45,-6,57,43,-10,55,48,-12,50,49,-13,42,55,-7,59,52,-10,56,57,-11,51,57,-11,44,64,-9,58,62,-12,55,65,-11,51,66,-10,46,72,-10,56,71,-12,53,73,-12,49,74,-12,HELP
59,94,0,65,86,-8,69,77,-14,75,70,-19,82,67,-24,59,83,-16,53,78,-22,47,75,-26,41,73,-29,52,87,-15,44,82,-20,38,79,-22,33,77,-24,47,90,-13,40,85,-17,35,81,-19,31,79,-20,43,92,-12,38,87,-15,35,84,-16,32,81,-17,42,71,-1,43,57,-2,46,44,-4,47,34,-5,46,24,-6,41,44,-6,57,43,-10,54,49,-11,49,49,-12,41,54,-7,58,53,-10,54,57,-11,50,57,-11,42,63,-8,57,61,-12,53,65,-11,49,65,-10,44,71,-10,53,71,-13,49,73,-12,45,73,-13,HELP
59,94,0,65,86,-8,69,77,-14,75,70,-18,82,67,-23,59,81,-15,54,77,-20,49,75,-24,43,74,-26,52,85,-13,45,80,-18,40,77,-20,35,74,-22,47,89,-12,41,83,-15,36,80,-17,32,77,-19,44,91,-11,39,86,-13,35,84,-14,32,81,-15,41,72,-1,42,58,-2,44,44,-4,45,35,-5,45,25,-6,40,44,-5,55,42,-9,53,48,-11,49,48,-12,40,53,-7,56,51,-10,53,56,-11,49,56,-12,41,63,-8,55,61,-12,52,64,-11,48,64,-11,43,71,-10,52,71,-13,49,73,-13,44,73,-13,HELP
58,93,0,64,85,-8,69,77,-13,75,70,-18,82,67,-22,60,82,-15,55,76,-21,49,74,-24,43,73,-27,53,86,-14,45,80,-19,40,77,-21,35,74,-24,48,89,-12,42,84,-16,37,80,-18,33,78,-20,44,91,-12,39,87,-14,36,84,-15,33,81,-16,38,71,-1,39,58,-3,42,44,-4,43,34,-6,42,25,-7,38,44,-6,53,41,-10,53,46,-12,48,48,-13,39,52,-7,55,50,-11,53,55,-11,49,56,-11,40,61,-9,55,59,-11,52,63,-10,48,63,-10,42,69,-10,53,69,-12,50,71,-12,46,72,-11,HELP
58,92,0,65,85,-8,69,77,-14,75,70,-18,82,67,-23,60,81,-14,55,76,-20,50,74,-24,45,73,-26,52,85,-13,46,79,-18,41,77,-21,36,74,-23,47,87,-12,41,83,-15,37,80,-17,33,77,-19,44,89,-11,39,86,-13,36,83,-14,33,81,-15,36,70,-1,37,57,-3,40,43,-5,42,33,-7,41,23,-9,38,44,-8,53,41,-13,52,46,-15,47,48,-16,38,53,-9,54,50,-13,52,55,-12,47,56,-12,39,62,-10,54,60,-13,51,63,-12,47,63,-11,41,70,-12,52,68,-13,50,70,-12,45,71,-12,HELP
59,93,0,65,85,-8,70,76,-14,76,69,-18,83,66,-23,60,81,-14,55,75,-20,50,73,-24,45,72,-27,53,84,-13,46,77,-18,41,74,-20,37,74,-23,48,87,-11,42,81,-15,38,79,-17,34,78,-19,44,89,-10,40,84,-13,36,83,-14,33,82,-15,34,68,-1,37,56,-4,40,42,-7,41,32,-9,40,23,-11,36,44,-11,52,40,-16,52,46,-17,48,48,-18,36,53,-12,53,50,-16,52,54,-15,47,56,-14,38,62,-13,53,59,-16,51,63,-13,46,64,-12,40,70,-14,51,69,-16,49,71,-15,45,72,-14,HELP
61,93,0,67,85,-7,71,76,-12,76,69,-16,83,65,-21,62,81,-14,56,75,-19,51,73,-23,46,72,-26,55,85,-13,48,78,-17,43,75,-20,38,72,-22,50,88,-11,44,83,-15,40,80,-17,35,77,-18,47,91,-11,42,86,-13,38,82,-14,35,80,-16,35,69,-1,37,56,-3,39,42,-6,40,31,-9,38,22,-11,34,43,-10,49,39,-16,50,45,-17,45,48,-17,35,53,-11,51,49,-16,50,54,-15,45,57,-14,37,62,-13,52,58,-16,50,63,-14,45,64,-12,39,70,-14,51,68,-16,49,70,-15,45,72,-14,HELP
