36,58,-1,39,43,-4,39,30,-7,39,19,-9,36,8,-12,32,28,-9,48,28,-13,48,33,-14,44,35,-15,32,38,-10,50,38,-14,49,44,-13,46,46,-13,32,49,-12,50,48,-16,49,52,-14,47,54,-13,34,58,-13,48,59,-17,52,59,-17,54,59,-17,45,85,0,49,74,-8,49,66,-13,50,60,-17,55,58,-21,35,68,-12,25,70,-16,17,71,-20,10,73,-22,30,73,-10,19,72,-14,10,71,-16,3,71,-18,28,76,-7,18,74,-10,10,73,-12,4,72,-13,27,78,-6,19,75,-7,13,74,-8,8,74,-8,H
35,65,-1,37,49,-3,38,33,-6,38,20,-8,36,9,-11,31,30,-10,48,28,-15,47,34,-16,43,36,-16,31,41,-12,50,38,-16,48,45,-14,44,47,-14,32,52,-14,50,49,-18,49,54,-16,46,55,-15,34,62,-16,49,61,-19,52,61,-19,53,61,-19,43,84,0,48,74,-11,49,67,-17,50,62,-22,54,59,-27,34,69,-16,24,69,-21,16,70,-25,9,72,-28,29,73,-12,18,73,-17,10,72,-20,2,72,-22,27,76,-9,17,75,-13,10,73,-15,4,72,-16,25,77,-7,19,75,-9,13,74,-10,8,73,-10,H
32,68,-1,35,51,-3,37,34,-5,37,22,-8,36,10,-10,31,31,-9,47,29,-14,47,37,-14,41,39,-15,30,41,-11,49,40,-15,47,48,-14,43,49,-14,31,52,-13,49,50,-17,48,56,-15,43,57,-13,33,63,-15,48,61,-18,50,61,-18,49,62,-18,43,83,0,47,73,-12,48,67,-19,49,62,-24,52,60,-29,32,69,-16,22,70,-22,14,70,-25,7,71,-28,28,73,-12,18,73,-17,9,73,-20,1,73,-22,26,76,-8,17,75,-12,10,73,-14,4,72,-16,25,77,-5,19,76,-7,13,74,-8,8,73,-9,H
38,70,-1,39,52,-3,38,35,-5,36,23,-8,34,10,-9,29,31,-9,45,27,-14,45,35,-14,40,38,-14,28,41,-11,46,39,-15,45,47,-13,41,49,-13,29,52,-13,47,49,-17,45,56,-14,41,59,-13,32,63,-15,47,60,-18,46,63,-17,43,65,-17,43,82,0,48,73,-12,48,67,-20,48,62,-26,51,59,-31,34,69,-19,23,70,-25,14,70,-29,6,71,-32,29,73,-15,18,74,-21,8,73,-25,0,73,-28,27,76,-11,17,75,-16,9,73,-19,2,72,-20,26,77,-8,19,75,-11,12,74,-13,7,73,-14,H
39,68,-1,41,53,-3,39,34,-6,37,21,-8,34,9,-10,26,29,-9,45,26,-15,45,35,-16,39,38,-16,26,39,-10,46,36,-15,45,46,-14,40,48,-13,27,49,-12,46,46,-17,44,54,-15,40,56,-13,30,59,-15,45,57,-19,45,61,-19,41,63,-20,43,80,0,46,71,-11,47,64,-18,49,59,-23,52,55,-28,32,67,-16,21,66,-22,13,66,-25,5,67,-28,28,71,-12,18,70,-18,9,68,-21,1,68,-23,27,74,-9,17,72,-13,10,70,-16,3,68,-17,26,76,-7,19,73,-9,13,71,-10,8,70,-11,H
42,64,-1,44,50,-5,41,33,-7,38,20,-9,35,10,-11,26,29,-8,43,25,-14,44,33,-15,39,37,-16,24,38,-9,44,34,-14,44,42,-13,39,44,-13,25,48,-10,44,45,-15,44,51,-13,39,53,-12,28,57,-12,43,55,-16,43,59,-17,39,61,-18,45,79,0,48,69,-11,49,62,-18,50,56,-23,54,52,-28,33,66,-16,23,65,-21,15,64,-25,8,64,-28,30,71,-12,20,70,-18,11,67,-21,4,65,-23,29,75,-9,20,72,-13,12,69,-16,6,66,-17,28,77,-7,21,74,-10,16,72,-11,11,69,-12,H
46,60,-1,47,46,-6,43,33,-10,40,21,-13,40,12,-15,25,28,-10,43,26,-15,44,33,-17,39,37,-18,24,36,-10,43,35,-15,44,43,-14,39,44,-13,25,46,-10,43,44,-15,43,49,-13,38,50,-12,29,56,-12,41,54,-16,40,56,-17,36,57,-18,46,78,0,49,68,-12,50,60,-20,51,54,-25,54,50,-31,35,64,-18,24,63,-25,15,62,-29,8,61,-31,31,69,-14,20,68,-20,11,66,-23,3,64,-25,30,72,-10,20,71,-14,12,68,-17,5,65,-18,29,74,-7,22,72,-9,16,69,-11,11,66,-11,H
44,59,-1,46,47,-8,43,36,-12,41,26,-15,45,17,-17,26,28,-9,40,28,-15,39,35,-19,33,37,-21,24,35,-8,43,36,-13,43,42,-12,37,42,-12,25,44,-8,43,43,-13,42,48,-11,36,48,-9,28,53,-9,41,50,-13,42,52,-13,39,53,-12,45,79,0,49,68,-12,50,60,-20,51,55,-25,54,51,-30,35,64,-19,24,63,-24,15,62,-28,7,62,-31,31,69,-14,19,67,-19,10,65,-23,2,63,-25,29,71,-9,19,69,-13,11,66,-16,5,64,-17,28,73,-6,21,70,-8,14,68,-9,10,66,-10,H
42,54,-1,43,42,-5,40,30,-9,37,19,-11,38,11,-13,25,26,-8,41,24,-12,41,30,-14,36,33,-15,24,36,-8,42,34,-12,42,40,-11,36,41,-11,25,46,-9,43,44,-12,41,48,-11,35,47,-10,29,55,-10,41,52,-14,40,55,-14,35,57,-15,44,77,0,49,66,-13,50,58,-20,51,52,-26,56,49,-31,35,63,-20,25,62,-26,16,61,-30,8,60,-33,31,67,-15,19,66,-21,10,63,-25,2,62,-27,29,69,-11,18,68,-15,10,65,-18,4,62,-19,27,70,-7,20,68,-9,13,66,-11,8,64,-11,H
35,44,-1,36,34,-5,35,24,-8,34,16,-11,35,8,-13,26,24,-9,40,25,-13,40,28,-15,36,30,-17,25,34,-9,42,35,-12,40,37,-12,35,37,-12,26,43,-10,42,43,-13,40,45,-11,34,45,-10,28,52,-11,40,51,-15,39,52,-15,35,53,-15,44,77,0,49,66,-13,49,57,-20,51,52,-25,55,49,-30,34,62,-19,24,61,-25,16,60,-29,9,60,-32,30,66,-14,19,65,-20,10,62,-23,3,61,-25,28,68,-10,18,67,-13,11,64,-15,5,62,-17,27,69,-6,19,67,-8,13,65,-9,9,64,-9,H
36,44,-1,37,34,-4,35,23,-6,34,14,-8,32,5,-10,27,24,-7,40,24,-12,40,27,-14,37,28,-16,25,33,-8,42,32,-11,40,35,-12,35,36,-13,26,41,-8,42,41,-11,40,44,-10,35,44,-10,28,50,-10,40,49,-13,39,50,-13,36,51,-13,44,76,0,49,64,-12,49,56,-19,51,51,-24,55,48,-30,35,61,-19,24,60,-25,16,59,-29,8,59,-31,31,65,-15,19,64,-20,10,61,-23,3,60,-25,29,67,-10,19,66,-14,11,63,-16,5,61,-17,27,68,-6,20,66,-8,14,65,-10,9,63,-10,H
35,46,-1,37,35,-5,35,23,-7,34,13,-9,32,4,-10,26,23,-8,40,23,-12,40,27,-15,36,29,-16,24,32,-8,42,32,-12,40,35,-12,35,36,-13,25,42,-9,41,41,-12,39,44,-10,35,45,-10,28,51,-10,40,50,-14,38,51,-14,34,52,-14,42,74,0,47,63,-14,48,56,-23,50,50,-29,54,47,-35,33,61,-22,23,60,-29,14,60,-34,7,59,-37,29,64,-17,17,64,-23,8,61,-27,1,60,-29,26,66,-11,16,64,-16,9,61,-18,3,59,-19,25,66,-6,17,64,-9,11,62,-10,6,60,-11,H
35,47,-1,37,36,-5,35,24,-8,34,14,-10,32,5,-11,26,24,-9,40,23,-14,40,27,-16,36,29,-18,24,33,-9,42,32,-13,40,36,-13,35,36,-14,25,43,-10,41,42,-13,39,44,-11,35,45,-11,27,52,-11,40,50,-14,38,51,-15,34,53,-15,42,75,0,47,64,-13,48,57,-21,49,51,-27,53,47,-33,32,61,-20,21,61,-27,13,60,-31,5,60,-34,28,65,-15,16,64,-21,7,62,-25,0,61,-27,26,67,-10,15,65,-14,8,62,-17,2,59,-18,24,67,-6,17,65,-8,11,62,-9,6,60,-10,H
34,50,-1,36,38,-5,35,25,-7,33,14,-9,32,4,-11,25,24,-9,40,23,-14,41,29,-16,36,31,-18,24,33,-9,41,32,-14,40,38,-14,35,38,-15,24,43,-10,41,42,-14,39,46,-13,35,46,-12,26,52,-12,39,50,-15,38,52,-16,35,53,-16,41,74,0,46,64,-14,47,57,-23,49,52,-29,52,48,-35,31,62,-23,21,62,-30,12,61,-35,5,61,-37,27,65,-17,15,65,-24,6,62,-27,-1,62,-29,25,66,-11,14,65,-16,7,62,-18,1,60,-19,23,66,-7,16,64,-9,10,62,-10,5,59,-11,H
33,49,-1,36,37,-5,35,24,-9,34,14,-11,32,4,-14,25,24,-12,39,24,-17,40,28,-19,35,29,-21,24,34,-12,41,33,-17,39,37,-17,34,38,-17,25,44,-13,41,42,-17,39,45,-15,34,45,-13,26,53,-14,38,51,-18,38,52,-18,34,52,-17,41,75,0,46,66,-13,48,59,-22,48,52,-28,51,47,-34,31,62,-22,20,62,-29,11,61,-34,3,60,-37,26,65,-17,14,64,-24,5,62,-28,-3,61,-30,23,66,-12,13,65,-17,4,61,-20,-2,59,-22,22,67,-8,14,64,-11,8,62,-13,3,60,-13,H
34,50,-1,36,37,-5,35,25,-9,34,14,-11,32,4,-14,25,26,-12,40,24,-18,40,28,-20,35,30,-22,23,35,-12,41,33,-18,40,37,-18,34,38,-18,25,45,-13,41,43,-18,39,46,-15,34,46,-14,27,54,-14,38,52,-18,36,53,-19,32,54,-18,42,76,0,47,66,-14,48,59,-23,49,52,-30,51,47,-36,31,62,-24,20,62,-32,12,61,-37,4,59,-40,26,65,-19,13,64,-26,3,60,-31,-5,57,-34,23,67,-13,11,64,-19,3,59,-23,-4,56,-25,21,67,-9,14,64,-13,7,62,-14,2,59,-16,H
34,51,-1,36,39,-5,34,25,-8,33,15,-10,32,5,-12,24,24,-9,40,24,-14,40,30,-16,35,32,-18,23,34,-10,40,33,-14,39,39,-14,34,39,-14,24,43,-11,40,42,-15,39,46,-13,34,46,-13,26,53,-13,38,50,-16,37,52,-17,34,53,-17,42,75,0,46,65,-15,47,58,-24,48,52,-30,51,48,-36,29,62,-23,18,62,-30,9,61,-35,2,59,-37,24,65,-17,11,64,-23,2,60,-27,-6,57,-30,22,66,-11,11,65,-16,2,60,-19,-4,57,-20,21,67,-6,13,64,-9,6,62,-10,1,59,-11,H
33,50,-1,35,38,-4,33,25,-7,32,14,-9,30,5,-10,23,24,-9,37,23,-14,39,29,-17,34,31,-18,21,33,-10,39,32,-15,38,38,-15,34,40,-16,21,43,-11,38,42,-15,38,46,-14,34,47,-13,23,52,-12,36,50,-16,36,52,-16,33,53,-16,40,77,0,44,66,-12,44,58,-19,45,52,-24,49,48,-30,29,62,-19,19,62,-26,11,61,-31,4,60,-33,24,67,-16,12,65,-21,4,62,-24,-3,60,-26,21,70,-12,11,67,-16,4,63,-18,-2,61,-19,20,72,-9,13,68,-12,7,65,-13,3,62,-13,H
33,51,-1,35,40,-4,33,26,-6,31,16,-8,30,6,-9,23,24,-6,37,23,-11,38,29,-14,34,31,-16,21,33,-7,38,32,-11,38,38,-12,33,39,-13,21,42,-8,37,42,-12,37,46,-11,33,47,-10,23,51,-10,35,50,-13,35,52,-13,32,53,-13,38,75,0,44,66,-16,44,59,-26,45,53,-33,48,48,-40,29,62,-27,18,62,-36,10,60,-42,2,59,-46,24,66,-22,11,65,-30,1,61,-35,-7,59,-39,21,69,-16,9,66,-23,1,62,-28,-6,59,-30,19,70,-12,11,66,-16,5,63,-18,1,59,-20,H
