58,95,0,62,84,-9,63,74,-15,65,66,-19,70,61,-24,50,78,-16,39,73,-21,32,67,-25,27,61,-27,44,84,-13,32,76,-18,25,68,-21,21,61,-22,41,87,-11,29,80,-15,23,71,-17,20,64,-18,39,89,-10,31,82,-13,26,75,-14,23,69,-14,50,70,-1,51,59,-3,50,48,-6,49,39,-8,47,30,-10,42,45,-8,56,44,-12,55,47,-14,51,49,-15,41,52,-9,57,52,-13,55,56,-13,50,56,-14,42,60,-10,57,60,-13,54,63,-11,50,64,-10,44,69,-12,55,68,-15,53,69,-15,50,69,-15,HELP
61,95,0,65,84,-9,66,74,-16,68,66,-21,73,61,-26,53,79,-17,42,73,-24,35,67,-27,30,62,-30,48,84,-15,36,77,-21,29,68,-23,23,61,-25,45,88,-13,34,80,-17,27,72,-19,23,65,-20,43,90,-11,35,83,-14,30,78,-16,26,72,-16,48,64,0,50,54,-5,51,45,-9,51,38,-13,49,30,-16,44,46,-14,58,44,-19,57,46,-21,53,47,-22,43,55,-14,59,52,-18,56,54,-18,52,55,-18,44,63,-14,58,60,-17,55,61,-15,51,62,-14,46,70,-15,55,68,-18,53,68,-17,49,69,-17,HELP
61,95,0,66,84,-8,67,75,-14,69,67,-19,74,62,-23,54,79,-15,44,74,-21,37,68,-24,31,62,-26,48,85,-13,36,77,-18,30,68,-21,25,61,-22,45,88,-12,34,80,-16,28,72,-18,24,65,-19,43,89,-11,35,83,-13,31,76,-15,27,70,-15,52,69,-1,53,58,-4,53,47,-7,52,39,-9,50,30,-11,45,46,-10,59,44,-14,58,47,-16,53,49,-18,44,54,-10,60,52,-15,57,55,-15,53,57,-16,45,62,-11,60,60,-14,56,63,-13,52,64,-12,46,70,-12,57,69,-15,55,70,-16,51,71,-16,HELP
62,95,0,67,85,-9,68,75,-16,70,67,-21,75,62,-26,55,79,-18,45,74,-24,38,68,-28,33,62,-30,50,85,-16,37,78,-21,30,69,-24,26,61,-25,47,89,-14,35,81,-18,28,72,-20,24,64,-21,45,91,-12,36,83,-15,32,76,-17,28,69,-17,54,69,-1,55,59,-4,54,48,-7,52,39,-9,50,30,-11,46,46,-9,60,44,-14,59,48,-16,54,50,-18,44,54,-9,61,52,-14,58,56,-15,54,57,-16,45,62,-10,60,59,-14,57,63,-13,53,64,-12,47,70,-11,57,69,-15,55,69,-15,51,69,-16,HELP
63,94,0,67,84,-9,69,75,-16,71,67,-21,76,62,-27,56,80,-18,46,74,-25,39,68,-29,33,62,-31,50,85,-16,39,76,-22,31,68,-25,26,60,-27,47,88,-14,36,80,-19,29,71,-21,25,64,-23,45,89,-12,37,83,-16,32,76,-18,28,70,-19,54,69,-1,55,58,-5,54,47,-8,53,39,-11,51,30,-13,46,47,-11,60,44,-16,59,48,-19,54,50,-21,44,55,-11,61,52,-16,59,57,-16,54,57,-17,45,63,-11,59,60,-15,57,63,-14,53,63,-13,47,71,-12,51,69,-17,45,67,-18,39,65,-18,HELP
63,95,0,68,84,-10,69,75,-17,72,67,-22,77,61,-28,57,80,-19,47,74,-26,40,68,-30,34,62,-33,51,85,-17,40,78,-23,33,69,-25,27,62,-27,48,89,-14,37,81,-19,30,73,-21,26,65,-22,46,90,-12,37,83,-16,32,77,-17,29,71,-18,54,69,-1,55,59,-4,54,48,-7,53,39,-10,51,30,-12,47,47,-11,61,44,-16,60,48,-18,55,50,-20,46,54,-12,62,52,-16,59,56,-17,54,57,-18,46,62,-12,60,59,-16,57,62,-14,52,63,-13,47,69,-13,54,68,-17,50,68,-18,44,67,-19,HELP
65,94,0,69,84,-9,70,75,-16,72,67,-21,77,62,-27,58,80,-19,47,74,-26,40,67,-29,35,61,-32,52,86,-17,40,77,-22,33,69,-25,28,61,-26,49,89,-14,37,81,-19,31,73,-21,27,65,-22,47,91,-13,38,84,-16,34,78,-17,30,72,-18,55,70,-1,55,59,-4,55,48,-7,54,39,-10,52,30,-12,48,47,-11,62,44,-16,60,47,-18,56,49,-19,46,55,-12,62,51,-16,60,56,-16,55,56,-16,47,63,-13,61,59,-16,58,62,-13,54,62,-12,48,71,-14,55,68,-17,51,67,-17,46,66,-17,HELP
64,95,0,69,85,-10,70,75,-17,73,67,-22,78,62,-28,58,80,-19,47,74,-26,40,67,-30,35,61,-32,52,85,-16,40,77,-22,33,69,-25,28,61,-27,49,89,-14,38,81,-19,31,72,-21,27,65,-22,47,90,-12,39,83,-16,34,77,-17,30,70,-18,55,69,-1,56,58,-3,56,47,-6,55,38,-9,53,29,-11,48,46,-10,61,43,-15,60,46,-17,56,48,-18,46,54,-11,63,51,-15,60,55,-15,55,56,-15,47,62,-12,61,58,-15,58,61,-13,54,62,-12,48,70,-13,55,67,-17,51,67,-17,46,66,-17,HELP
65,95,0,69,84,-9,70,75,-16,73,66,-22,78,61,-27,59,79,-19,48,74,-26,41,67,-30,36,61,-33,53,85,-17,41,77,-23,34,68,-26,29,61,-28,50,89,-15,38,81,-20,32,72,-22,27,64,-24,48,91,-14,39,84,-17,35,77,-19,31,71,-20,55,68,-1,56,58,-5,56,47,-8,54,39,-11,52,29,-13,48,46,-13,63,43,-18,61,47,-20,56,49,-21,47,54,-13,63,51,-18,60,55,-17,56,56,-17,47,63,-14,61,59,-17,58,62,-14,55,63,-13,49,71,-14,52,68,-19,46,66,-19,41,63,-20,HELP
65,95,0,69,84,-9,70,74,-16,73,66,-21,79,61,-26,59,80,-19,48,74,-26,42,67,-29,36,61,-32,53,85,-17,41,77,-23,34,68,-25,29,61,-27,49,89,-15,38,81,-20,32,72,-22,28,64,-23,47,90,-13,39,84,-17,34,77,-18,30,71,-19,56,70,-1,56,59,-3,56,47,-7,55,38,-9,53,28,-12,48,46,-11,63,44,-15,61,48,-17,57,49,-18,47,54,-12,63,52,-16,61,57,-15,56,57,-15,48,63,-13,62,59,-16,58,63,-13,54,64,-11,50,71,-14,54,69,-18,49,67,-19,43,66,-19,HELP
65,95,0,69,84,-8,71,75,-15,74,67,-19,79,61,-24,59,79,-17,48,74,-23,42,68,-27,37,61,-29,53,85,-15,41,77,-21,35,69,-23,30,61,-25,49,88,-14,38,81,-18,33,72,-20,29,65,-21,47,90,-12,39,84,-16,34,78,-17,31,72,-18,56,70,-1,57,59,-4,56,48,-7,55,39,-10,53,30,-12,49,46,-11,63,43,-16,62,47,-18,57,48,-20,47,54,-12,64,51,-16,61,55,-16,56,56,-16,48,63,-13,62,59,-16,59,62,-13,55,62,-12,49,71,-14,54,69,-18,49,66,-18,44,64,-18,HELP
65,95,0,70,85,-9,71,75,-16,74,66,-21,80,60,-26,60,79,-19,50,73,-25,43,67,-29,37,61,-32,54,85,-17,42,77,-23,36,69,-25,30,61,-27,50,88,-15,39,81,-20,34,72,-22,29,65,-23,48,90,-13,40,84,-17,35,78,-18,31,72,-19,57,70,-1,57,58,-3,56,47,-6,55,39,-9,53,29,-11,49,46,-11,63,44,-15,62,47,-17,58,49,-19,48,54,-12,64,51,-16,62,56,-15,57,57,-15,49,62,-13,63,59,-16,60,62,-13,56,63,-11,50,71,-14,56,69,-18,51,67,-18,46,65,-18,HELP
65,95,0,70,85,-10,72,75,-17,75,67,-22,81,61,-27,60,79,-19,49,73,-26,43,67,-30,37,61,-33,53,84,-17,41,77,-23,35,69,-25,31,61,-26,49,87,-14,38,80,-19,33,72,-21,29,64,-22,47,89,-12,39,82,-16,35,76,-17,32,69,-18,58,71,-1,58,60,-4,57,48,-7,56,39,-10,53,30,-12,49,47,-12,63,43,-17,62,47,-19,58,49,-20,47,54,-12,64,51,-17,62,56,-16,57,57,-16,48,63,-13,63,59,-17,60,62,-13,57,63,-12,50,71,-14,54,68,-19,47,66,-19,41,63,-19,HELP
66,95,0,70,85,-9,72,75,-15,75,66,-20,81,61,-25,61,80,-18,51,74,-25,44,68,-29,39,62,-31,55,85,-16,44,77,-22,37,68,-24,32,61,-26,51,88,-14,40,80,-19,35,72,-21,31,64,-22,48,90,-13,40,83,-16,36,77,-18,32,71,-19,60,70,-1,59,59,-3,57,47,-6,56,39,-8,54,29,-10,50,46,-9,64,43,-13,63,47,-15,59,49,-16,49,53,-10,65,51,-14,62,55,-14,58,55,-14,50,62,-11,64,59,-14,61,62,-12,56,63,-11,52,70,-12,56,68,-16,52,66,-16,47,65,-17,HELP
66,95,0,71,85,-8,73,75,-15,76,66,-20,82,61,-24,61,80,-17,51,73,-24,44,67,-27,39,61,-29,55,85,-16,43,77,-21,37,68,-23,32,61,-24,51,88,-14,40,81,-18,35,72,-19,32,64,-20,48,90,-12,40,83,-15,36,77,-16,33,71,-17,59,67,-1,59,56,-4,57,46,-7,56,38,-10,54,29,-12,51,46,-10,63,44,-14,62,46,-16,60,47,-17,50,53,-11,65,52,-14,63,55,-13,58,56,-14,50,61,-11,64,59,-14,61,62,-11,57,62,-10,52,69,-12,57,68,-16,52,66,-16,47,65,-16,HELP
67,95,0,71,85,-9,73,75,-15,76,66,-20,83,61,-26,62,79,-19,52,74,-25,45,67,-29,40,61,-31,55,84,-17,44,77,-22,37,68,-24,33,61,-26,51,88,-15,40,80,-19,35,71,-21,31,64,-22,48,90,-13,41,83,-17,37,77,-18,33,71,-19,59,67,-1,58,56,-4,58,47,-8,57,39,-11,55,31,-14,51,47,-14,64,43,-19,63,45,-21,60,46,-22,50,54,-14,65,50,-19,63,53,-18,59,54,-19,51,62,-15,64,58,-18,61,60,-16,57,61,-14,53,70,-16,59,67,-20,57,66,-20,53,66,-20,HELP
66,95,0,71,85,-8,73,75,-14,76,67,-19,83,61,-23,61,78,-16,51,73,-22,45,67,-25,40,61,-27,54,83,-14,43,76,-19,38,68,-21,34,61,-22,50,87,-12,40,79,-16,36,71,-17,33,64,-18,48,89,-11,40,82,-14,37,76,-15,34,69,-16,58,67,-1,58,56,-4,58,46,-7,57,39,-10,55,30,-12,52,47,-12,65,43,-16,63,45,-18,60,47,-19,51,54,-13,65,50,-16,63,53,-15,59,54,-15,51,63,-13,63,58,-16,61,60,-13,58,61,-12,53,70,-14,54,67,-18,48,63,-19,42,61,-19,HELP
67,95,0,72,85,-8,74,74,-14,77,66,-19,84,61,-24,62,79,-17,52,73,-23,46,67,-27,41,61,-29,56,84,-15,44,77,-20,38,68,-22,34,61,-24,52,88,-13,41,80,-17,37,71,-19,33,64,-20,50,90,-12,42,83,-16,38,76,-17,35,70,-18,60,70,-1,60,59,-3,59,47,-6,57,38,-8,55,29,-10,51,45,-10,66,42,-14,64,46,-15,60,48,-16,50,53,-11,67,50,-14,64,55,-14,60,55,-14,51,62,-12,65,58,-15,63,61,-12,59,63,-11,53,70,-14,56,67,-17,49,65,-18,43,63,-18,HELP
68,95,0,72,85,-7,74,75,-13,78,67,-18,84,62,-23,63,79,-16,53,73,-22,47,67,-25,42,61,-27,57,84,-15,45,76,-20,39,67,-21,35,60,-22,52,88,-13,41,79,-17,37,70,-18,34,63,-19,50,90,-12,42,83,-15,38,76,-16,36,69,-17,62,72,-1,61,60,-3,59,48,-5,58,39,-7,55,30,-9,52,45,-8,67,43,-12,65,47,-14,61,49,-15,51,53,-9,67,51,-12,65,56,-12,61,57,-13,52,62,-10,65,59,-13,63,62,-11,60,64,-10,54,71,-12,56,67,-16,49,65,-16,43,62,-16,HELP
69,96,0,73,86,-8,75,75,-14,79,67,-19,85,62,-24,64,80,-17,54,73,-23,47,67,-27,42,60,-29,58,85,-15,46,76,-20,40,68,-22,35,60,-24,53,88,-14,43,80,-17,38,71,-19,34,64,-20,51,90,-12,43,83,-15,39,77,-17,35,71,-17,62,72,-1,62,60,-3,60,48,-5,58,38,-8,55,29,-10,52,45,-9,67,42,-13,66,47,-14,61,49,-16,51,53,-10,68,50,-13,65,56,-13,61,57,-13,52,62,-11,66,58,-15,64,62,-12,60,64,-11,53,71,-13,55,67,-17,48,64,-18,41,61,-18,HELP
68,95,0,72,85,-8,75,75,-14,78,67,-18,85,62,-23,63,79,-16,53,73,-22,47,67,-26,42,60,-28,57,85,-15,46,76,-20,40,68,-21,35,60,-23,52,88,-13,42,80,-17,38,71,-18,34,64,-19,50,90,-12,42,83,-15,38,77,-16,35,70,-16,62,72,-1,61,60,-3,60,48,-5,58,38,-7,55,29,-9,53,45,-9,67,43,-13,66,47,-14,61,49,-15,51,53,-10,68,51,-14,66,56,-13,61,57,-13,52,62,-11,65,59,-15,64,62,-13,60,64,-11,53,71,-13,55,67,-17,48,64,-18,42,61,-18,HELP
68,95,0,73,86,-9,75,75,-15,79,67,-20,86,62,-25,64,79,-18,54,73,-24,48,67,-28,43,61,-30,57,84,-16,46,75,-21,41,67,-23,36,60,-25,52,87,-14,43,78,-18,38,70,-19,34,62,-20,49,89,-12,42,81,-15,39,75,-16,36,69,-17,63,74,-1,63,62,-2,61,49,-4,59,39,-6,56,29,-8,53,45,-6,67,42,-10,66,48,-12,62,50,-13,51,52,-8,68,51,-11,66,57,-11,61,58,-12,52,61,-9,66,58,-13,64,63,-11,61,64,-10,54,70,-11,55,67,-15,49,64,-15,42,61,-16,HELP
68,95,0,73,85,-9,76,75,-15,79,67,-20,86,62,-25,63,78,-17,54,73,-23,48,67,-27,43,60,-29,56,83,-15,46,75,-20,40,67,-22,36,60,-23,52,86,-13,42,79,-17,38,70,-18,34,63,-19,50,88,-11,43,82,-14,39,76,-15,36,69,-16,63,75,-1,63,63,-2,61,50,-5,59,39,-7,56,29,-9,53,46,-8,68,43,-12,66,49,-13,61,51,-14,52,53,-9,68,51,-13,66,58,-12,62,58,-12,52,62,-11,67,59,-14,65,64,-12,61,65,-11,54,71,-13,56,67,-17,49,64,-18,42,61,-18,HELP
68,95,0,73,85,-8,75,75,-13,79,67,-18,86,63,-22,63,78,-15,54,73,-21,48,67,-24,44,61,-26,56,83,-13,46,75,-18,41,67,-20,37,60,-21,52,86,-12,42,78,-15,38,71,-17,34,64,-17,50,88,-11,42,81,-13,39,76,-14,36,70,-14,63,73,-1,63,61,-2,61,48,-5,59,38,-8,56,28,-10,53,46,-9,68,44,-13,67,49,-14,62,51,-15,52,54,-11,69,51,-14,67,57,-13,62,57,-12,52,62,-12,66,59,-16,65,63,-13,61,64,-11,54,70,-14,56,67,-18,50,64,-19,43,62,-20,HELP
69,96,0,73,86,-9,76,76,-16,79,68,-21,86,62,-26,64,79,-18,55,74,-25,49,67,-29,44,61,-32,57,84,-16,47,76,-22,41,68,-24,37,60,-26,53,87,-14,43,79,-19,38,71,-21,35,63,-22,50,89,-13,43,82,-16,39,76,-18,36,69,-18,64,72,-1,64,60,-3,61,48,-5,59,38,-7,56,29,-9,53,45,-9,67,43,-12,67,48,-13,62,50,-14,52,53,-10,68,51,-13,67,57,-13,62,58,-13,53,62,-11,66,58,-15,65,63,-12,62,64,-11,55,71,-13,55,67,-17,48,64,-18,42,61,-18,HELP
68,96,0,73,87,-9,76,76,-15,79,68,-20,86,63,-25,65,80,-17,55,74,-24,49,68,-27,44,62,-29,57,85,-15,46,77,-20,41,69,-22,37,62,-23,53,88,-13,42,80,-17,38,72,-19,35,64,-20,50,89,-12,42,83,-15,38,76,-16,36,70,-16,64,73,-1,64,61,-3,61,49,-6,59,39,-9,56,29,-11,53,46,-9,67,43,-13,66,47,-14,62,50,-15,52,54,-11,68,51,-14,67,57,-13,62,57,-13,53,63,-12,66,59,-15,65,63,-13,61,64,-11,55,72,-14,55,68,-18,48,65,-19,42,62,-19,HELP
70,97,0,74,87,-8,76,76,-14,79,68,-19,86,63,-23,65,81,-17,55,75,-23,48,69,-27,43,62,-29,58,87,-15,47,79,-20,41,70,-22,37,63,-24,54,90,-14,44,82,-18,39,74,-19,36,66,-20,51,91,-13,43,85,-15,39,79,-17,37,72,-17,63,72,-1,63,60,-3,61,48,-6,59,38,-9,56,29,-11,52,46,-10,67,44,-14,66,48,-16,62,50,-17,51,55,-11,68,51,-15,67,57,-14,62,58,-14,53,64,-12,66,59,-16,65,63,-13,61,65,-12,54,72,-14,56,69,-18,49,65,-19,42,62,-19,HELP
69,96,0,73,87,-8,76,77,-15,80,69,-20,87,64,-25,64,80,-17,54,75,-23,48,69,-27,44,63,-29,57,85,-15,46,78,-20,41,69,-22,37,62,-24,53,89,-14,43,81,-18,38,73,-19,35,66,-20,51,91,-13,43,85,-15,39,78,-17,36,72,-17,62,71,-1,62,60,-3,60,48,-6,59,38,-8,57,29,-10,53,46,-8,68,45,-12,66,48,-14,62,50,-16,52,54,-9,69,53,-12,66,57,-12,62,57,-13,53,63,-10,67,60,-13,64,63,-11,61,64,-10,55,72,-11,58,69,-15,51,66,-15,44,63,-15,HELP
69,97,0,73,87,-8,76,77,-14,79,69,-19,86,65,-24,63,81,-16,54,76,-22,48,70,-26,44,63,-28,56,86,-14,46,79,-19,40,71,-21,37,63,-22,52,89,-12,42,82,-16,38,74,-18,35,66,-19,50,90,-11,43,84,-14,39,78,-15,37,72,-15,62,72,-1,61,60,-3,60,48,-7,58,39,-9,56,30,-12,53,47,-10,67,43,-15,66,46,-16,63,49,-17,51,55,-11,68,52,-15,66,57,-14,61,57,-14,52,64,-12,66,60,-16,64,63,-13,61,64,-12,54,73,-14,56,69,-18,50,66,-19,44,63,-19,HELP
69,97,0,73,87,-8,75,77,-13,79,70,-18,86,66,-22,63,81,-15,54,77,-21,48,71,-24,44,65,-27,56,86,-13,46,81,-18,41,73,-20,37,65,-21,53,90,-12,43,84,-15,38,75,-17,35,68,-18,51,92,-10,44,86,-13,40,80,-14,37,73,-15,57,65,-1,57,54,-5,58,44,-8,58,37,-11,57,29,-14,53,48,-12,68,46,-16,66,47,-19,63,47,-20,53,56,-12,69,54,-15,66,56,-15,62,56,-16,54,65,-13,69,62,-15,65,63,-13,61,62,-12,56,72,-14,64,71,-17,60,70,-17,55,69,-17,HELP
69,97,0,74,88,-8,76,79,-14,79,71,-19,85,67,-23,64,82,-16,55,78,-22,49,72,-26,45,66,-28,57,87,-14,46,82,-19,41,74,-21,37,66,-22,53,91,-13,43,85,-16,38,76,-18,35,69,-19,51,93,-11,44,88,-14,40,82,-16,38,75,-16,57,68,-1,57,57,-3,58,46,-6,58,37,-8,57,28,-10,53,47,-8,68,45,-12,66,48,-14,62,49,-16,53,56,-9,70,54,-12,66,57,-12,61,57,-13,54,65,-11,69,63,-13,65,64,-12,61,65,-11,56,73,-12,66,73,-15,63,73,-15,59,73,-15,HELP
69,98,0,74,89,-8,76,78,-15,80,71,-19,86,67,-24,65,85,-18,56,80,-25,50,74,-28,45,68,-30,59,90,-16,47,83,-21,41,75,-23,37,67,-24,54,93,-14,44,86,-18,39,78,-19,36,70,-20,52,95,-12,44,89,-15,40,83,-16,38,76,-17,53,77,-1,55,62,-2,57,49,-4,58,38,-6,57,28,-8,53,47,-6,69,45,-10,67,50,-12,62,51,-13,53,56,-7,70,54,-10,67,58,-10,62,59,-11,54,65,-9,70,63,-12,66,67,-11,62,67,-10,55,73,-11,67,74,-13,64,76,-13,59,77,-13,HELP
69,99,0,74,89,-8,76,78,-14,80,71,-19,86,67,-24,65,84,-18,56,80,-24,50,74,-27,44,68,-30,59,90,-16,48,83,-21,42,75,-23,37,67,-24,54,93,-14,44,86,-17,39,77,-19,35,70,-20,52,95,-12,44,90,-15,40,84,-17,37,77,-17,49,79,-1,51,64,-3,55,50,-5,57,40,-8,57,30,-10,53,47,-7,70,46,-12,68,52,-14,62,52,-15,53,56,-9,71,56,-13,67,61,-12,62,61,-13,54,66,-11,71,65,-14,67,69,-13,62,68,-12,56,75,-13,67,74,-14,64,76,-14,60,76,-13,HELP
69,98,0,74,89,-8,76,79,-14,80,72,-19,86,68,-24,64,85,-17,54,80,-22,49,74,-26,44,69,-28,57,90,-15,47,83,-19,41,75,-21,37,68,-22,54,93,-13,44,86,-16,39,78,-18,36,71,-19,52,95,-11,44,89,-14,40,83,-15,38,78,-16,45,76,-1,48,65,-2,54,50,-4,57,40,-6,58,30,-7,53,48,-7,69,46,-12,67,53,-13,62,54,-14,54,56,-9,70,56,-12,67,61,-11,62,61,-11,55,64,-10,70,65,-13,66,69,-11,61,68,-10,56,72,-12,68,72,-13,65,75,-12,61,75,-11,HELP
68,98,0,73,89,-9,76,80,-16,80,73,-21,86,69,-26,63,85,-18,55,81,-25,49,75,-29,44,70,-31,57,89,-16,47,84,-21,41,76,-23,37,69,-25,52,93,-14,43,87,-17,38,79,-19,35,71,-20,50,94,-12,43,89,-15,40,84,-16,37,78,-17,45,74,-1,48,63,-2,54,49,-5,57,39,-7,57,29,-9,54,47,-9,69,46,-13,67,52,-13,63,54,-13,54,55,-10,70,55,-13,67,59,-12,62,60,-12,55,64,-11,70,64,-13,67,68,-11,62,68,-10,56,72,-12,68,72,-13,65,75,-12,61,75,-10,HELP
69,98,0,74,90,-9,76,81,-16,80,73,-21,86,69,-26,65,86,-18,56,82,-25,50,76,-29,45,70,-32,58,91,-16,47,85,-21,41,77,-24,37,69,-25,54,94,-14,44,88,-18,38,80,-20,35,72,-21,51,95,-12,44,90,-15,40,85,-17,37,78,-18,45,74,-1,48,63,-2,54,49,-5,57,39,-7,57,30,-9,53,48,-9,69,46,-13,67,52,-15,62,53,-15,53,56,-10,70,56,-14,67,60,-13,62,61,-12,54,65,-12,70,65,-14,66,68,-12,61,68,-10,56,73,-13,68,73,-14,65,76,-12,61,76,-11,HELP
69,99,0,74,90,-10,76,81,-17,80,74,-23,86,69,-28,64,86,-20,55,82,-27,49,76,-31,44,70,-33,57,90,-17,46,84,-23,41,75,-25,37,68,-26,53,94,-15,43,87,-19,38,78,-20,35,70,-21,51,95,-12,44,89,-15,41,82,-17,39,76,-18,45,74,-1,48,63,-2,53,49,-5,57,39,-7,57,30,-9,54,48,-9,69,46,-13,67,52,-14,63,54,-14,54,56,-10,70,55,-14,67,60,-13,62,60,-12,55,65,-11,70,64,-14,67,68,-11,62,68,-10,56,73,-13,68,73,-14,65,75,-12,61,76,-11,HELP
69,99,0,74,90,-9,77,81,-16,81,73,-21,86,69,-26,63,85,-18,55,81,-25,49,76,-29,44,70,-31,57,90,-16,47,84,-21,41,76,-23,37,68,-24,53,94,-14,43,87,-17,38,79,-19,35,71,-20,51,95,-12,44,90,-15,40,83,-16,37,77,-17,45,74,-1,47,63,-2,53,49,-5,57,39,-7,57,30,-9,54,48,-9,68,46,-13,67,52,-14,63,54,-14,54,56,-10,70,55,-13,67,60,-13,62,61,-12,54,64,-11,70,64,-14,67,68,-11,62,68,-10,56,73,-12,68,72,-14,66,75,-12,61,75,-11,HELP
69,99,0,74,90,-9,76,81,-16,81,74,-22,87,69,-27,64,86,-19,55,82,-25,49,76,-29,44,71,-31,57,91,-16,46,84,-21,41,76,-23,37,69,-25,53,94,-14,43,87,-18,38,79,-20,34,71,-21,51,96,-12,44,89,-15,41,83,-16,38,77,-17,46,74,-1,48,63,-2,54,49,-5,57,39,-8,56,30,-10,54,48,-10,69,47,-14,68,52,-15,63,54,-15,54,56,-11,70,56,-14,67,60,-13,62,61,-13,54,65,-12,70,65,-14,67,68,-12,62,68,-10,56,73,-13,68,73,-14,66,75,-13,61,75,-11,HELP
68,99,0,74,90,-10,77,81,-17,81,74,-22,86,69,-27,63,86,-19,55,82,-26,49,77,-30,44,71,-32,57,91,-16,46,85,-21,41,77,-24,37,70,-25,53,94,-14,43,88,-17,38,79,-19,35,72,-21,51,95,-12,44,89,-15,41,83,-16,38,76,-17,46,74,-1,48,63,-2,54,50,-5,57,39,-8,57,30,-10,54,48,-10,69,47,-14,68,53,-15,63,55,-15,54,56,-11,70,56,-15,67,60,-14,62,61,-13,54,65,-12,70,65,-15,67,69,-12,62,69,-10,56,74,-13,68,73,-15,65,76,-13,61,76,-11,HELP
68,100,0,74,91,-9,77,82,-16,81,75,-22,87,70,-27,64,87,-19,55,83,-26,49,77,-30,44,72,-32,57,92,-17,47,85,-22,41,77,-24,38,70,-25,52,95,-14,43,88,-19,38,79,-20,35,72,-21,50,96,-12,44,89,-16,40,83,-17,38,77,-17,46,74,-1,48,63,-3,54,50,-5,57,40,-8,56,31,-10,54,48,-9,69,47,-14,67,53,-15,63,55,-15,54,57,-10,70,56,-14,67,61,-13,62,61,-13,55,65,-12,70,65,-14,66,69,-12,62,69,-10,56,74,-13,68,73,-14,65,76,-12,60,76,-11,HELP
67,101,0,73,92,-9,76,83,-15,81,76,-20,87,71,-25,64,88,-18,55,83,-24,50,78,-28,45,73,-30,56,92,-15,46,86,-20,41,78,-22,37,71,-23,52,95,-13,43,88,-16,38,81,-18,35,74,-19,50,97,-11,44,90,-14,41,84,-15,39,78,-15,47,75,-1,49,64,-3,54,50,-6,57,40,-8,56,31,-10,54,49,-10,69,47,-14,67,53,-15,63,55,-16,54,57,-11,70,57,-15,67,61,-14,62,61,-13,55,66,-12,70,66,-15,66,69,-12,62,69,-10,56,75,-13,68,74,-14,65,76,-12,60,76,-11,HELP
68,103,0,74,93,-10,77,84,-17,81,76,-22,87,72,-27,63,90,-18,55,86,-25,49,80,-29,44,74,-31,56,95,-16,46,89,-21,41,81,-24,36,74,-25,52,98,-13,43,91,-17,38,83,-19,35,76,-20,50,98,-11,43,93,-14,39,87,-16,36,80,-16,46,76,-1,48,65,-2,54,52,-5,57,41,-7,56,32,-9,54,50,-9,69,48,-13,67,54,-14,63,56,-15,54,58,-10,70,57,-13,67,61,-13,62,63,-12,55,67,-11,70,66,-14,66,69,-11,62,70,-9,56,75,-13,68,75,-14,65,77,-12,60,77,-10,HELP
69,102,0,74,92,-9,76,83,-16,80,76,-21,86,72,-26,65,89,-18,56,86,-25,50,80,-29,44,75,-32,58,95,-16,47,89,-22,41,81,-24,36,74,-25,54,98,-14,44,92,-18,39,84,-20,35,76,-21,52,100,-12,45,94,-15,41,87,-16,38,81,-17,47,77,-1,49,66,-3,54,52,-5,57,41,-7,57,32,-9,54,50,-9,69,48,-14,68,54,-14,64,56,-15,54,58,-10,70,57,-14,68,62,-13,62,63,-12,54,67,-12,70,66,-14,67,70,-12,62,70,-10,56,75,-13,68,75,-14,65,77,-12,61,77,-11,HELP
68,103,0,74,93,-9,77,85,-16,81,78,-22,87,73,-27,64,90,-19,55,87,-25,49,81,-29,44,75,-31,57,95,-16,47,90,-21,41,81,-24,36,73,-25,53,98,-14,43,92,-18,38,83,-20,35,76,-21,51,99,-12,44,94,-15,40,87,-16,38,81,-17,47,77,-1,49,66,-3,54,52,-5,57,41,-7,57,32,-8,54,50,-9,69,49,-13,68,54,-14,63,56,-14,54,59,-10,71,59,-14,67,63,-13,62,64,-12,55,68,-11,70,68,-14,66,71,-12,62,71,-10,56,76,-13,68,76,-14,65,78,-12,60,78,-11,HELP
68,104,0,74,95,-10,76,85,-16,81,78,-21,86,74,-26,63,91,-18,55,87,-25,49,82,-29,44,76,-31,57,96,-15,46,91,-21,40,83,-23,36,75,-24,53,98,-13,43,93,-17,38,84,-19,35,77,-20,51,99,-11,44,94,-14,41,88,-15,38,82,-15,47,78,-1,49,67,-3,54,53,-5,57,42,-7,57,33,-9,54,51,-9,69,49,-14,68,55,-15,64,57,-15,54,59,-10,71,58,-14,67,63,-13,62,64,-13,55,68,-12,70,68,-14,66,71,-12,62,71,-10,56,77,-13,69,76,-14,66,78,-13,61,78,-11,HELP
67,105,0,73,96,-10,76,86,-18,81,79,-23,87,74,-29,63,92,-20,55,88,-27,49,82,-31,45,76,-34,56,97,-17,46,91,-23,40,83,-25,36,76,-27,52,100,-14,43,93,-18,38,85,-20,34,77,-21,50,101,-11,44,95,-15,40,89,-16,38,82,-17,48,78,-1,49,67,-2,54,53,-5,57,42,-7,57,33,-9,54,51,-9,69,49,-13,68,55,-15,63,57,-15,54,59,-10,70,59,-14,67,64,-13,62,65,-13,55,68,-12,70,68,-14,66,72,-12,62,72,-10,56,77,-13,68,76,-14,65,79,-12,61,78,-11,HELP
68,105,0,73,96,-9,76,86,-16,81,79,-21,87,75,-26,64,92,-18,55,89,-24,49,83,-28,44,77,-31,57,97,-15,47,93,-20,41,85,-23,36,77,-24,53,100,-13,44,95,-17,38,87,-18,35,80,-19,51,102,-11,44,97,-14,40,92,-15,37,85,-16,47,78,-1,49,67,-3,54,53,-5,57,42,-7,57,33,-9,54,52,-9,69,50,-13,68,56,-15,63,58,-15,54,60,-10,71,60,-14,67,64,-13,62,65,-12,55,69,-11,70,69,-14,66,72,-12,62,72,-10,56,77,-13,68,77,-14,65,79,-12,60,79,-11,HELP
67,108,0,73,98,-9,76,87,-15,80,80,-20,87,76,-25,64,93,-18,56,89,-24,49,84,-28,44,78,-30,57,98,-16,47,93,-21,41,85,-23,37,77,-24,53,101,-14,43,95,-17,38,87,-19,35,79,-20,50,103,-12,43,97,-15,39,91,-16,36,85,-16,47,79,-1,49,68,-2,54,53,-5,57,43,-7,57,33,-9,54,52,-9,69,50,-13,68,56,-14,64,58,-15,54,60,-10,71,59,-14,67,64,-13,62,65,-13,55,69,-12,70,69,-14,66,72,-12,62,72,-10,56,78,-13,68,77,-14,65,79,-12,61,79,-11,HELP
66,107,0,72,97,-9,75,87,-15,80,79,-20,87,75,-25,65,93,-18,56,89,-25,50,84,-29,44,78,-31,58,99,-16,47,93,-21,41,86,-23,36,79,-25,53,102,-14,43,96,-18,38,88,-20,35,81,-21,50,104,-12,43,98,-16,39,92,-17,36,86,-18,47,79,-1,49,68,-3,54,53,-5,57,43,-7,57,33,-9,54,52,-9,69,50,-13,68,56,-14,63,58,-15,54,61,-10,70,60,-14,67,64,-13,62,65,-12,55,70,-11,70,70,-14,66,73,-11,61,73,-10,56,78,-13,68,78,-14,65,80,-12,61,80,-11,HELP
66,106,0,72,96,-9,75,86,-15,80,79,-20,87,75,-25,65,93,-18,56,89,-24,49,84,-28,44,78,-31,58,98,-16,47,93,-21,41,85,-23,36,78,-24,53,102,-14,43,96,-18,38,88,-19,35,81,-20,50,104,-13,43,99,-16,39,93,-17,36,87,-17,47,79,-1,49,68,-3,54,53,-5,57,43,-7,57,33,-9,54,52,-9,69,51,-13,68,56,-14,63,58,-15,54,60,-10,70,60,-14,67,64,-13,62,65,-12,55,69,-11,70,70,-14,66,73,-11,62,73,-10,56,78,-13,68,78,-14,65,80,-12,60,80,-11,HELP
66,105,0,72,95,-9,75,86,-16,80,79,-22,88,75,-27,64,92,-18,55,89,-25,49,83,-29,44,78,-32,57,97,-16,46,93,-22,41,85,-24,36,79,-26,52,100,-14,42,95,-18,38,88,-20,34,81,-21,49,103,-13,42,98,-16,38,93,-17,35,87,-18,47,79,-1,49,68,-3,54,53,-5,57,43,-7,57,33,-9,54,52,-9,69,50,-13,68,56,-15,63,58,-15,54,61,-10,70,60,-14,67,64,-13,62,65,-12,55,70,-12,70,70,-14,66,73,-12,61,73,-10,56,79,-13,68,78,-14,65,80,-12,60,80,-11,HELP
66,104,0,72,95,-10,76,86,-17,80,79,-22,87,75,-28,64,92,-20,55,89,-27,49,83,-31,44,78,-33,57,97,-17,46,92,-23,40,85,-25,36,77,-27,53,100,-15,43,95,-20,38,87,-21,35,80,-22,50,102,-14,43,97,-17,39,91,-18,36,85,-19,47,79,-1,49,68,-3,54,53,-5,57,43,-7,57,33,-9,54,52,-9,69,50,-14,68,56,-15,63,58,-15,54,61,-10,70,60,-14,67,64,-13,62,65,-13,55,70,-11,70,70,-14,66,73,-12,61,73,-10,56,78,-13,68,78,-14,65,80,-12,60,80,-11,HELP
67,107,0,72,97,-9,75,87,-16,80,80,-21,87,76,-27,63,93,-18,55,89,-25,49,84,-29,44,78,-32,56,98,-16,46,93,-21,40,85,-24,36,78,-25,52,101,-14,43,95,-18,38,87,-20,34,80,-20,50,102,-12,43,97,-15,39,92,-16,36,86,-17,47,79,-1,49,68,-3,54,53,-5,57,43,-7,57,34,-9,54,52,-9,69,51,-14,68,56,-15,63,58,-15,54,61,-10,70,60,-14,67,64,-13,62,65,-13,55,70,-12,70,70,-14,66,73,-12,61,73,-10,56,78,-13,68,78,-14,65,79,-12,60,79,-11,HELP
67,107,0,72,97,-9,75,86,-15,80,79,-20,87,75,-25,64,93,-18,55,89,-24,49,84,-28,44,78,-30,57,98,-16,47,93,-21,40,85,-23,36,78,-25,53,102,-14,43,96,-18,38,88,-19,34,81,-20,50,104,-12,43,99,-15,39,93,-16,36,87,-17,47,79,-1,49,67,-3,54,53,-5,57,43,-7,57,33,-9,54,52,-9,69,50,-13,68,56,-15,63,58,-15,54,60,-10,70,60,-14,67,64,-13,62,65,-12,55,69,-11,70,70,-14,66,73,-12,61,73,-10,56,78,-13,68,78,-14,65,79,-12,60,79,-11,HELP
66,105,0,72,96,-9,75,86,-16,80,79,-21,87,75,-26,64,92,-19,55,89,-25,49,83,-29,44,77,-32,57,98,-16,47,92,-22,41,85,-24,36,78,-25,52,101,-14,43,95,-18,38,88,-20,34,81,-21,50,103,-13,43,98,-15,39,93,-17,35,86,-17,47,79,-1,48,68,-2,54,54,-5,57,43,-7,57,34,-8,54,52,-9,69,51,-13,67,56,-14,63,58,-14,54,60,-10,70,60,-13,67,64,-13,62,65,-12,54,69,-11,69,69,-14,66,73,-11,61,73,-10,56,78,-13,68,78,-14,65,80,-12,60,79,-11,HELP
67,104,0,73,95,-10,76,86,-17,81,78,-22,87,75,-28,64,91,-20,55,89,-27,49,83,-31,44,77,-33,57,96,-17,46,92,-23,41,84,-25,36,77,-26,53,99,-15,43,94,-19,38,87,-20,34,79,-21,51,101,-13,44,96,-16,40,91,-17,37,84,-17,47,79,-1,49,68,-3,54,53,-5,57,43,-8,56,33,-9,54,52,-10,69,51,-14,67,56,-15,63,58,-15,54,60,-11,70,60,-14,67,64,-13,62,65,-13,54,69,-12,70,69,-14,66,72,-12,61,72,-10,56,78,-13,68,77,-14,65,80,-12,60,80,-11,HELP
67,105,0,73,95,-9,75,86,-16,80,79,-21,86,75,-26,64,92,-18,55,88,-25,49,83,-29,44,77,-31,57,97,-16,47,92,-21,41,85,-24,36,77,-25,53,100,-14,43,95,-18,38,87,-19,34,79,-20,51,101,-12,43,96,-15,39,91,-16,36,84,-17,47,79,-1,49,68,-3,54,53,-5,57,43,-7,57,33,-8,54,51,-9,69,51,-13,67,56,-14,63,58,-14,53,60,-10,70,59,-14,67,64,-13,62,65,-12,54,68,-11,70,69,-14,66,72,-12,62,72,-10,56,77,-12,68,77,-14,65,79,-12,60,79,-11,HELP
66,105,0,72,95,-8,75,85,-14,80,78,-19,86,75,-23,63,91,-16,55,87,-22,49,82,-25,44,77,-28,56,96,-14,46,90,-18,40,83,-20,36,76,-22,52,100,-12,43,93,-15,38,86,-16,34,79,-17,50,102,-11,43,97,-13,39,91,-14,36,85,-14,47,78,-1,49,67,-3,54,53,-5,57,43,-7,57,33,-8,54,51,-9,68,50,-13,68,56,-14,63,58,-14,53,59,-10,70,59,-14,67,64,-13,62,65,-12,54,68,-11,70,68,-14,66,72,-12,62,72,-10,55,76,-13,68,77,-14,65,79,-12,60,79,-11,HELP
67,105,0,72,95,-8,75,84,-13,80,78,-18,86,74,-22,65,91,-16,56,87,-22,50,82,-26,44,76,-28,58,97,-15,47,91,-19,41,83,-21,36,76,-22,54,101,-13,43,94,-16,38,86,-18,34,78,-18,51,103,-12,44,97,-14,40,90,-15,37,84,-16,47,77,-1,49,66,-3,54,52,-5,57,42,-7,57,33,-8,54,51,-8,68,49,-13,68,55,-14,64,57,-14,54,59,-9,70,58,-13,67,63,-12,62,64,-12,55,68,-11,69,68,-13,66,71,-11,62,71,-10,56,76,-12,68,76,-13,65,78,-12,61,78,-11,HELP
65,103,0,71,93,-8,74,83,-13,79,77,-18,87,73,-23,63,89,-15,55,86,-21,49,81,-25,44,75,-27,57,95,-14,47,90,-19,41,83,-21,36,76,-22,52,98,-12,43,92,-16,38,85,-17,35,78,-18,49,100,-12,42,94,-14,38,88,-15,36,82,-15,47,76,-1,49,65,-2,54,51,-5,57,42,-7,57,32,-8,54,50,-9,69,49,-13,68,55,-14,63,56,-14,54,58,-10,70,58,-13,67,62,-12,62,63,-12,54,67,-11,69,67,-13,66,70,-11,62,70,-10,56,75,-12,68,75,-13,65,77,-12,61,77,-11,HELP
67,99,0,72,89,-7,75,79,-12,80,73,-16,87,71,-21,63,86,-14,55,83,-19,49,78,-22,43,73,-25,57,91,-13,47,85,-17,41,79,-18,36,73,-20,52,94,-11,43,88,-14,39,81,-15,35,75,-16,50,96,-11,43,91,-13,39,85,-13,36,80,-14,46,74,-1,48,64,-2,54,50,-5,57,40,-7,56,31,-8,54,48,-8,68,48,-13,67,53,-14,63,55,-14,54,56,-10,70,56,-13,67,61,-12,62,62,-12,54,64,-11,69,65,-13,66,69,-11,62,69,-10,55,73,-12,67,73,-13,65,75,-12,60,76,-10,HELP
68,98,0,73,89,-8,76,81,-15,80,74,-19,85,69,-24,63,84,-16,55,80,-21,49,76,-25,44,71,-27,57,89,-14,46,83,-18,40,76,-20,36,70,-21,53,93,-12,43,86,-15,38,79,-17,35,72,-18,51,95,-11,45,89,-13,41,83,-14,38,78,-15,45,73,-1,47,63,-2,53,49,-5,57,39,-7,57,30,-8,54,47,-8,68,47,-12,67,53,-14,63,54,-14,54,55,-10,70,55,-13,67,60,-12,62,61,-11,54,63,-11,69,64,-13,66,68,-11,62,68,-10,55,72,-12,67,73,-14,65,75,-12,60,75,-11,HELP
69,97,0,74,88,-8,76,79,-14,80,72,-18,86,67,-23,62,81,-14,54,78,-20,48,73,-23,44,68,-26,56,87,-13,46,81,-17,40,74,-19,36,67,-21,53,91,-11,43,85,-15,38,77,-17,34,70,-19,52,93,-10,45,89,-13,41,84,-15,37,79,-16,45,71,-1,47,61,-2,54,48,-5,57,38,-8,58,29,-10,53,46,-10,68,45,-14,67,51,-15,63,52,-15,53,54,-11,69,53,-14,67,58,-13,62,59,-12,54,63,-12,69,62,-14,67,66,-11,62,66,-10,56,71,-13,68,71,-14,65,74,-12,61,74,-11,HELP
68,96,0,73,87,-8,76,77,-14,80,70,-19,86,65,-23,62,81,-15,54,77,-21,48,72,-25,44,66,-27,56,85,-13,46,80,-18,40,73,-20,36,66,-22,52,89,-12,43,84,-15,38,76,-17,34,69,-19,51,92,-11,44,89,-14,39,87,-15,35,83,-16,45,70,-1,48,60,-2,54,47,-5,57,37,-7,57,28,-9,54,45,-10,68,44,-13,67,50,-14,63,51,-14,54,53,-11,69,52,-14,67,57,-13,62,58,-12,54,61,-12,69,61,-14,66,65,-12,62,65,-10,55,70,-13,67,69,-14,65,72,-12,62,73,-11,HELP
69,96,0,73,85,-7,75,75,-13,79,68,-17,87,65,-21,62,80,-14,53,77,-19,48,71,-23,44,65,-25,56,85,-13,46,81,-17,41,73,-18,37,66,-20,52,89,-11,43,84,-14,38,77,-16,35,70,-17,50,91,-10,43,88,-13,39,83,-14,36,77,-15,45,70,-1,48,59,-2,53,47,-5,57,37,-7,57,28,-9,54,45,-9,68,43,-13,67,49,-14,63,51,-14,53,52,-10,69,52,-13,67,57,-13,62,57,-12,54,61,-12,70,61,-14,67,65,-12,62,65,-10,55,69,-13,67,70,-14,66,72,-13,62,72,-12,HELP
69,95,0,73,85,-7,76,75,-13,79,67,-17,86,63,-22,63,79,-14,54,75,-19,48,70,-23,43,64,-25,57,84,-13,46,79,-17,41,71,-19,36,64,-20,53,88,-12,43,82,-15,38,75,-17,35,68,-18,51,91,-11,43,86,-13,39,80,-14,36,75,-15,45,70,-1,48,60,-2,54,46,-5,57,36,-8,57,27,-10,53,43,-10,68,43,-14,67,49,-15,62,50,-15,53,51,-11,69,51,-14,66,56,-13,62,57,-13,54,59,-12,69,60,-15,66,64,-12,62,64,-11,55,68,-13,67,69,-15,66,72,-13,62,72,-13,HELP
70,94,0,74,84,-7,76,74,-12,80,66,-16,86,62,-20,64,79,-12,55,73,-17,49,68,-20,44,62,-22,58,84,-12,48,77,-16,42,69,-18,37,62,-19,54,88,-11,44,80,-14,39,73,-16,35,66,-16,52,91,-10,44,85,-13,40,79,-13,36,73,-14,47,68,-1,49,58,-2,54,45,-5,57,35,-8,57,25,-10,53,42,-10,68,41,-14,67,47,-15,63,49,-15,53,49,-11,69,49,-15,67,54,-13,62,55,-13,54,58,-13,69,58,-15,67,62,-13,62,62,-11,55,67,-14,68,67,-15,66,70,-14,62,70,-13,HELP
68,93,0,73,82,-8,76,72,-13,80,64,-18,87,59,-23,63,76,-14,54,72,-20,49,66,-23,45,60,-25,57,81,-13,47,75,-18,41,67,-20,37,60,-21,53,85,-12,43,78,-16,38,70,-17,34,62,-18,51,86,-11,43,80,-14,39,74,-15,36,68,-15,47,66,-1,49,56,-3,54,43,-5,57,33,-7,57,25,-8,54,40,-8,69,41,-13,67,46,-13,62,47,-14,54,48,-9,70,48,-13,67,53,-12,62,53,-11,54,56,-10,69,57,-13,66,60,-11,62,60,-10,55,63,-12,67,64,-13,65,67,-12,61,67,-11,HELP
67,90,0,73,80,-8,76,70,-13,80,61,-18,87,56,-23,64,74,-15,55,69,-21,49,64,-24,44,58,-26,57,79,-13,47,73,-18,41,65,-20,37,58,-22,53,82,-12,43,76,-16,38,69,-18,35,62,-19,50,85,-11,43,79,-14,39,74,-16,36,68,-16,46,64,-1,48,54,-2,53,42,-4,57,32,-6,57,24,-8,54,39,-8,68,39,-12,67,44,-13,62,45,-13,54,46,-9,70,47,-12,67,51,-11,62,52,-10,54,54,-10,69,55,-13,66,59,-11,62,59,-10,55,62,-12,67,63,-13,65,66,-12,61,66,-11,HELP
68,90,0,73,79,-7,76,68,-12,80,60,-16,87,54,-20,64,73,-13,55,67,-18,50,62,-21,45,56,-23,57,78,-12,47,70,-16,42,63,-18,37,56,-20,53,81,-11,44,74,-15,39,67,-16,35,60,-17,50,83,-10,43,77,-13,39,72,-14,36,67,-15,46,62,-1,48,52,-2,54,40,-5,57,30,-7,57,22,-9,53,37,-9,67,36,-13,67,42,-14,63,44,-14,53,45,-10,69,45,-13,67,50,-13,62,50,-12,54,53,-12,69,53,-14,66,57,-12,62,57,-10,55,61,-13,67,62,-14,66,65,-13,63,65,-12,HELP
68,88,0,73,77,-7,76,67,-12,80,59,-17,87,54,-21,65,71,-14,55,66,-20,50,60,-23,45,54,-25,58,76,-13,48,69,-18,42,62,-20,37,54,-21,53,80,-12,44,72,-16,39,65,-18,36,58,-19,50,82,-11,43,76,-14,39,71,-15,35,65,-16,47,62,-1,49,51,-2,54,39,-5,58,29,-8,57,20,-10,53,36,-10,68,35,-14,67,41,-14,63,42,-14,53,43,-11,69,43,-14,67,48,-13,62,49,-12,54,52,-12,70,52,-15,67,56,-13,62,56,-11,56,60,-14,67,61,-15,66,64,-14,63,64,-13,HELP
69,88,0,74,77,-7,77,66,-13,80,57,-17,87,52,-21,66,71,-15,57,64,-21,50,59,-24,45,53,-26,60,76,-14,49,67,-19,43,59,-21,38,52,-22,55,79,-13,45,71,-16,40,63,-18,36,56,-19,51,82,-12,44,75,-15,39,71,-16,36,65,-17,48,61,-1,50,51,-2,54,38,-5,57,29,-7,56,20,-8,53,35,-9,68,34,-13,67,40,-13,63,41,-13,54,42,-10,70,42,-13,67,47,-12,63,48,-11,54,50,-11,70,51,-14,67,55,-12,62,54,-11,56,58,-12,68,59,-14,66,62,-13,62,62,-12,HELP
69,87,0,75,77,-7,78,65,-12,81,56,-16,88,51,-21,67,70,-15,57,63,-21,51,57,-24,47,51,-26,60,75,-14,50,67,-18,44,60,-20,40,53,-21,55,79,-12,46,71,-16,41,63,-17,37,56,-18,52,81,-11,45,74,-14,41,69,-15,38,63,-16,48,60,-1,49,50,-2,54,37,-4,57,28,-6,56,20,-8,54,34,-8,69,34,-12,67,40,-13,63,41,-13,54,41,-9,70,42,-13,68,47,-12,62,47,-11,55,49,-11,70,51,-13,67,54,-11,62,54,-10,56,57,-12,68,58,-13,66,61,-12,61,61,-11,HELP
69,87,0,75,76,-7,78,65,-13,82,56,-17,88,51,-21,67,70,-15,58,63,-21,52,57,-24,47,51,-26,60,75,-14,50,67,-18,44,59,-20,39,52,-22,55,79,-12,46,70,-16,41,63,-18,38,56,-19,51,80,-11,45,74,-14,41,69,-15,38,63,-16,48,59,-1,50,49,-2,54,36,-4,57,27,-6,56,20,-7,55,34,-8,69,34,-12,68,39,-13,63,40,-13,55,41,-9,71,42,-12,68,46,-12,63,47,-11,56,49,-11,70,51,-13,67,54,-11,63,54,-10,57,57,-12,68,59,-13,66,61,-12,62,61,-11,HELP
69,87,0,75,77,-7,79,65,-13,83,57,-17,89,52,-22,68,70,-15,59,63,-21,53,57,-24,48,51,-27,60,75,-14,51,67,-18,45,59,-20,41,52,-22,55,79,-12,47,70,-16,42,63,-18,38,56,-19,52,81,-11,45,74,-14,41,69,-15,38,63,-16,47,58,-1,49,48,-2,54,36,-4,57,27,-6,57,20,-8,55,34,-8,69,34,-12,68,39,-13,64,41,-13,55,41,-10,71,42,-13,69,46,-12,64,47,-11,56,50,-11,71,50,-14,68,54,-11,64,54,-10,57,58,-13,69,59,-14,68,62,-13,64,62,-11,HELP
69,86,0,76,77,-8,80,66,-13,83,57,-18,90,52,-22,69,71,-16,59,64,-22,53,58,-25,48,51,-27,61,76,-14,51,67,-19,46,59,-21,41,52,-22,56,79,-13,47,70,-17,43,63,-18,39,56,-19,52,81,-12,45,74,-14,42,69,-16,39,63,-16,48,58,-1,50,48,-2,55,37,-4,58,28,-7,57,20,-8,56,35,-9,69,33,-12,69,39,-13,65,40,-13,56,42,-10,72,41,-13,70,46,-12,64,47,-11,57,50,-11,72,51,-14,69,54,-11,64,54,-10,58,58,-13,70,59,-14,67,62,-13,63,61,-12,HELP
70,86,0,76,76,-8,80,65,-13,84,57,-18,90,52,-23,69,71,-16,59,64,-22,53,58,-26,48,52,-28,61,76,-15,52,67,-19,47,59,-21,42,52,-22,56,79,-13,47,70,-17,43,63,-18,39,56,-19,52,81,-12,45,74,-15,41,69,-16,38,63,-16,48,58,-1,51,48,-2,55,36,-4,58,27,-7,57,19,-9,56,35,-9,70,33,-13,69,39,-13,65,40,-13,56,42,-10,72,41,-14,70,46,-13,64,47,-12,57,50,-12,72,51,-14,69,54,-12,64,54,-10,58,58,-13,69,59,-14,67,62,-13,63,61,-12,HELP
71,87,0,76,77,-7,80,66,-13,84,58,-17,92,53,-22,69,71,-15,60,64,-22,54,58,-25,49,51,-28,62,76,-14,52,68,-19,47,60,-20,42,53,-22,56,79,-13,48,71,-16,43,63,-18,39,56,-19,53,81,-12,46,75,-15,42,69,-15,39,63,-16,49,58,-1,51,48,-2,56,36,-5,59,28,-7,58,20,-9,57,35,-9,71,34,-13,70,40,-14,66,41,-14,57,42,-10,73,42,-13,70,47,-13,65,48,-12,58,50,-11,72,51,-14,69,54,-11,65,55,-10,59,58,-13,70,60,-14,68,62,-12,64,62,-11,HELP
71,88,0,77,78,-7,81,67,-13,86,59,-18,93,54,-23,71,72,-16,61,65,-23,55,59,-26,50,53,-29,63,77,-15,53,69,-20,48,61,-22,44,54,-23,57,80,-14,49,72,-18,44,64,-19,40,57,-20,54,82,-13,47,75,-16,43,70,-17,41,64,-18,50,59,-1,52,49,-2,57,37,-4,60,28,-7,59,20,-9,57,36,-9,71,35,-13,70,40,-13,67,41,-14,58,43,-10,74,43,-13,71,47,-12,66,48,-12,58,51,-11,73,52,-13,70,55,-11,65,55,-10,60,59,-13,71,60,-14,68,62,-12,64,62,-11,HELP
72,89,0,78,78,-7,83,68,-13,87,60,-17,94,56,-21,69,73,-14,61,66,-20,56,60,-23,51,53,-26,62,77,-13,53,69,-17,48,62,-18,44,55,-20,57,80,-11,48,72,-15,44,65,-16,41,58,-17,53,81,-10,47,75,-13,43,70,-14,41,64,-14,50,59,-1,52,49,-2,58,38,-4,61,29,-6,61,21,-8,59,36,-8,73,36,-12,71,41,-13,67,42,-13,60,44,-9,75,44,-13,72,48,-12,67,49,-11,60,52,-11,74,53,-13,71,56,-11,66,56,-9,61,61,-12,72,61,-13,69,63,-11,65,63,-10,HELP
74,92,0,79,81,-7,83,69,-12,88,61,-17,96,56,-21,72,74,-14,63,68,-20,57,61,-24,52,54,-26,64,79,-13,55,72,-18,49,63,-20,45,56,-22,59,82,-12,50,75,-16,46,66,-18,43,59,-19,56,84,-12,49,77,-15,45,71,-16,42,64,-17,50,60,-1,53,50,-2,59,39,-5,63,30,-7,62,22,-9,60,37,-9,74,36,-12,73,42,-13,69,44,-14,60,45,-10,76,45,-13,73,50,-12,68,50,-11,61,53,-11,75,54,-13,73,58,-11,68,57,-9,62,62,-13,73,63,-14,71,65,-12,67,65,-11,HELP
74,91,0,80,80,-7,84,69,-13,89,62,-17,97,59,-22,73,76,-15,64,69,-21,58,62,-25,53,55,-27,65,80,-14,55,72,-18,50,64,-20,46,56,-22,59,83,-13,51,74,-16,46,66,-18,43,59,-19,55,84,-12,49,76,-14,45,70,-15,43,63,-16,52,61,-1,54,51,-1,60,40,-4,65,31,-7,66,23,-8,61,38,-8,75,37,-12,74,43,-13,70,45,-12,61,45,-10,77,46,-13,75,51,-11,69,51,-10,61,54,-11,77,55,-13,74,59,-10,69,58,-9,62,62,-13,74,64,-14,71,66,-12,67,65,-10,HELP
75,93,0,80,83,-8,84,71,-13,89,63,-18,97,59,-22,73,76,-16,64,70,-22,58,63,-25,54,56,-27,65,81,-14,55,73,-19,50,65,-21,46,57,-23,60,84,-13,51,76,-17,47,68,-19,43,59,-20,57,86,-12,50,79,-15,46,73,-16,43,66,-17,52,62,-1,55,52,-2,62,41,-5,67,32,-7,68,24,-9,61,38,-9,76,38,-14,75,44,-14,70,45,-14,61,46,-11,78,47,-14,75,52,-13,69,52,-12,61,54,-12,77,56,-15,74,59,-12,69,59,-10,62,63,-14,74,64,-15,72,66,-13,68,66,-12,HELP
74,92,0,80,82,-7,84,71,-12,89,64,-16,97,60,-20,72,76,-14,64,70,-20,59,63,-23,54,56,-25,64,81,-13,55,73,-17,51,65,-18,47,57,-20,59,83,-11,51,76,-15,47,68,-16,44,60,-17,56,85,-11,49,78,-13,45,72,-14,43,66,-14,53,63,-1,56,53,-2,62,41,-5,68,33,-8,70,24,-10,61,38,-10,76,38,-14,75,45,-15,70,46,-15,61,46,-11,77,47,-15,75,52,-13,70,52,-12,61,55,-12,77,56,-15,74,60,-12,69,59,-11,63,63,-14,75,64,-15,72,67,-14,68,66,-13,HELP
74,91,0,80,81,-7,84,70,-13,89,62,-17,97,59,-22,73,75,-16,64,69,-22,58,63,-25,53,56,-27,65,80,-14,55,72,-19,50,64,-21,46,57,-22,60,83,-13,51,76,-17,47,68,-18,43,60,-19,56,85,-12,50,78,-15,46,73,-16,43,66,-17,52,62,-1,56,52,-2,62,41,-5,68,33,-7,70,25,-8,61,38,-9,75,38,-13,74,43,-14,70,44,-14,61,46,-10,77,47,-13,74,51,-12,69,51,-11,61,54,-11,76,55,-13,73,59,-11,69,58,-10,62,62,-12,74,63,-14,72,66,-12,68,65,-11,HELP
74,91,0,80,81,-8,84,70,-14,88,62,-18,96,59,-23,72,76,-16,63,70,-23,57,63,-26,53,56,-28,64,81,-15,54,73,-19,49,65,-21,45,57,-22,58,83,-13,49,76,-17,45,67,-18,42,60,-19,55,84,-11,48,78,-14,44,72,-15,41,65,-16,51,61,-1,55,51,-2,61,41,-5,67,33,-7,69,25,-9,60,38,-10,74,38,-14,74,43,-14,70,44,-14,60,45,-11,76,46,-14,74,51,-13,69,51,-12,60,54,-12,76,55,-14,73,58,-12,68,58,-10,62,62,-13,73,63,-14,71,65,-13,67,65,-11,HELP
73,92,0,79,82,-8,83,70,-13,88,62,-18,96,58,-23,71,75,-15,63,69,-22,57,62,-25,52,56,-27,64,80,-14,54,72,-19,49,64,-21,44,56,-23,58,83,-13,50,75,-17,45,67,-19,42,60,-20,55,86,-12,48,79,-15,44,74,-16,40,68,-17,51,61,-1,54,51,-2,61,41,-5,67,33,-7,68,25,-9,59,38,-10,74,37,-14,73,43,-15,69,44,-15,59,45,-11,75,46,-14,73,51,-13,68,51,-12,60,54,-12,75,55,-14,72,59,-12,67,58,-10,61,62,-13,73,64,-15,70,66,-13,66,65,-12,HELP
73,91,0,80,81,-8,84,70,-14,88,62,-18,95,58,-23,71,75,-16,62,69,-22,57,62,-25,52,55,-27,64,80,-14,54,72,-19,49,64,-20,44,56,-22,58,83,-12,50,75,-16,45,67,-18,42,59,-19,55,85,-11,47,79,-14,43,73,-15,40,67,-16,51,61,-1,54,51,-2,61,41,-5,66,33,-7,68,25,-9,59,38,-10,74,37,-14,73,43,-15,69,44,-15,60,45,-11,75,46,-14,73,50,-13,68,51,-12,60,54,-12,75,55,-14,72,58,-11,67,58,-10,61,62,-13,73,63,-14,70,65,-13,66,65,-11,HELP
73,91,0,79,81,-8,83,70,-14,87,62,-18,95,57,-23,71,75,-16,62,69,-22,56,62,-26,51,55,-28,63,80,-14,53,72,-19,48,64,-21,44,56,-22,58,83,-13,49,76,-17,45,68,-18,41,60,-19,54,85,-12,47,78,-14,43,73,-16,40,66,-16,51,60,-1,54,51,-2,60,40,-5,67,33,-7,68,25,-9,59,37,-9,73,37,-13,73,42,-14,69,44,-14,59,45,-10,75,46,-13,73,50,-12,68,50,-12,60,53,-12,74,54,-14,72,58,-11,68,58,-9,61,61,-13,72,62,-14,70,65,-12,66,64,-11,HELP
72,91,0,78,81,-7,82,69,-13,86,61,-17,95,56,-22,70,75,-15,61,68,-21,55,62,-24,51,55,-26,63,80,-14,53,72,-18,48,63,-20,44,56,-21,58,83,-13,49,75,-16,45,67,-18,41,59,-19,54,85,-12,47,79,-14,43,73,-15,39,67,-16,50,60,-1,53,51,-2,60,41,-5,67,33,-7,69,25,-9,58,37,-9,72,36,-14,72,42,-14,69,43,-14,59,45,-11,74,45,-14,73,50,-12,68,50,-12,59,54,-12,74,54,-14,72,58,-11,67,58,-9,61,62,-13,72,63,-14,70,65,-12,66,65,-11,HELP
72,90,0,78,80,-8,82,69,-13,86,61,-18,94,57,-23,71,75,-16,62,69,-22,56,62,-26,50,56,-28,63,80,-15,54,72,-19,48,63,-21,43,56,-23,58,83,-13,49,75,-17,45,67,-19,41,59,-20,54,85,-12,47,79,-15,43,73,-16,40,67,-17,50,60,-1,53,51,-2,60,41,-5,66,33,-7,69,25,-9,58,37,-9,72,36,-13,72,42,-14,69,43,-14,58,45,-10,74,45,-13,73,50,-12,68,50,-11,59,53,-11,74,54,-13,72,58,-11,67,58,-9,60,61,-13,72,62,-14,70,65,-12,66,64,-11,HELP
72,91,0,78,81,-8,82,70,-13,86,61,-18,94,56,-22,70,75,-16,61,68,-22,55,62,-26,50,55,-28,62,79,-14,53,72,-19,48,64,-21,43,56,-22,57,83,-13,49,75,-17,44,67,-18,41,59,-19,53,85,-12,46,78,-14,42,73,-16,39,66,-16,50,60,-1,53,51,-2,59,41,-5,65,33,-8,67,25,-9,57,37,-10,72,36,-14,72,42,-15,68,44,-15,58,45,-11,74,45,-14,72,50,-13,67,50,-12,59,53,-12,74,54,-15,71,58,-12,67,57,-10,60,61,-13,72,62,-15,70,65,-13,66,64,-12,HELP
72,91,0,78,81,-7,81,69,-13,86,61,-17,94,57,-22,70,75,-16,61,68,-22,55,62,-25,50,55,-28,63,80,-14,53,72,-19,48,64,-20,44,56,-22,57,84,-13,48,76,-17,44,67,-18,41,60,-19,53,86,-12,46,80,-14,41,74,-16,38,68,-16,51,61,-1,53,52,-3,59,41,-6,63,32,-8,64,24,-10,57,38,-10,72,37,-15,71,42,-16,67,44,-16,57,45,-12,73,45,-15,72,50,-14,67,51,-13,58,53,-13,73,54,-15,71,58,-13,66,58,-11,60,61,-14,71,62,-15,69,65,-13,65,64,-12,HELP
71,91,0,77,80,-6,81,68,-11,86,61,-16,94,57,-20,70,75,-14,61,69,-20,55,62,-23,50,56,-26,62,80,-13,53,72,-17,47,64,-19,43,56,-20,57,84,-12,48,75,-15,44,67,-16,41,60,-17,53,86,-12,46,79,-14,42,73,-14,39,67,-15,50,61,-1,52,52,-2,58,40,-5,61,31,-8,61,23,-9,57,38,-10,71,37,-14,70,43,-16,65,44,-16,57,45,-11,73,45,-15,70,50,-14,65,51,-13,58,53,-12,73,54,-15,70,58,-13,65,58,-11,59,61,-14,70,62,-15,68,65,-14,63,64,-13,HELP
71,91,0,77,80,-7,81,68,-13,85,61,-17,93,57,-22,70,75,-16,60,69,-22,54,62,-26,49,55,-28,62,80,-14,52,73,-19,47,64,-21,42,56,-23,57,84,-13,48,76,-17,43,68,-18,40,60,-19,53,86,-12,45,79,-15,41,74,-16,37,68,-17,50,61,-1,52,52,-3,57,40,-5,60,31,-8,59,23,-10,56,38,-10,70,37,-14,70,42,-15,65,44,-15,56,45,-11,72,45,-15,70,50,-14,65,51,-13,57,53,-12,72,54,-15,69,57,-12,65,57,-11,58,61,-13,70,62,-15,68,64,-13,63,64,-12,HELP
70,90,0,76,79,-7,79,69,-12,84,61,-17,91,56,-22,68,74,-14,59,68,-20,53,61,-23,48,55,-25,60,79,-13,51,71,-17,45,63,-19,41,56,-20,55,83,-12,47,75,-15,42,68,-17,38,61,-17,52,86,-11,45,80,-14,41,74,-15,37,69,-15,49,61,-1,51,51,-3,56,40,-5,60,31,-8,59,23,-10,55,37,-10,70,37,-14,69,43,-15,65,44,-16,56,45,-11,72,45,-15,70,50,-14,64,50,-13,56,53,-12,72,54,-15,69,57,-13,64,57,-11,58,61,-14,70,63,-15,68,65,-14,64,65,-13,HELP
68,91,0,74,81,-7,77,70,-13,81,61,-18,89,56,-22,66,74,-15,57,69,-21,51,63,-25,46,57,-27,58,80,-14,49,73,-19,43,65,-21,38,58,-22,53,83,-13,45,76,-16,40,68,-18,36,61,-19,50,85,-12,43,78,-14,38,72,-15,35,66,-16,48,60,-1,50,51,-2,55,40,-5,59,31,-7,59,23,-9,54,38,-10,68,37,-14,67,42,-15,63,43,-16,54,45,-11,70,45,-15,68,49,-14,62,50,-13,55,53,-12,70,53,-15,67,57,-13,63,57,-11,56,61,-14,68,61,-15,65,63,-13,61,63,-12,HELP
66,89,0,72,80,-8,76,70,-15,80,61,-20,88,55,-25,64,76,-16,56,70,-23,50,64,-27,45,57,-29,56,81,-14,47,73,-19,41,65,-21,37,58,-23,50,83,-13,42,76,-17,38,68,-18,34,60,-19,47,84,-11,41,77,-14,37,72,-15,34,65,-15,47,60,-1,49,51,-2,55,41,-5,59,32,-7,60,24,-9,53,38,-10,67,36,-14,66,41,-15,62,43,-15,53,45,-11,69,44,-15,67,48,-13,62,50,-13,54,53,-12,69,53,-15,66,56,-12,61,57,-10,55,62,-13,67,61,-15,65,63,-13,60,64,-12,HELP
68,92,0,74,81,-8,76,69,-15,80,60,-20,88,52,-25,65,73,-17,56,69,-24,50,64,-28,44,57,-30,57,79,-15,48,73,-21,41,65,-23,36,58,-25,52,83,-14,44,77,-18,38,69,-20,34,61,-22,50,86,-12,43,80,-16,38,74,-17,35,68,-18,47,61,-1,49,52,-3,55,41,-5,59,32,-8,60,24,-10,53,38,-10,67,36,-14,67,41,-15,63,43,-15,53,45,-11,69,44,-15,67,49,-14,62,50,-13,54,53,-12,69,53,-15,66,57,-12,61,57,-11,55,62,-13,67,62,-15,65,64,-13,60,64,-12,HELP
66,91,0,72,81,-8,76,70,-13,79,60,-18,87,55,-22,64,76,-16,55,70,-22,49,64,-25,44,57,-27,55,81,-14,45,74,-19,40,65,-20,35,58,-21,50,83,-12,41,76,-16,36,67,-17,33,60,-18,47,84,-11,40,77,-14,36,71,-14,34,65,-15,46,61,-1,49,52,-2,54,41,-5,59,33,-8,60,25,-9,51,38,-10,65,36,-14,65,41,-15,62,42,-15,51,45,-11,68,44,-15,66,49,-13,61,50,-13,52,53,-12,68,53,-15,65,57,-12,61,57,-11,54,61,-13,66,61,-15,64,64,-13,60,64,-13,HELP
65,91,0,71,81,-9,74,70,-15,78,61,-20,85,54,-24,60,75,-16,52,69,-22,47,63,-26,42,57,-28,52,80,-14,43,74,-18,38,65,-20,34,58,-22,48,83,-12,39,76,-16,35,68,-17,31,61,-18,45,84,-10,38,78,-13,35,73,-14,32,66,-15,45,61,-1,47,52,-2,53,42,-5,58,34,-7,60,25,-9,50,39,-10,64,36,-14,64,41,-15,61,43,-15,51,46,-11,66,45,-14,65,49,-13,60,50,-13,51,54,-12,66,53,-15,64,57,-12,59,57,-11,53,62,-14,64,62,-15,63,64,-14,58,64,-13,HELP
66,93,0,71,82,-9,74,70,-15,77,60,-20,84,53,-25,62,76,-18,52,70,-25,46,64,-28,40,58,-31,54,81,-16,43,75,-21,37,67,-23,32,59,-25,49,85,-14,39,78,-18,34,69,-20,30,62,-21,46,86,-12,39,79,-15,35,73,-16,31,66,-17,44,61,-1,46,53,-3,52,42,-6,58,34,-8,60,26,-10,49,39,-11,63,36,-15,63,41,-16,59,43,-16,49,46,-12,65,45,-16,64,49,-14,59,51,-13,51,55,-13,65,54,-16,63,57,-13,58,58,-11,52,62,-14,64,62,-16,62,64,-14,58,64,-14,HELP
65,92,0,70,81,-8,73,70,-13,76,60,-18,83,54,-22,60,76,-15,51,70,-21,44,64,-24,39,58,-26,53,81,-14,42,75,-18,35,67,-20,31,59,-22,48,85,-12,38,78,-16,33,70,-17,30,62,-18,46,86,-11,38,80,-14,34,74,-15,31,68,-15,43,62,-1,45,53,-2,51,42,-5,58,35,-7,60,27,-9,49,39,-10,62,37,-14,62,41,-15,58,43,-15,49,47,-11,65,45,-14,63,50,-13,58,51,-12,50,55,-12,65,54,-14,62,58,-12,58,58,-11,51,63,-14,63,62,-15,61,65,-13,57,65,-13,HELP
65,92,0,70,81,-8,72,70,-14,75,61,-19,82,55,-23,59,75,-16,49,70,-22,43,65,-25,38,59,-27,52,81,-14,41,75,-19,35,67,-21,30,59,-22,47,84,-12,37,78,-16,33,70,-17,29,63,-18,45,86,-11,37,80,-13,33,74,-14,30,68,-15,42,63,-1,44,54,-2,51,43,-5,58,36,-7,61,28,-9,48,40,-10,62,37,-14,62,42,-15,58,44,-14,48,47,-11,64,46,-14,62,50,-13,57,51,-12,49,55,-13,64,54,-15,62,58,-12,57,58,-10,51,63,-14,63,62,-15,61,65,-13,57,65,-12,HELP
65,93,0,70,82,-9,72,70,-15,74,61,-20,81,53,-25,59,76,-18,50,71,-24,43,65,-28,37,59,-30,52,82,-16,41,76,-21,35,68,-23,30,60,-24,48,86,-13,38,79,-18,32,71,-19,28,64,-20,45,88,-12,38,81,-15,33,75,-16,30,69,-17,42,63,-1,43,54,-2,50,44,-6,57,37,-8,60,29,-11,47,40,-12,61,38,-16,61,43,-16,58,44,-16,47,48,-13,63,47,-16,62,51,-14,57,52,-13,48,56,-14,64,55,-16,61,59,-13,57,59,-11,50,64,-15,63,63,-16,60,66,-15,56,66,-14,HELP
64,93,0,69,82,-9,72,70,-16,74,61,-20,80,55,-25,59,77,-18,50,72,-25,43,66,-29,37,60,-31,52,83,-16,40,77,-22,34,68,-24,29,60,-26,47,87,-14,37,80,-18,32,71,-20,28,63,-21,45,88,-12,37,81,-16,33,75,-17,29,69,-18,41,63,0,43,54,-2,49,44,-5,55,36,-8,57,28,-11,47,40,-11,60,37,-15,62,42,-16,59,44,-15,47,48,-13,63,46,-16,62,51,-14,58,52,-13,48,56,-14,63,55,-16,62,59,-13,57,60,-11,49,64,-16,62,64,-17,61,66,-15,57,67,-14,HELP
64,93,0,69,82,-9,71,70,-16,74,61,-21,80,55,-26,60,77,-19,50,72,-26,43,66,-30,37,60,-32,53,83,-17,40,77,-23,33,69,-26,28,61,-27,48,87,-15,37,80,-20,31,71,-22,27,64,-23,45,88,-13,37,82,-17,33,75,-19,29,69,-20,41,63,-1,43,55,-3,48,44,-6,53,35,-9,55,26,-12,46,40,-12,61,38,-16,60,43,-17,56,45,-17,46,48,-13,63,46,-17,61,51,-15,56,52,-14,47,56,-14,63,55,-17,61,59,-14,56,59,-12,49,64,-15,62,64,-17,60,66,-15,56,66,-14,HELP
63,92,0,69,82,-9,71,71,-15,74,61,-20,80,54,-25,59,77,-18,49,72,-25,42,66,-28,36,60,-31,52,83,-16,40,77,-22,33,69,-24,28,61,-25,47,86,-14,36,80,-19,31,72,-20,27,64,-21,44,87,-13,37,81,-16,32,76,-17,29,69,-18,40,64,-1,42,54,-2,47,43,-5,51,34,-8,53,24,-10,45,40,-11,60,38,-16,60,42,-16,56,45,-16,46,48,-13,62,46,-17,60,51,-15,55,52,-14,47,56,-14,63,55,-17,60,58,-14,56,59,-12,49,64,-15,61,64,-17,59,66,-15,55,66,-14,HELP
64,92,0,69,81,-9,71,70,-16,73,61,-21,79,54,-26,58,76,-19,49,71,-25,42,65,-29,36,60,-32,51,82,-17,40,76,-22,33,68,-25,28,60,-26,47,86,-15,36,79,-19,31,71,-21,26,64,-23,44,88,-13,37,81,-16,32,75,-18,29,69,-19,39,63,0,42,54,-2,48,44,-6,54,36,-9,57,27,-13,45,40,-12,59,37,-16,60,42,-16,57,44,-16,45,48,-13,61,46,-16,61,50,-14,57,52,-12,46,56,-15,62,54,-17,61,59,-13,57,59,-11,48,64,-17,61,63,-18,60,65,-16,57,66,-15,HELP
63,92,0,68,81,-9,71,70,-15,73,61,-20,79,55,-26,58,76,-18,49,71,-25,42,65,-28,36,60,-31,51,82,-16,40,75,-22,33,67,-24,28,60,-26,47,85,-14,36,79,-19,30,71,-21,26,63,-22,44,87,-13,36,81,-16,32,75,-18,29,69,-19,39,62,-1,42,53,-2,48,43,-6,54,35,-9,57,27,-12,45,40,-12,59,37,-16,60,42,-16,57,45,-15,45,48,-14,62,46,-16,61,51,-14,56,52,-12,46,56,-15,62,55,-17,61,59,-13,56,60,-11,48,64,-17,61,64,-18,60,66,-16,56,66,-15,HELP
63,92,0,68,81,-9,70,70,-15,73,60,-20,79,54,-24,57,76,-17,48,71,-24,42,65,-27,36,59,-30,50,82,-15,39,76,-20,33,68,-22,27,60,-24,46,85,-13,35,79,-17,30,71,-19,26,64,-20,43,87,-12,36,80,-15,32,75,-16,28,69,-17,39,62,0,41,53,-1,49,44,-5,57,37,-9,61,30,-11,45,40,-11,59,38,-15,60,43,-15,58,45,-14,45,48,-13,61,46,-16,61,51,-13,57,52,-12,46,56,-15,62,55,-16,61,59,-12,56,60,-10,48,64,-17,61,64,-17,60,66,-15,57,66,-14,HELP
62,92,0,67,81,-9,70,70,-16,72,61,-22,78,54,-27,57,76,-19,48,71,-26,41,65,-30,35,59,-33,50,82,-17,39,76,-23,32,68,-25,27,61,-26,45,86,-14,35,79,-19,30,71,-21,26,64,-22,42,87,-13,35,81,-16,31,75,-17,28,69,-18,39,63,0,42,53,-1,49,44,-4,57,38,-8,62,31,-10,44,41,-11,58,38,-14,60,43,-14,58,46,-13,45,48,-13,61,46,-15,61,51,-13,57,53,-11,46,56,-14,62,55,-15,61,59,-11,57,61,-9,48,64,-16,61,63,-16,60,66,-14,57,66,-13,HELP
63,92,0,68,80,-8,70,69,-14,73,61,-19,78,55,-24,57,76,-16,48,71,-23,41,66,-26,36,60,-29,51,82,-15,40,76,-20,33,69,-22,28,62,-24,46,86,-13,36,80,-17,31,72,-19,26,65,-21,44,88,-12,36,82,-15,31,77,-16,28,71,-17,39,62,0,41,53,-2,47,43,-5,55,37,-8,60,30,-11,44,41,-11,58,38,-15,60,43,-15,58,45,-15,45,48,-12,61,46,-15,61,51,-13,57,53,-12,46,56,-14,62,55,-16,61,59,-12,56,60,-10,48,64,-16,60,64,-16,60,66,-14,57,66,-13,HELP
64,92,0,68,81,-8,70,70,-14,72,61,-19,78,55,-23,58,76,-16,48,70,-22,42,65,-26,36,60,-28,51,82,-15,40,77,-20,33,69,-22,28,62,-24,47,87,-13,36,80,-17,30,73,-19,26,66,-20,44,89,-12,36,83,-15,32,77,-16,28,71,-17,39,62,0,42,53,-2,48,44,-5,54,37,-8,57,28,-11,45,41,-11,58,37,-15,59,42,-15,56,45,-14,45,48,-13,61,46,-16,60,52,-14,56,53,-12,46,56,-15,61,55,-16,60,59,-13,56,60,-11,48,64,-16,60,64,-18,60,66,-16,57,66,-15,HELP
64,92,0,68,81,-9,70,70,-15,72,60,-20,78,54,-24,57,75,-17,48,70,-23,42,65,-27,37,59,-29,51,82,-15,40,76,-21,34,69,-23,28,63,-25,47,86,-13,37,80,-18,31,73,-20,27,66,-21,44,88,-12,36,82,-15,32,77,-17,28,71,-18,40,63,-1,41,54,-2,47,44,-5,52,36,-8,55,27,-10,45,41,-11,58,37,-15,59,42,-15,55,44,-15,45,48,-12,61,46,-16,60,51,-14,55,53,-13,46,56,-14,61,55,-16,60,59,-13,55,60,-12,48,64,-15,60,65,-17,60,67,-16,58,67,-15,HELP
63,92,0,68,81,-9,70,70,-16,72,61,-21,77,54,-26,59,76,-19,49,71,-26,43,65,-30,37,60,-32,52,82,-18,41,77,-24,34,70,-27,28,63,-28,47,87,-16,37,81,-21,31,73,-24,26,66,-25,45,88,-14,37,82,-18,32,77,-20,27,71,-21,39,63,-1,41,54,-2,46,44,-5,51,36,-8,54,27,-10,45,41,-11,58,37,-15,58,42,-15,54,44,-15,45,48,-12,61,46,-15,59,51,-14,54,52,-13,46,56,-14,61,54,-16,59,59,-13,55,60,-11,48,64,-15,60,64,-17,59,66,-15,56,66,-15,HELP
63,92,0,68,82,-9,69,72,-16,70,62,-21,72,53,-26,58,77,-19,50,71,-26,44,66,-30,39,60,-32,51,83,-17,41,78,-24,35,71,-26,30,64,-28,47,87,-15,37,81,-21,31,73,-24,26,66,-25,44,89,-14,36,82,-18,31,76,-20,27,69,-21,38,64,-1,40,54,-1,46,43,-4,51,36,-6,54,27,-8,45,41,-9,58,37,-13,59,42,-13,55,45,-13,45,48,-11,61,46,-14,60,51,-12,55,53,-11,46,56,-12,62,54,-14,60,59,-12,55,60,-10,48,64,-14,60,64,-15,59,66,-14,55,66,-12,HELP
63,91,0,69,80,-11,70,70,-18,69,59,-23,68,50,-28,58,77,-23,50,72,-30,44,66,-34,39,59,-36,51,83,-20,39,80,-27,33,72,-30,27,64,-32,46,87,-16,36,82,-22,30,73,-25,25,65,-26,44,88,-13,36,82,-18,31,76,-20,27,69,-21,37,64,-1,39,54,-1,46,44,-4,52,36,-6,54,27,-8,45,41,-8,58,37,-12,58,43,-13,55,46,-13,45,48,-10,60,46,-13,59,51,-12,54,53,-11,46,56,-11,61,55,-14,59,59,-11,54,60,-9,48,64,-13,60,64,-14,58,66,-13,54,66,-11,HELP
63,91,0,69,80,-12,70,70,-20,69,59,-25,67,50,-30,59,77,-26,51,73,-35,45,67,-40,40,61,-43,52,84,-22,40,80,-30,34,71,-34,28,63,-36,46,87,-19,36,82,-25,30,73,-28,26,66,-30,44,87,-16,36,82,-21,31,76,-23,28,70,-25,38,66,-1,39,55,-1,45,44,-3,51,36,-5,54,28,-7,44,42,-8,58,37,-11,59,43,-12,56,46,-12,45,49,-9,60,45,-12,60,51,-11,55,53,-10,47,56,-11,61,54,-13,59,59,-10,55,60,-8,48,64,-13,60,63,-14,59,66,-12,54,66,-10,HELP
64,91,0,69,80,-11,70,69,-18,68,60,-24,66,51,-29,60,77,-24,51,73,-32,46,66,-37,40,60,-39,52,84,-21,41,80,-29,34,72,-32,28,65,-34,47,88,-18,37,82,-24,31,74,-26,26,66,-28,45,88,-15,37,82,-19,32,76,-22,29,69,-23,39,66,-1,41,55,-1,46,44,-4,51,35,-6,54,27,-8,44,42,-9,58,37,-13,58,43,-14,55,46,-13,45,49,-11,60,46,-14,59,51,-13,54,53,-12,46,57,-12,61,55,-15,59,59,-12,54,60,-10,48,65,-14,60,63,-15,59,65,-13,55,65,-12,HELP
63,91,0,68,81,-10,70,70,-18,70,59,-23,68,51,-28,60,77,-24,52,72,-32,46,66,-36,41,60,-39,52,84,-21,41,80,-29,34,73,-32,28,65,-34,47,88,-18,38,82,-24,32,73,-27,27,65,-28,44,88,-15,37,81,-20,33,75,-22,30,68,-23,39,67,-1,41,56,-2,46,44,-4,51,36,-6,52,27,-8,44,41,-9,58,38,-13,58,44,-13,55,47,-13,45,49,-10,60,47,-13,59,52,-13,55,53,-12,46,57,-12,61,55,-14,59,60,-12,55,60,-11,48,65,-13,60,64,-15,59,67,-14,55,67,-13,HELP
64,91,0,69,81,-10,70,70,-18,69,59,-23,68,50,-28,60,77,-23,52,73,-31,47,66,-36,41,60,-38,52,84,-21,41,80,-28,34,72,-31,29,64,-33,47,88,-17,37,82,-23,32,73,-26,27,65,-27,44,88,-15,37,82,-19,33,75,-22,29,68,-23,39,66,-1,40,56,-2,45,45,-4,50,36,-6,53,27,-8,44,41,-9,58,38,-13,59,44,-13,55,46,-13,45,49,-10,61,47,-14,60,52,-13,55,53,-12,46,57,-12,61,55,-14,60,59,-12,55,60,-11,48,65,-13,60,64,-15,59,67,-14,55,67,-13,HELP
64,92,0,69,81,-9,70,70,-16,69,60,-21,68,51,-25,61,77,-22,53,72,-29,47,67,-32,42,60,-34,53,84,-19,42,80,-26,35,72,-28,29,64,-30,48,88,-16,38,82,-22,32,73,-24,27,65,-26,45,89,-14,38,82,-18,33,75,-20,30,68,-22,39,67,-1,40,56,-1,45,45,-4,50,36,-6,52,27,-7,44,42,-8,58,38,-12,58,44,-13,55,47,-12,45,49,-10,60,46,-13,59,52,-12,55,53,-11,47,57,-11,61,55,-14,60,59,-11,55,60,-10,49,65,-13,60,64,-14,59,66,-13,55,66,-12,HELP
65,92,0,69,81,-10,71,70,-18,71,60,-24,73,51,-30,62,77,-26,53,71,-34,48,64,-39,43,56,-41,55,84,-23,43,78,-31,36,69,-34,31,61,-36,49,88,-20,39,80,-26,34,70,-28,30,62,-29,46,90,-17,39,82,-22,35,74,-24,33,66,-25,40,67,-1,40,56,-1,45,45,-3,50,36,-6,52,27,-7,45,41,-8,58,37,-11,59,44,-12,56,47,-12,46,48,-10,61,46,-13,60,52,-12,55,53,-11,47,56,-11,62,54,-14,60,59,-12,55,60,-11,49,64,-13,61,64,-15,60,67,-14,56,67,-13,HELP
65,93,0,69,82,-10,71,70,-17,72,60,-23,75,52,-29,62,77,-24,54,70,-32,49,62,-36,44,54,-39,55,85,-22,43,79,-29,36,70,-32,31,62,-34,49,89,-19,39,81,-25,33,71,-27,29,64,-28,46,90,-16,39,82,-21,35,74,-22,32,67,-23,41,68,-1,41,57,-1,45,46,-4,50,36,-7,52,27,-9,45,42,-9,58,38,-13,59,44,-12,56,47,-12,46,49,-11,61,46,-14,60,52,-13,55,53,-12,48,57,-13,62,54,-16,61,60,-13,56,60,-12,50,65,-15,62,66,-17,62,68,-17,60,67,-16,HELP
65,94,0,69,83,-9,71,71,-16,72,61,-21,76,53,-26,63,77,-23,55,69,-30,49,62,-34,44,55,-36,55,84,-20,43,78,-27,37,70,-30,31,62,-31,49,89,-18,39,80,-23,33,71,-25,29,63,-26,45,91,-15,38,82,-19,34,74,-21,31,67,-22,41,69,-1,41,58,-2,45,46,-4,50,36,-7,51,26,-8,45,42,-9,59,38,-13,59,45,-13,55,47,-13,46,49,-11,61,47,-15,60,53,-14,55,54,-13,48,57,-12,63,56,-16,60,61,-14,56,61,-13,50,65,-14,61,65,-17,62,67,-17,60,66,-17,HELP
65,94,0,70,83,-9,71,71,-16,73,60,-21,78,53,-26,63,77,-23,55,69,-31,49,62,-35,44,54,-37,55,84,-21,43,78,-28,36,70,-30,31,62,-32,49,88,-18,39,80,-23,33,71,-25,30,63,-26,45,90,-15,38,81,-19,35,74,-21,33,66,-22,41,70,-1,41,60,-2,45,47,-5,50,37,-7,51,27,-9,45,42,-9,59,38,-13,59,44,-13,56,47,-12,46,49,-10,62,46,-14,60,52,-13,55,54,-12,48,57,-12,63,55,-15,61,60,-13,56,61,-11,51,65,-14,62,64,-16,61,67,-15,57,67,-15,HELP
65,93,0,69,82,-10,72,70,-18,73,60,-23,78,52,-29,64,78,-26,56,69,-35,50,61,-39,45,53,-42,56,85,-23,43,78,-31,37,70,-33,31,62,-35,50,89,-20,39,81,-26,33,71,-28,30,63,-29,46,90,-17,38,82,-21,35,74,-23,32,66,-25,41,71,-1,41,61,-2,45,48,-6,50,37,-8,51,26,-10,45,42,-11,59,37,-16,60,45,-16,56,47,-16,46,49,-13,62,47,-18,60,53,-18,55,54,-17,48,57,-15,64,56,-20,61,61,-18,55,61,-17,51,65,-16,62,66,-21,62,67,-22,60,66,-22,HELP
65,94,0,70,82,-9,72,70,-16,73,60,-21,78,52,-26,64,78,-23,56,69,-31,50,61,-35,45,53,-37,56,85,-21,44,79,-28,37,70,-31,31,62,-32,50,90,-19,39,82,-24,34,72,-27,29,63,-28,46,91,-16,39,83,-20,35,75,-22,32,66,-23,42,71,-1,42,61,-3,46,48,-6,51,37,-10,52,26,-12,45,42,-11,60,38,-17,59,45,-18,55,47,-19,46,48,-13,62,47,-19,60,53,-19,54,54,-19,47,56,-15,63,57,-21,60,62,-19,54,61,-18,50,65,-17,61,65,-22,61,66,-23,59,63,-23,HELP
65,94,0,70,83,-8,72,71,-14,73,60,-19,78,53,-23,63,77,-20,55,69,-26,50,61,-30,45,54,-32,55,84,-18,44,77,-24,37,69,-26,32,61,-27,50,89,-16,39,80,-20,34,71,-22,30,63,-23,46,90,-14,39,81,-17,35,74,-19,32,66,-19,42,70,-1,43,60,-2,47,47,-5,51,37,-9,52,26,-11,46,41,-12,61,39,-18,60,45,-18,55,46,-18,46,48,-14,63,48,-21,59,53,-20,54,53,-20,47,57,-17,63,58,-22,59,62,-20,54,61,-19,50,66,-19,60,66,-23,60,65,-24,58,62,-24,HELP
66,93,0,70,82,-8,72,70,-15,74,60,-20,79,53,-25,64,77,-21,56,69,-28,51,61,-32,46,54,-34,56,84,-19,44,78,-26,37,70,-28,32,62,-29,50,89,-17,40,80,-22,34,71,-24,30,63,-25,46,91,-15,39,82,-18,36,74,-20,33,66,-21,41,71,-1,41,60,-2,46,47,-5,51,37,-8,52,27,-10,46,41,-10,61,39,-15,60,45,-16,56,47,-16,47,48,-12,63,47,-17,61,53,-16,55,54,-15,48,56,-14,64,57,-18,60,61,-16,55,61,-15,50,65,-16,61,65,-19,59,67,-18,55,66,-18,HELP
65,94,0,70,82,-9,72,70,-15,74,60,-20,79,53,-25,65,78,-22,57,69,-29,51,62,-33,46,54,-35,56,85,-20,44,78,-27,37,70,-29,32,62,-30,50,89,-17,40,80,-22,35,71,-24,31,62,-25,47,90,-15,39,81,-18,36,73,-20,34,65,-20,43,71,-1,42,61,-2,47,47,-5,51,36,-8,53,26,-10,47,42,-9,61,38,-13,61,45,-13,57,47,-13,47,48,-10,63,47,-14,61,53,-13,56,54,-13,49,56,-12,65,56,-16,62,61,-14,56,61,-12,51,64,-14,62,64,-17,62,66,-17,59,65,-17,HELP
66,94,0,71,83,-8,73,71,-15,75,61,-20,81,54,-24,64,77,-21,56,69,-28,51,61,-31,46,54,-33,56,84,-19,44,77,-25,38,68,-28,32,60,-29,50,87,-16,40,79,-22,35,70,-24,31,62,-25,47,89,-14,40,80,-18,36,73,-19,34,65,-20,43,70,-1,43,60,-2,48,47,-5,52,36,-8,53,26,-10,47,41,-9,61,38,-14,60,45,-14,56,47,-14,47,47,-11,64,47,-15,61,53,-14,56,54,-13,49,55,-13,65,56,-17,61,61,-14,56,60,-13,51,63,-15,62,63,-18,61,66,-17,57,65,-17,HELP
65,94,0,70,83,-8,73,72,-14,75,62,-18,81,55,-23,64,77,-19,56,70,-25,51,62,-29,47,55,-31,56,84,-17,44,77,-23,38,69,-25,33,61,-26,50,87,-15,40,79,-19,35,70,-21,31,62,-22,46,89,-13,40,80,-16,37,72,-17,35,64,-18,43,70,-1,44,61,-2,49,47,-5,54,37,-7,54,26,-9,48,41,-9,62,39,-14,61,45,-16,56,47,-16,48,47,-11,64,47,-17,61,53,-16,55,53,-16,48,54,-14,65,56,-18,61,61,-16,55,60,-15,50,62,-16,62,63,-19,60,65,-19,56,64,-19,HELP
66,94,0,71,83,-8,73,72,-15,76,62,-20,81,56,-25,65,79,-21,57,71,-28,52,63,-32,48,55,-34,57,85,-19,45,78,-26,39,70,-28,34,61,-29,51,89,-17,41,81,-22,36,71,-24,32,63,-26,48,90,-15,41,82,-19,39,74,-20,37,66,-21,43,70,-1,45,60,-2,50,47,-5,54,37,-8,55,27,-10,48,40,-10,63,39,-15,62,46,-16,57,47,-16,48,47,-11,65,47,-16,62,54,-15,57,54,-14,49,55,-13,65,56,-17,62,61,-15,57,61,-13,50,63,-15,62,64,-18,61,66,-17,57,65,-17,HELP
67,95,0,71,85,-8,74,73,-14,76,64,-18,82,57,-23,64,79,-18,57,72,-25,52,65,-28,48,58,-30,57,85,-17,46,78,-22,39,70,-25,35,62,-26,51,88,-15,42,81,-19,37,72,-21,33,64,-23,48,89,-13,41,82,-16,38,75,-18,36,68,-19,44,70,-1,45,59,-2,50,46,-4,54,36,-7,55,27,-8,49,41,-9,64,39,-13,63,45,-14,58,47,-15,49,48,-10,66,48,-15,63,53,-14,58,54,-13,50,57,-12,66,57,-16,63,61,-14,57,60,-12,52,65,-14,63,66,-17,61,67,-16,57,66,-15,HELP
68,95,0,72,84,-8,74,73,-14,76,64,-18,82,58,-23,64,80,-18,57,73,-24,52,66,-27,48,58,-29,57,86,-16,46,80,-22,41,72,-24,37,64,-25,52,89,-14,43,83,-19,38,75,-21,35,68,-22,49,90,-12,42,84,-16,39,77,-17,36,71,-18,44,69,-1,45,58,-2,50,45,-4,54,36,-7,55,27,-9,49,41,-10,64,39,-14,63,45,-14,59,47,-14,49,49,-11,66,48,-15,63,53,-14,58,54,-13,50,57,-13,66,57,-16,63,61,-14,59,61,-12,52,66,-15,64,66,-17,62,68,-16,58,67,-15,HELP
68,94,0,72,83,-8,74,72,-14,77,64,-19,83,58,-24,64,79,-18,57,74,-25,52,66,-28,49,58,-30,57,85,-16,47,80,-23,42,71,-25,39,63,-26,52,88,-15,42,83,-20,38,74,-22,36,66,-22,49,90,-13,42,84,-17,39,77,-18,36,70,-19,44,69,-1,45,58,-2,50,45,-4,55,36,-6,56,27,-8,50,41,-8,64,39,-13,64,45,-13,59,47,-13,50,48,-10,66,47,-13,64,53,-12,59,53,-12,51,57,-11,66,56,-14,64,60,-12,59,60,-11,53,65,-13,65,66,-15,63,67,-14,58,66,-13,HELP
69,93,0,73,84,-8,75,73,-15,77,64,-20,83,58,-25,65,79,-19,57,75,-26,52,66,-29,49,58,-31,58,85,-17,48,81,-23,43,72,-25,41,63,-26,53,89,-15,43,84,-20,39,75,-22,38,67,-23,50,91,-14,42,86,-18,39,79,-19,36,72,-20,45,70,-1,46,59,-2,51,46,-5,55,36,-7,56,27,-9,49,42,-9,64,39,-14,63,45,-14,59,47,-14,50,50,-11,66,47,-14,64,52,-13,59,53,-12,51,58,-12,67,56,-15,64,60,-12,60,61,-11,54,67,-13,66,66,-15,64,68,-14,60,68,-13,HELP
69,94,0,73,84,-9,75,73,-15,78,64,-21,83,57,-26,66,80,-20,58,75,-27,53,67,-31,50,59,-33,58,86,-18,48,82,-24,43,73,-26,40,65,-28,53,89,-16,44,84,-21,39,75,-23,37,67,-23,50,90,-14,42,85,-18,39,78,-19,36,71,-20,44,69,-1,45,58,-2,50,45,-4,54,36,-6,55,27,-8,49,42,-8,64,39,-12,63,45,-13,59,47,-13,50,50,-10,66,47,-13,64,53,-12,59,54,-11,52,58,-11,67,56,-14,64,60,-11,60,61,-10,54,66,-12,66,66,-14,64,68,-13,60,68,-12,HELP
69,94,0,73,84,-8,75,72,-15,78,63,-20,84,57,-25,66,80,-19,59,75,-26,54,67,-30,51,59,-32,59,87,-18,48,82,-24,43,73,-26,39,64,-27,54,91,-16,44,84,-21,39,75,-23,36,68,-24,50,92,-14,43,86,-18,40,78,-20,37,70,-20,45,69,-1,46,58,-2,50,45,-4,54,35,-6,55,26,-7,49,42,-8,64,39,-12,63,45,-13,59,47,-13,50,50,-10,66,47,-13,64,52,-11,59,54,-11,52,58,-11,67,56,-13,64,60,-11,60,60,-9,54,66,-12,66,64,-13,64,67,-12,60,67,-11,HELP
69,94,0,73,83,-9,75,72,-17,78,63,-23,84,56,-29,66,80,-22,59,74,-30,54,67,-34,50,59,-37,59,87,-20,50,82,-28,44,74,-32,39,66,-34,54,92,-18,45,86,-25,39,78,-29,35,71,-30,50,93,-17,42,88,-22,38,83,-24,34,76,-26,45,69,-1,46,58,-2,50,45,-5,54,36,-7,54,27,-8,49,43,-9,64,39,-14,63,45,-14,59,47,-14,50,51,-11,66,48,-14,64,53,-13,59,54,-12,52,60,-12,67,57,-15,65,61,-13,60,62,-12,54,68,-13,66,68,-16,66,71,-15,64,71,-15,HELP
69,93,0,73,82,-10,75,70,-18,78,61,-24,84,55,-30,67,80,-24,59,75,-33,54,68,-37,49,61,-40,59,87,-22,50,84,-30,44,76,-33,38,69,-35,54,91,-19,45,88,-26,40,80,-29,35,74,-32,50,93,-17,43,90,-22,38,86,-26,34,80,-28,46,70,-1,46,59,-2,50,46,-5,53,36,-7,54,26,-8,49,43,-9,63,39,-13,63,45,-14,59,47,-14,50,51,-10,66,47,-14,64,52,-13,59,54,-12,51,59,-12,67,56,-14,64,60,-12,60,61,-11,54,67,-13,66,66,-15,64,69,-14,60,69,-13,HELP
69,94,0,73,83,-10,75,71,-19,78,62,-25,84,55,-32,67,80,-26,60,75,-36,55,68,-40,50,61,-43,60,88,-24,50,84,-32,43,76,-35,38,69,-37,54,92,-21,45,87,-28,39,79,-30,35,72,-32,51,93,-19,43,88,-24,39,81,-26,36,74,-28,45,70,-1,45,59,-2,49,46,-4,53,36,-6,54,28,-8,49,43,-9,63,40,-13,63,45,-14,59,48,-14,49,51,-10,66,48,-14,64,53,-13,59,55,-12,51,59,-12,66,57,-15,64,61,-12,59,62,-11,53,67,-13,65,66,-15,63,69,-14,59,69,-13,HELP
69,95,0,73,84,-8,75,72,-15,77,63,-21,84,56,-26,67,81,-21,60,75,-29,55,68,-33,50,61,-35,60,88,-20,50,85,-26,43,78,-29,38,71,-31,55,93,-18,45,88,-23,39,80,-26,34,73,-27,51,94,-16,44,88,-20,39,81,-22,35,75,-24,44,70,-1,45,59,-2,49,46,-4,53,36,-6,54,28,-7,49,43,-8,63,39,-12,63,45,-13,58,47,-13,50,50,-10,65,47,-13,63,52,-12,59,54,-11,51,58,-11,66,56,-14,64,60,-12,59,61,-10,54,66,-13,65,65,-14,63,68,-13,59,68,-12,HELP
69,94,0,72,83,-8,74,72,-14,77,63,-19,84,57,-24,65,80,-19,58,75,-25,54,68,-29,49,61,-31,58,87,-17,49,84,-23,43,76,-26,39,69,-27,53,91,-15,44,87,-21,39,79,-24,35,72,-25,50,92,-14,43,87,-18,38,81,-20,35,75,-21,44,70,-1,45,59,-2,50,45,-4,53,36,-6,54,27,-7,49,42,-8,63,39,-12,63,45,-13,59,47,-13,50,50,-10,65,47,-13,63,52,-12,59,54,-11,51,58,-11,66,56,-14,64,60,-12,59,61,-10,53,66,-13,65,65,-14,63,68,-13,59,69,-12,HELP
69,95,0,73,84,-8,75,72,-15,78,63,-20,84,57,-25,66,79,-19,59,75,-25,53,68,-29,49,61,-31,59,87,-17,49,83,-23,43,75,-26,38,68,-28,54,91,-16,44,86,-21,39,78,-24,35,71,-25,51,93,-14,43,87,-18,39,80,-20,36,73,-21,45,70,-1,45,59,-2,49,46,-4,53,36,-7,54,27,-8,49,43,-9,63,39,-13,63,45,-14,58,47,-14,49,50,-11,66,47,-14,63,53,-13,59,54,-12,51,58,-12,66,56,-15,64,61,-13,59,62,-11,53,67,-13,65,67,-15,64,69,-14,60,69,-14,HELP
68,95,0,72,84,-8,74,73,-14,77,64,-18,83,57,-23,65,80,-17,57,75,-23,52,68,-27,49,61,-29,57,86,-16,48,82,-21,42,74,-23,38,67,-25,52,90,-14,43,85,-19,39,77,-21,36,69,-22,50,92,-13,42,86,-16,38,80,-18,35,73,-19,44,70,-1,44,59,-2,49,46,-4,53,36,-7,54,26,-8,48,43,-9,63,39,-13,63,45,-13,58,47,-13,49,50,-10,65,47,-13,63,53,-12,59,54,-11,51,58,-11,66,57,-14,64,61,-11,59,61,-10,53,66,-13,65,66,-14,64,68,-13,61,68,-12,HELP
68,94,0,72,83,-8,74,72,-14,77,62,-18,83,56,-23,64,80,-18,57,74,-24,52,67,-27,49,59,-29,57,86,-16,47,81,-22,42,73,-23,39,65,-24,52,90,-14,43,84,-19,39,75,-20,37,67,-21,49,91,-13,42,85,-16,39,78,-18,37,71,-18,44,71,-1,45,59,-2,49,46,-4,53,35,-7,53,26,-8,49,43,-9,63,39,-13,62,45,-13,58,47,-12,49,50,-10,65,47,-13,63,53,-12,58,54,-11,51,59,-12,66,57,-14,64,61,-12,59,61,-10,53,67,-13,65,66,-15,65,68,-14,62,68,-14,HELP
69,95,0,73,84,-7,74,73,-13,77,64,-17,83,57,-22,63,79,-15,56,73,-21,51,66,-24,48,58,-25,56,86,-14,47,80,-18,42,72,-19,39,64,-20,52,90,-12,43,83,-15,40,75,-16,38,67,-17,50,91,-11,43,85,-13,40,78,-14,38,72,-14,43,71,-1,44,60,-2,49,46,-4,53,36,-6,55,26,-8,48,43,-8,63,39,-12,63,45,-12,58,47,-12,49,50,-10,65,48,-12,63,53,-11,59,54,-10,51,58,-11,66,57,-13,64,61,-11,59,62,-10,53,66,-12,65,66,-14,63,69,-13,60,68,-12,HELP
69,93,0,73,83,-8,75,72,-13,77,63,-18,83,56,-23,65,79,-17,57,73,-23,52,66,-26,48,58,-28,58,85,-15,48,81,-21,43,73,-22,40,65,-23,53,90,-14,44,85,-18,40,76,-19,38,68,-20,51,91,-12,43,86,-15,40,80,-17,38,73,-17,43,72,-1,44,60,-2,49,46,-4,54,36,-6,56,26,-8,48,42,-8,63,39,-12,63,45,-12,58,48,-11,49,50,-10,65,48,-12,63,54,-11,59,55,-10,51,59,-11,67,57,-13,64,62,-10,59,62,-9,54,67,-12,65,66,-14,64,69,-12,61,69,-12,HELP
69,92,0,72,82,-7,74,71,-13,77,63,-17,83,56,-21,64,78,-16,56,72,-21,51,64,-24,48,57,-26,57,85,-14,47,81,-19,43,73,-20,40,65,-21,53,90,-13,44,84,-16,40,76,-17,39,68,-18,50,91,-11,43,86,-14,40,80,-15,38,73,-15,44,72,-1,44,61,-2,48,46,-4,53,36,-6,55,26,-7,48,42,-7,63,39,-11,62,45,-11,58,48,-11,49,49,-8,65,47,-11,63,53,-10,59,54,-9,51,57,-10,66,56,-12,64,60,-9,59,61,-8,54,65,-11,66,63,-12,64,67,-11,60,68,-9,HELP
68,93,0,73,82,-8,74,71,-15,77,62,-20,83,56,-25,64,78,-19,56,71,-25,51,63,-29,48,56,-30,57,85,-17,47,79,-22,42,70,-24,40,61,-25,52,89,-15,43,82,-19,39,73,-20,38,65,-21,50,90,-13,42,85,-16,39,78,-17,37,71,-18,43,72,-1,44,60,-1,48,46,-4,53,36,-6,56,26,-7,48,42,-8,63,38,-11,62,45,-11,57,48,-11,49,49,-9,65,47,-12,63,53,-10,58,54,-10,51,57,-11,66,55,-13,64,61,-10,59,61,-9,53,65,-13,65,64,-14,64,67,-13,60,67,-12,HELP
69,94,0,73,83,-8,75,72,-14,77,62,-19,82,55,-24,66,77,-18,57,71,-25,51,64,-28,47,56,-30,59,84,-16,48,78,-22,42,69,-24,39,61,-25,54,89,-15,44,83,-19,39,73,-21,37,65,-22,51,91,-14,43,86,-17,39,79,-19,36,72,-19,44,72,-1,43,61,-2,48,46,-4,53,36,-6,55,26,-7,48,42,-7,63,38,-10,62,45,-11,57,47,-10,49,49,-8,65,47,-11,63,53,-10,58,55,-10,51,56,-9,66,55,-12,64,60,-10,59,61,-9,54,64,-11,66,62,-12,65,66,-11,61,67,-10,HELP
68,93,0,72,82,-7,74,70,-13,77,61,-18,82,55,-23,66,77,-18,58,70,-24,52,62,-28,48,55,-30,60,85,-16,49,78,-22,43,69,-24,39,61,-26,54,89,-15,44,82,-20,39,73,-22,36,65,-23,51,91,-14,43,84,-17,39,78,-19,36,70,-20,44,72,-1,44,61,-2,48,47,-5,54,36,-7,56,26,-9,48,42,-8,63,38,-13,62,45,-13,57,47,-13,49,49,-10,65,48,-14,63,53,-14,58,55,-13,50,57,-11,66,57,-15,63,61,-13,58,61,-12,53,64,-13,65,64,-16,65,65,-16,64,64,-16,HELP
68,94,0,72,82,-7,74,70,-12,76,61,-17,81,54,-21,67,78,-17,58,69,-23,52,62,-26,48,54,-28,60,85,-16,48,78,-21,42,69,-23,38,61,-24,55,90,-15,45,82,-19,39,73,-21,36,65,-22,52,92,-14,44,85,-17,40,78,-18,37,71,-19,44,71,-1,44,60,-2,49,46,-4,53,36,-6,55,27,-7,48,41,-7,63,38,-12,62,45,-13,57,47,-13,49,48,-9,65,47,-13,62,52,-12,57,53,-12,51,56,-10,66,56,-14,63,60,-12,58,60,-11,53,64,-12,65,63,-14,63,66,-14,60,66,-13,HELP
68,93,0,72,82,-7,74,71,-12,75,61,-16,79,52,-20,66,77,-16,58,69,-22,52,61,-25,48,54,-26,59,84,-15,48,78,-20,42,69,-22,38,61,-23,54,88,-13,44,82,-18,39,73,-19,36,65,-20,50,90,-12,42,84,-15,38,77,-17,35,70,-17,43,70,-1,43,60,-2,48,46,-4,53,36,-7,55,27,-9,49,41,-8,63,38,-13,62,45,-13,57,46,-13,49,48,-10,65,47,-15,62,53,-14,57,53,-14,50,56,-12,66,56,-16,63,61,-14,57,60,-13,52,64,-14,65,65,-17,66,66,-17,65,63,-17,HELP
68,93,0,72,82,-7,74,71,-13,74,60,-17,77,51,-21,65,77,-17,57,70,-23,51,62,-26,47,54,-28,59,84,-15,48,79,-20,42,70,-22,38,62,-23,54,89,-13,44,82,-18,39,73,-19,36,65,-20,50,90,-12,43,84,-15,39,77,-17,36,70,-17,44,70,-1,44,60,-2,50,48,-4,56,37,-6,57,27,-7,48,42,-7,62,37,-11,63,44,-11,59,47,-11,49,48,-9,64,46,-12,63,53,-11,58,54,-11,51,55,-10,66,55,-13,64,61,-12,59,60,-11,54,63,-12,65,64,-14,66,66,-14,63,65,-14,HELP
68,92,0,73,82,-8,75,71,-15,75,60,-20,77,51,-24,66,77,-20,57,70,-27,52,63,-30,48,55,-33,59,84,-18,48,78,-24,42,69,-27,38,61,-28,54,89,-16,44,82,-21,39,73,-24,36,64,-25,50,91,-14,43,84,-19,38,77,-20,35,70,-22,43,70,-1,44,60,-2,49,47,-4,54,37,-6,54,26,-8,48,42,-8,62,39,-12,62,45,-13,57,46,-13,49,48,-9,64,47,-13,63,53,-13,58,54,-13,50,56,-11,66,56,-14,64,61,-13,58,60,-12,53,64,-13,65,64,-15,63,67,-14,59,66,-14,HELP
68,92,0,73,82,-8,74,70,-14,75,60,-19,78,51,-24,66,78,-19,57,71,-25,52,63,-29,48,56,-31,59,85,-17,48,80,-23,42,71,-25,39,62,-26,54,89,-15,44,83,-20,39,74,-23,36,66,-24,50,91,-14,43,85,-18,39,78,-19,36,71,-20,44,71,-1,43,60,-2,48,46,-4,52,35,-6,52,26,-7,48,42,-8,63,38,-12,62,44,-12,57,47,-12,49,49,-10,65,47,-13,63,53,-12,58,54,-12,51,57,-11,66,56,-14,64,61,-12,58,61,-11,54,65,-12,65,65,-15,65,67,-14,62,66,-14,HELP
69,92,0,73,82,-10,75,70,-18,76,59,-24,78,49,-29,67,78,-24,58,72,-33,53,64,-37,48,56,-40,59,85,-22,48,79,-30,43,71,-32,39,62,-33,54,89,-19,44,82,-26,39,73,-27,36,65,-28,50,90,-17,43,84,-22,39,76,-24,36,68,-25,44,71,-1,44,60,-2,48,47,-4,52,36,-7,53,26,-8,48,42,-9,63,38,-13,62,45,-13,57,47,-13,49,48,-11,65,47,-15,63,54,-14,58,55,-13,51,57,-12,66,56,-16,64,61,-14,58,61,-13,54,65,-14,65,65,-16,64,67,-16,60,66,-16,HELP
68,92,0,73,81,-11,75,70,-19,76,59,-25,79,48,-31,67,78,-25,58,71,-34,53,63,-39,48,56,-41,58,85,-23,47,79,-31,42,70,-33,37,61,-34,53,89,-20,43,82,-26,38,73,-28,35,65,-30,49,90,-18,42,84,-22,39,76,-25,36,69,-26,43,71,-1,44,61,-2,49,47,-5,53,36,-8,54,26,-9,48,42,-10,63,38,-14,62,45,-15,58,47,-15,49,49,-11,65,48,-16,63,54,-16,57,54,-15,51,57,-13,66,57,-17,64,62,-15,58,61,-14,54,65,-15,65,64,-18,65,66,-17,62,64,-17,HELP
69,93,0,73,81,-11,75,69,-19,76,58,-25,80,48,-32,67,78,-25,58,71,-35,53,63,-39,48,56,-42,59,85,-23,49,80,-32,43,71,-35,38,63,-37,54,90,-21,44,84,-28,39,75,-31,35,67,-33,50,91,-19,43,85,-24,40,78,-27,37,70,-29,43,71,-1,43,60,-2,48,46,-5,53,36,-8,53,26,-10,49,41,-10,63,38,-14,62,45,-15,58,47,-16,49,49,-11,65,48,-17,63,54,-17,57,55,-16,51,57,-13,66,57,-17,63,62,-16,57,61,-15,54,65,-15,64,64,-18,64,65,-18,62,62,-18,HELP
69,93,0,73,81,-9,75,69,-16,76,58,-22,81,49,-27,66,78,-22,58,71,-29,53,64,-33,48,56,-35,59,85,-20,49,80,-27,43,72,-29,38,63,-31,54,90,-17,44,84,-23,39,75,-26,35,68,-27,50,91,-16,43,85,-20,39,78,-22,36,71,-23,44,71,-1,44,60,-2,49,47,-5,53,36,-7,54,26,-9,48,42,-9,63,38,-13,62,45,-14,58,47,-14,49,49,-10,65,47,-15,63,53,-14,58,54,-14,51,57,-12,67,57,-16,64,61,-15,58,60,-13,54,65,-14,65,65,-17,66,65,-17,64,63,-17,HELP
69,94,0,73,82,-9,75,69,-15,76,58,-20,81,49,-26,66,78,-20,58,71,-27,52,64,-31,48,56,-33,58,85,-18,48,80,-24,42,71,-27,38,63,-28,53,90,-16,44,84,-22,39,75,-24,35,67,-25,50,92,-15,43,87,-19,39,80,-21,36,72,-22,44,71,-1,44,61,-3,49,47,-5,54,36,-8,55,26,-9,48,42,-9,63,38,-13,62,45,-14,58,47,-13,49,49,-10,65,47,-14,63,53,-13,59,54,-13,51,58,-11,67,57,-14,64,61,-13,59,61,-11,54,66,-13,66,65,-15,66,66,-15,64,64,-15,HELP
68,93,0,72,82,-8,74,69,-13,76,59,-18,82,50,-22,65,78,-17,56,71,-23,52,64,-26,48,57,-28,58,85,-15,48,80,-20,43,72,-22,39,65,-23,53,89,-13,45,84,-18,40,76,-19,37,68,-20,50,92,-12,44,86,-15,40,79,-16,38,72,-17,43,72,-1,44,61,-2,49,47,-4,54,36,-6,56,26,-8,48,42,-8,63,38,-12,63,45,-12,58,47,-12,49,49,-9,65,47,-12,64,53,-11,59,54,-11,51,57,-11,67,56,-13,64,61,-11,59,61,-10,54,65,-12,66,63,-14,65,67,-13,61,66,-12,HELP
69,93,0,73,82,-7,74,70,-13,76,59,-17,81,50,-22,65,78,-17,57,73,-23,53,65,-26,49,58,-28,58,85,-15,48,81,-21,43,73,-23,39,65,-24,53,89,-14,44,84,-18,40,75,-20,37,67,-21,50,91,-12,43,85,-16,39,78,-17,37,71,-17,44,73,-1,44,61,-2,49,47,-4,54,37,-6,56,26,-8,47,43,-8,62,37,-12,63,44,-12,58,47,-12,49,50,-10,65,46,-12,64,53,-11,59,54,-10,51,58,-11,66,56,-13,65,61,-10,60,61,-9,54,66,-13,66,64,-14,65,67,-12,61,68,-11,HELP
69,93,0,73,82,-8,75,70,-15,76,59,-20,81,50,-25,66,79,-20,58,74,-27,53,66,-30,49,58,-33,59,86,-18,49,82,-24,44,74,-27,39,66,-28,54,90,-16,45,86,-21,40,77,-23,37,69,-25,51,91,-14,43,86,-18,40,79,-20,37,72,-21,44,73,-1,44,62,-2,49,48,-4,54,37,-7,56,26,-8,48,43,-9,62,37,-13,63,44,-12,59,47,-11,49,50,-11,65,47,-13,64,54,-12,59,55,-11,51,58,-12,67,56,-15,65,61,-12,60,62,-11,55,67,-14,66,64,-15,66,66,-15,63,66,-14,HELP
69,93,0,73,82,-9,75,70,-16,76,60,-22,80,50,-27,65,78,-21,58,73,-29,53,66,-33,48,58,-35,58,85,-19,49,81,-26,44,73,-28,40,65,-29,53,89,-17,45,85,-22,40,76,-24,38,69,-25,50,91,-15,43,86,-19,40,79,-21,38,72,-22,44,73,-1,45,62,-2,49,48,-4,54,37,-6,56,26,-8,48,42,-8,62,37,-12,62,44,-12,58,47,-12,49,49,-9,65,46,-12,63,53,-11,58,54,-11,51,57,-11,66,55,-13,64,61,-11,59,61,-10,55,65,-12,66,63,-14,65,66,-13,62,66,-12,HELP
69,92,0,73,81,-9,75,70,-16,76,59,-21,80,50,-26,66,79,-20,58,73,-28,53,65,-31,49,57,-34,59,86,-18,49,82,-25,43,74,-27,39,65,-29,54,90,-16,45,86,-22,40,77,-24,36,70,-25,51,92,-14,44,87,-18,40,81,-20,37,74,-21,44,74,-1,44,63,-3,49,48,-5,54,37,-7,56,26,-9,48,42,-9,62,37,-13,62,45,-14,57,47,-14,49,49,-10,65,47,-14,63,54,-13,58,55,-13,51,58,-11,67,56,-14,64,62,-12,58,62,-11,54,66,-13,66,63,-15,65,66,-14,61,66,-13,HELP
69,92,0,73,82,-9,75,70,-17,76,60,-23,80,50,-29,66,78,-22,58,72,-30,53,65,-34,48,57,-37,59,86,-20,49,81,-27,43,73,-30,39,65,-32,54,90,-18,45,85,-24,40,76,-26,36,68,-28,51,91,-16,44,86,-21,40,80,-23,37,73,-24,46,75,-1,46,65,-3,51,49,-5,56,37,-7,57,25,-8,48,43,-8,62,37,-12,62,44,-13,58,47,-12,49,49,-9,65,46,-13,63,54,-13,58,55,-12,51,57,-10,67,55,-14,64,61,-12,58,61,-11,55,64,-12,66,61,-14,65,63,-14,62,62,-13,HELP
68,92,0,73,81,-10,75,69,-17,76,58,-23,80,49,-29,66,77,-23,58,71,-31,53,64,-35,48,57,-37,59,85,-21,49,81,-28,43,73,-31,39,65,-33,53,89,-18,44,85,-24,39,76,-27,37,69,-29,50,91,-16,43,86,-21,39,80,-23,37,73,-24,48,78,-1,48,67,-3,51,51,-6,56,39,-8,57,27,-10,48,44,-10,62,38,-15,62,44,-15,57,47,-16,49,51,-11,65,47,-16,63,54,-16,58,55,-15,51,60,-12,67,58,-17,64,63,-16,57,62,-15,55,69,-14,66,65,-18,65,64,-18,61,60,-18,HELP
69,92,0,72,81,-8,74,69,-15,76,58,-20,81,50,-25,66,78,-20,58,72,-27,53,65,-31,49,57,-33,59,86,-18,48,81,-25,42,73,-27,38,65,-28,54,90,-16,44,85,-21,40,76,-23,37,68,-24,51,92,-15,43,86,-18,40,79,-19,38,72,-20,50,81,-1,54,72,-5,58,56,-8,61,42,-10,61,29,-12,51,51,-9,64,44,-15,63,51,-17,58,53,-17,50,54,-9,66,49,-15,63,57,-15,58,58,-15,51,59,-10,66,56,-16,64,62,-15,58,62,-13,52,64,-11,63,59,-15,62,59,-15,59,56,-15,HELP
69,93,0,73,82,-9,75,69,-16,76,59,-21,80,49,-26,66,78,-21,58,72,-28,53,65,-32,49,57,-35,59,85,-19,48,81,-25,43,73,-27,39,66,-29,53,89,-16,44,84,-22,39,76,-24,36,68,-25,50,91,-15,43,85,-18,39,78,-20,37,71,-21,60,86,-1,64,75,-8,66,58,-13,68,45,-16,69,32,-19,60,59,-17,67,50,-25,63,52,-27,55,50,-28,57,67,-17,65,60,-26,59,62,-28,52,59,-28,54,74,-16,62,68,-25,56,67,-26,49,63,-26,52,80,-16,56,71,-23,53,66,-25,48,60,-26,HELP
